Byzantine.lus,multi-property
ByzantineReal.lus,multi-property
channel_bounds.lus,multi-property
channel_str.lus,multi-property
channel_top.lus,multi-property
channel.lus,multi-property
Clock.lus,multi-property
CollisionAvoidance.lus,multi-property
CruiseControllerCrv.lus,multi-property
DeepTaxi.lus,multi-property
DeliveryDrone.lus,multi-property
FCS.lus,multi-property
functionalChain_bounds_large.lus,multi-property
functionalChain_bounds_medium.lus,multi-property
functionalChain_bounds_small.lus,multi-property
functionalChain_str_large.lus,multi-property
functionalChain_str_medium.lus,multi-property
functionalChain_str_small.lus,multi-property
HacmsTiming.lus,multi-property
Mode_Logic.lus,multi-property
MultipleFanInToEventPort.lus,multi-property
MultipleFanInToPort.lus,multi-property
QuasiTest.lus,multi-property
Sentinel.lus,multi-property
SW_1.lus,multi-property
SW_props_no_lits.lus,multi-property
SW.lus,multi-property
SW2.lus,multi-property
TaxiNet.lus,multi-property
Thermostat.lus,multi-property
TopLevel_v6.lus,multi-property
triplexVoter_bounds.lus,multi-property
triplexVoter_str.lus,multi-property
Uptane.lus,multi-property
WBS.lus,multi-property
XyzToyDos.lus,multi-property
_6counter.lus,single property
_6counter2.lus,single property
_6countern.lus,single property
_6counters_e3_140_e8_149.lus,single property
_6counters_e8_371_e1_448.lus,single property
_6counters_e8_371_e2_80.lus,single property
_6counters_e8_371_e3_224.lus,single property
_6counters_e8_371_e7_304.lus,single property
_6counters.lus,single property
Byzantine__1.lus,single property
Byzantine__2.lus,single property
ByzantineReal__1.lus,single property
ByzantineReal__2.lus,single property
car_1_e7_184_e3_299.lus,single property
car_1.lus,single property
car_2_e7_1027_e1_1047.lus,single property
car_2_e7_1027_e7_359.lus,single property
car_2_e8_491_e7_826.lus,single property
car_2.lus,single property
car_3_e1_586.lus,single property
car_3_e2_695.lus,single property
car_3_e7_626_e1_305.lus,single property
car_3_e7_626.lus,single property
car_3_e8_33_e1_856.lus,single property
car_3_e8_33_e2_1010.lus,single property
car_3_e8_33_e7_220.lus,single property
car_3_e8_33.lus,single property
car_3.lus,single property
car_4_e3_57_e4_1047.lus,single property
car_4_e3_57_e5_999.lus,single property
car_4_e3_57_e6_784.lus,single property
car_4_e3_57.lus,single property
car_4_e7_592_e3_442.lus,single property
car_4_e7_592_e7_265.lus,single property
car_4_e7_592.lus,single property
car_4_e8_118_e3_514.lus,single property
car_4_e8_118_e7_178.lus,single property
car_4_e8_118.lus,single property
car_4.lus,single property
car_5_e2_405_e2_1083.lus,single property
car_5_e2_405_e3_473.lus,single property
car_5_e2_405_e8_1055.lus,single property
car_5_e3_11_e1_429.lus,single property
car_5_e3_11_e5_24.lus,single property
car_5_e3_661.lus,single property
car_5_e7_244_e1_823.lus,single property
car_5_e7_244_e2_693.lus,single property
car_5_e7_244_e3_1071.lus,single property
car_5_e7_244.lus,single property
car_5.lus,single property
car_6_e1_152_e1_391.lus,single property
car_6_e1_152.lus,single property
car_6_e2_589_e2_506.lus,single property
car_6_e2_589_e3_349.lus,single property
car_6_e2_893.lus,single property
car_6_e3_294_e1_956.lus,single property
car_6_e3_294_e3_47.lus,single property
car_6_e3_294_e5_979.lus,single property
car_6.lus,single property
car_all_e1_618_e3_303.lus,single property
car_all_e1_618.lus,single property
car_all_e2_142_e7_209.lus,single property
car_all_e2_142.lus,single property
car_all_e3_1068_e1_178.lus,single property
car_all_e3_1068_e2_13.lus,single property
car_all_e3_1068_e3_163.lus,single property
car_all_e3_1068_e4_275.lus,single property
car_all_e3_1068_e5_882.lus,single property
car_all_e3_1068.lus,single property
car_all_e7_188_e7_743.lus,single property
car_all_e8_856_e1_217.lus,single property
car_all_e8_856_e2_585.lus,single property
car_all_e8_856_e3_180.lus,single property
car_all_e8_856_e7_578.lus,single property
car_all_e8_856.lus,single property
car_all.lus,single property
ccp01.lus,single property
ccp02.lus,single property
ccp03.lus,single property
ccp04.lus,single property
ccp05.lus,single property
ccp06.lus,single property
ccp07.lus,single property
ccp08.lus,single property
ccp09.lus,single property
ccp10.lus,single property
ccp11.lus,single property
ccp12.lus,single property
ccp13.lus,single property
ccp14.lus,single property
ccp15.lus,single property
ccp16.lus,single property
ccp17.lus,single property
ccp18.lus,single property
ccp19.lus,single property
ccp20.lus,single property
ccp21.lus,single property
ccp22.lus,single property
ccp23.lus,single property
ccp24.lus,single property
cd_e7_621_e7_669.lus,single property
cd_e7_8.lus,single property
cd.lus,single property
Clock__1.lus,single property
Clock__2.lus,single property
Clock__3.lus,single property
CollisionAvoidance__1.lus,single property
CollisionAvoidance__2.lus,single property
CollisionAvoidance__3.lus,single property
CollisionAvoidance__4.lus,single property
CollisionAvoidance__5.lus,single property
CollisionAvoidance__6.lus,single property
CollisionAvoidance__7.lus,single property
controlLaw.lus,single property
cruise_controller_01.lus,single property
cruise_controller_02.lus,single property
cruise_controller_03.lus,single property
cruise_controller_04.lus,single property
cruise_controller_05.lus,single property
cruise_controller_06.lus,single property
cruise_controller_07.lus,single property
cruise_controller_08.lus,single property
cruise_controller_09.lus,single property
cruise_controller_10.lus,single property
cruise_controller_11.lus,single property
cruise_controller_12.lus,single property
cruise_controller_13.lus,single property
cruise_controller_14.lus,single property
cruise_controller_15.lus,single property
cruise_controller_16.lus,single property
cruise_controller_17.lus,single property
cruise_controller_18.lus,single property
cruise_controller_19.lus,single property
cruise_controller_20.lus,single property
cruise_controller_21.lus,single property
cruise_controller_22.lus,single property
cruise_controller_23.lus,single property
cruise_controller_24.lus,single property
CruiseControllerCrv__1.lus,single property
CruiseControllerCrv__10.lus,single property
CruiseControllerCrv__11.lus,single property
CruiseControllerCrv__12.lus,single property
CruiseControllerCrv__2.lus,single property
CruiseControllerCrv__3.lus,single property
CruiseControllerCrv__4.lus,single property
CruiseControllerCrv__5.lus,single property
CruiseControllerCrv__6.lus,single property
CruiseControllerCrv__7.lus,single property
CruiseControllerCrv__8.lus,single property
CruiseControllerCrv__9.lus,single property
DeepTaxi__1.lus,single property
DeepTaxi__2.lus,single property
DeliveryDrone__1.lus,single property
DeliveryDrone__2.lus,single property
DeliveryDrone__3.lus,single property
DeliveryDrone__4.lus,single property
DeliveryDrone__5.lus,single property
DeliveryDrone__6.lus,single property
DeliveryDrone__7.lus,single property
DRAGON_1_e1_14612_e1_268_e7_501.lus,single property
DRAGON_1_e1_14612_e2_2653_e7_4370.lus,single property
DRAGON_1_e1_3184_e7_1888.lus,single property
DRAGON_1_e1_5070.lus,single property
DRAGON_1_e2_1997_e7_3613_e2_3409.lus,single property
DRAGON_1_e2_1997.lus,single property
DRAGON_1_e3_11891_e7_4569_e4_4881.lus,single property
DRAGON_1.lus,single property
DRAGON_10_e1_3587_e3_2749.lus,single property
DRAGON_10_e1_3587_e7_872.lus,single property
DRAGON_10_e1_998.lus,single property
DRAGON_10_e2_2785_e3_1744.lus,single property
DRAGON_10_e2_402.lus,single property
DRAGON_10_e3_144_e5_2046.lus,single property
DRAGON_10_e3_144_e7_523.lus,single property
DRAGON_10_e3_3429.lus,single property
DRAGON_10_e7_3861_e2_1020.lus,single property
DRAGON_10_e7_3861_e7_2180.lus,single property
DRAGON_10.lus,single property
DRAGON_11_e1_2450_e1_5887.lus,single property
DRAGON_11_e1_2450_e2_1483.lus,single property
DRAGON_11_e1_2450_e3_2330.lus,single property
DRAGON_11_e1_2450_e7_5791.lus,single property
DRAGON_11_e1_2450.lus,single property
DRAGON_11_e2_1678_e1_3565.lus,single property
DRAGON_11_e2_5396_e3_282.lus,single property
DRAGON_11_e3_382_e1_505.lus,single property
DRAGON_11_e3_382_e4_4421.lus,single property
DRAGON_11.lus,single property
DRAGON_12_e1_4640_e7_128.lus,single property
DRAGON_12_e2_1618_e1_6030.lus,single property
DRAGON_12_e2_1618_e2_138.lus,single property
DRAGON_12_e2_1618_e3_2012.lus,single property
DRAGON_12_e2_1618_e7_4732.lus,single property
DRAGON_12_e2_1618.lus,single property
DRAGON_12.lus,single property
DRAGON_13_e3_1418_e3_2761.lus,single property
DRAGON_13_e7_2336_e1_541.lus,single property
DRAGON_13_e7_2336_e2_1255.lus,single property
DRAGON_13_e7_2336_e3_3117.lus,single property
DRAGON_13_e7_2336_e7_685.lus,single property
DRAGON_13_e7_2336.lus,single property
DRAGON_13.lus,single property
DRAGON_14_e1_5710.lus,single property
DRAGON_14_e2_3606.lus,single property
DRAGON_14_e3_1259_e1_5798.lus,single property
DRAGON_14_e3_5120.lus,single property
DRAGON_14_e7_3162_e1_3998.lus,single property
DRAGON_14_e7_3162_e2_753.lus,single property
DRAGON_14_e7_3162_e3_4298.lus,single property
DRAGON_14_e7_3162_e7_3528.lus,single property
DRAGON_14_e7_3162.lus,single property
DRAGON_14.lus,single property
DRAGON_2_e1_2316.lus,single property
DRAGON_2_e2_3183_e1_2644.lus,single property
DRAGON_2_e2_3183_e2_3580.lus,single property
DRAGON_2_e2_3183_e3_5972.lus,single property
DRAGON_2_e2_4481.lus,single property
DRAGON_2_e7_25_e1_154.lus,single property
DRAGON_2_e7_25_e2_5340.lus,single property
DRAGON_2_e7_25_e3_829.lus,single property
DRAGON_2_e7_25_e7_4469.lus,single property
DRAGON_2_e7_25_e8_3171.lus,single property
DRAGON_2_e7_25.lus,single property
DRAGON_2.lus,single property
DRAGON_3_e1_4783_e1_3755.lus,single property
DRAGON_3_e1_4783_e2_158.lus,single property
DRAGON_3_e1_4783_e3_511.lus,single property
DRAGON_3_e1_4783_e7_4070.lus,single property
DRAGON_3_e1_4783.lus,single property
DRAGON_3_e2_5343_e1_988.lus,single property
DRAGON_3_e3_3846.lus,single property
DRAGON_3_e3_5422_e1_2288.lus,single property
DRAGON_3_e3_5422_e2_3135.lus,single property
DRAGON_3_e7_4884.lus,single property
DRAGON_3.lus,single property
DRAGON_4_e1_4312.lus,single property
DRAGON_4_e2_2799_e1_1303.lus,single property
DRAGON_4_e2_2799_e2_2251.lus,single property
DRAGON_4_e2_2799_e3_1915.lus,single property
DRAGON_4_e2_2799_e7_2499.lus,single property
DRAGON_4_e2_2799.lus,single property
DRAGON_4_e3_1540_e1_5048.lus,single property
DRAGON_4_e3_4133.lus,single property
DRAGON_4_e7_2329_e3_4574.lus,single property
DRAGON_4_e7_2329_e7_3856.lus,single property
DRAGON_4_e7_2329.lus,single property
DRAGON_4.lus,single property
DRAGON_5_e1_1835.lus,single property
DRAGON_5_e2_3018_e2_936.lus,single property
DRAGON_5_e7_2017_e1_5832.lus,single property
DRAGON_5_e7_2017_e2_664.lus,single property
DRAGON_5_e7_2017_e3_1763.lus,single property
DRAGON_5_e7_2017_e7_2326.lus,single property
DRAGON_5_e7_2017.lus,single property
DRAGON_5.lus,single property
DRAGON_6_e7_5046_e7_3623.lus,single property
DRAGON_6.lus,single property
DRAGON_7_e2_2872_e2_5844.lus,single property
DRAGON_7_e2_2872_e3_2640.lus,single property
DRAGON_7_e7_3157_e2_2082.lus,single property
DRAGON_7.lus,single property
DRAGON_8_e2_3896_e3_3125.lus,single property
DRAGON_8_e3_786_e7_4541.lus,single property
DRAGON_8_e3_786.lus,single property
DRAGON_8_e7_3752.lus,single property
DRAGON_8.lus,single property
DRAGON_9_e7_1843_e1_5434.lus,single property
DRAGON_9_e7_1843_e2_1145.lus,single property
DRAGON_9_e7_1843_e3_5316.lus,single property
DRAGON_9_e7_1843_e7_2225.lus,single property
DRAGON_9_e7_1843.lus,single property
DRAGON_9.lus,single property
DRAGON_all_e1_4022_e1_1759.lus,single property
DRAGON_all_e1_4022_e2_267.lus,single property
DRAGON_all_e1_4022_e3_3628.lus,single property
DRAGON_all_e1_4022_e7_2886.lus,single property
DRAGON_all_e1_4037.lus,single property
DRAGON_all_e2_6104_e1_6205.lus,single property
DRAGON_all_e2_6104_e2_3308.lus,single property
DRAGON_all_e2_6104_e3_2607.lus,single property
DRAGON_all_e2_6104.lus,single property
DRAGON_all_e3_4821_e1_1318.lus,single property
DRAGON_all_e3_4821_e2_1089.lus,single property
DRAGON_all_e3_4821_e4_1791.lus,single property
DRAGON_all_e3_4821_e5_1536.lus,single property
DRAGON_all_e3_5957.lus,single property
DRAGON_all_e7_1941_e2_6086.lus,single property
DRAGON_all_e7_4065.lus,single property
DRAGON_all.lus,single property
DRAGON_all2_e2_2073_e8_3691.lus,single property
DRAGON_all2_e3_4612_e1_6463.lus,single property
DRAGON_all2_e3_4612_e2_5774.lus,single property
DRAGON_all2_e3_4612_e3_1543.lus,single property
DRAGON_all2_e3_4612_e4_3719.lus,single property
DRAGON_all2_e3_4612_e5_3642.lus,single property
DRAGON_all2_e3_4612_e8_5861.lus,single property
DRAGON_all2_e7_5406_e1_6690.lus,single property
DRAGON_all2_e7_5406_e2_3084.lus,single property
DRAGON_all2_e7_5406_e3_506.lus,single property
DRAGON_all2_e7_5406_e7_6697.lus,single property
DRAGON_all2_e7_5406.lus,single property
DRAGON_all2_e8_4626.lus,single property
DRAGON_all2_e8_5504_e1_4719.lus,single property
DRAGON_all2_e8_5504_e7_579.lus,single property
DRAGON_all2.lus,single property
durationThm_1_e1_350.lus,single property
durationThm_1_e2_3.lus,single property
durationThm_1_e3_389_e4_294.lus,single property
durationThm_1_e3_389_e5_5.lus,single property
durationThm_1_e3_389.lus,single property
durationThm_1_e7_217_e1_89.lus,single property
durationThm_1_e7_217_e2_352.lus,single property
durationThm_1_e7_217_e3_132.lus,single property
durationThm_1_e7_217_e7_31.lus,single property
durationThm_1_e7_217.lus,single property
durationThm_1.lus,single property
durationThm_2_e1_301.lus,single property
durationThm_2_e2_63.lus,single property
durationThm_2_e3_329_e4_1.lus,single property
durationThm_2_e3_329_e5_124.lus,single property
durationThm_2_e3_99.lus,single property
durationThm_2_e7_145_e1_343.lus,single property
durationThm_2_e7_145_e2_169.lus,single property
durationThm_2_e7_145_e3_222.lus,single property
durationThm_2_e7_145_e7_154.lus,single property
durationThm_2_e7_145_e8_73.lus,single property
durationThm_2_e7_149.lus,single property
durationThm_2.lus,single property
durationThm_3_e1_36.lus,single property
durationThm_3_e2_63.lus,single property
durationThm_3_e3_207.lus,single property
durationThm_3_e3_442_e4_165.lus,single property
durationThm_3_e3_442_e5_260.lus,single property
durationThm_3_e7_334_e1_431.lus,single property
durationThm_3_e7_334_e2_62.lus,single property
durationThm_3_e7_334_e3_42.lus,single property
durationThm_3_e7_334_e7_118.lus,single property
durationThm_3_e7_334.lus,single property
durationThm_3.lus,single property
ex3.lus,single property
ex8_e7_74_e7_740.lus,single property
ex8_e7_74_e8_302.lus,single property
ex8_e7_74.lus,single property
ex8_e8_220_e7_249.lus,single property
ex8_e8_220.lus,single property
ex8.lus,single property
fast_1_e7_2044_e7_1287.lus,single property
fast_1_e7_2044.lus,single property
fast_1_e8_747_e7_692.lus,single property
fast_1_e8_747_e8_1041.lus,single property
fast_1_e8_751.lus,single property
fast_1.lus,single property
fast_2_e7_2526_e7_2736.lus,single property
fast_2_e7_2526.lus,single property
fast_2_e8_460_e7_43.lus,single property
fast_2_e8_460_e8_1920.lus,single property
fast_2_e8_976.lus,single property
fast_2.lus,single property
FCS__1.lus,single property
FCS__2.lus,single property
FCS__3.lus,single property
FIREFLY_1_e1_1092_e1_1486.lus,single property
FIREFLY_1_e1_1092_e2_1853.lus,single property
FIREFLY_1_e1_1092_e3_389.lus,single property
FIREFLY_1_e1_1092_e7_1119.lus,single property
FIREFLY_1_e1_1092.lus,single property
FIREFLY_1.lus,single property
FIREFLY_10_e7_919_e2_3192.lus,single property
FIREFLY_10.lus,single property
FIREFLY_11_e1_3457.lus,single property
FIREFLY_11_e3_2076_e1_1270.lus,single property
FIREFLY_11.lus,single property
FIREFLY_2_e3_151_e3_1540.lus,single property
FIREFLY_2.lus,single property
FIREFLY_3_e2_2236_e1_2305.lus,single property
FIREFLY_3_e2_2236_e2_1058.lus,single property
FIREFLY_3_e2_2236_e3_2657.lus,single property
FIREFLY_3_e2_2236_e7_3681.lus,single property
FIREFLY_3_e2_2236.lus,single property
FIREFLY_3.lus,single property
FIREFLY_4_e3_3511_e1_2375.lus,single property
FIREFLY_4_e3_3511_e2_1923.lus,single property
FIREFLY_4_e3_3511_e3_422.lus,single property
FIREFLY_4_e3_3511_e4_1464.lus,single property
FIREFLY_4_e3_3511_e5_3248.lus,single property
FIREFLY_4_e3_3511_e7_3568.lus,single property
FIREFLY_4_e3_3511.lus,single property
FIREFLY_4.lus,single property
FIREFLY_5_e1_2552_e7_1169.lus,single property
FIREFLY_5_e2_2229.lus,single property
FIREFLY_5_e2_2884_e1_2678.lus,single property
FIREFLY_5_e2_2884_e2_1492.lus,single property
FIREFLY_5_e2_2884_e3_1882.lus,single property
FIREFLY_5_e2_2884_e7_3594.lus,single property
FIREFLY_5.lus,single property
FIREFLY_6_e2_3302.lus,single property
FIREFLY_6.lus,single property
FIREFLY_7.lus,single property
FIREFLY_8_e2_1711_e1_1489.lus,single property
FIREFLY_8_e2_1711_e2_2673.lus,single property
FIREFLY_8_e2_1711_e3_1753.lus,single property
FIREFLY_8_e2_1711_e7_1962.lus,single property
FIREFLY_8_e2_1711.lus,single property
FIREFLY_8.lus,single property
FIREFLY_9_e7_170_e3_3647.lus,single property
FIREFLY_9.lus,single property
FIREFLY_a3_e1_3233_e1_3123.lus,single property
FIREFLY_a3_e1_3233_e2_2392.lus,single property
FIREFLY_a3_e1_3233_e3_2970.lus,single property
FIREFLY_a3_e1_3233_e7_906.lus,single property
FIREFLY_a3_e1_3233.lus,single property
FIREFLY_a3_e2_2086_e1_3235.lus,single property
FIREFLY_a3_e2_2086_e2_2689.lus,single property
FIREFLY_a3_e2_2086_e3_2542.lus,single property
FIREFLY_a3_e2_2086_e7_2614.lus,single property
FIREFLY_a3_e2_2952.lus,single property
FIREFLY_a3_e3_314_e1_1979.lus,single property
FIREFLY_a3_e3_314_e2_2812.lus,single property
FIREFLY_a3_e3_314_e4_897.lus,single property
FIREFLY_a3.lus,single property
FIREFLY_all_e1_1207_e1_1201.lus,single property
FIREFLY_all_e1_1207_e2_3220.lus,single property
FIREFLY_all_e1_1207_e3_1928.lus,single property
FIREFLY_all_e1_1207_e7_156.lus,single property
FIREFLY_all_e1_3406.lus,single property
FIREFLY_all_e2_2924_e1_768.lus,single property
FIREFLY_all_e2_2924_e2_1767.lus,single property
FIREFLY_all_e2_2924_e3_3946.lus,single property
FIREFLY_all_e2_2924_e7_3371.lus,single property
FIREFLY_all_e2_3678.lus,single property
FIREFLY_all_e3_1600_e1_667.lus,single property
FIREFLY_all_e3_1600_e2_676.lus,single property
FIREFLY_all_e3_1600_e3_2055.lus,single property
FIREFLY_all_e3_1600_e4_2415.lus,single property
FIREFLY_all_e3_1600_e5_84.lus,single property
FIREFLY_all_e3_1600_e7_1607.lus,single property
FIREFLY_all_e3_3496.lus,single property
FIREFLY_all_e7_1909.lus,single property
FIREFLY_all.lus,single property
FIREFLY_luke_1a_e2_284_e1_2924.lus,single property
FIREFLY_luke_1a_e2_284_e2_2755.lus,single property
FIREFLY_luke_1a_e2_284_e3_3091.lus,single property
FIREFLY_luke_1a_e2_284_e7_998.lus,single property
FIREFLY_luke_1a_e7_3042_e3_1213.lus,single property
FIREFLY_luke_1a.lus,single property
FIREFLY_luke_1b_e1_1139_e1_1565.lus,single property
FIREFLY_luke_1b_e1_1139_e2_2893.lus,single property
FIREFLY_luke_1b_e1_1139_e3_1839.lus,single property
FIREFLY_luke_1b_e1_1691.lus,single property
FIREFLY_luke_1b_e2_3049_e1_946.lus,single property
FIREFLY_luke_1b_e2_3049_e2_698.lus,single property
FIREFLY_luke_1b_e2_3049_e3_2697.lus,single property
FIREFLY_luke_1b_e2_3049.lus,single property
FIREFLY_luke_1b_e3_671_e1_725.lus,single property
FIREFLY_luke_1b_e3_671_e2_2131.lus,single property
FIREFLY_luke_1b_e3_671_e3_941.lus,single property
FIREFLY_luke_1b_e3_671_e4_147.lus,single property
FIREFLY_luke_1b_e3_671_e5_1637.lus,single property
FIREFLY_luke_1b_e3_671_e6_1974.lus,single property
FIREFLY_luke_1b_e3_671_e7_1882.lus,single property
FIREFLY_luke_1b_e3_671.lus,single property
FIREFLY_luke_1b_e7_2574.lus,single property
FIREFLY_luke_1b_e7_3191_e1_1303.lus,single property
FIREFLY_luke_1b_e7_3191_e2_1864.lus,single property
FIREFLY_luke_1b_e7_3191_e7_2146.lus,single property
FIREFLY_luke_1b.lus,single property
FIREFLY_luke_2_e2_1375_e1_418.lus,single property
FIREFLY_luke_2_e7_1826_e8_126.lus,single property
FIREFLY_luke_2.lus,single property
FIREFLY_luke_3_e1_2217_e3_1200.lus,single property
FIREFLY_luke_3.lus,single property
FIREFLY_luke_4_e2_325.lus,single property
FIREFLY_luke_4.lus,single property
FIREFLY_luke_5.lus,single property
FIREFLY_luke_rt_e1_913_e1_1993.lus,single property
FIREFLY_luke_rt_e1_913_e2_3353.lus,single property
FIREFLY_luke_rt_e1_913_e3_2128.lus,single property
FIREFLY_luke_rt_e1_913_e7_1403.lus,single property
FIREFLY_luke_rt_e1_913.lus,single property
FIREFLY_luke_rt_e2_3460_e1_1455.lus,single property
FIREFLY_luke_rt_e2_3460_e2_2670.lus,single property
FIREFLY_luke_rt_e2_3460_e3_1333.lus,single property
FIREFLY_luke_rt_e2_3460_e7_471.lus,single property
FIREFLY_luke_rt_e2_3460.lus,single property
FIREFLY_luke_rt_e3_1549.lus,single property
FIREFLY_luke_rt.lus,single property
FIREFLY_rt_e3_1770_e2_637.lus,single property
FIREFLY_rt.lus,single property
FIREFLY_u1_e2_3403_e2_957.lus,single property
FIREFLY_u1_e7_3318.lus,single property
FIREFLY_u1.lus,single property
Gas.lus,single property
HacmsTiming__1.lus,single property
HacmsTiming__2.lus,single property
hysteresis_1.lus,single property
hysteresis_2.lus,single property
hysteresis_3.lus,single property
hysteresis_all.lus,single property
ILLINOIS_1.lus,single property
ILLINOIS_2_e1_834_e1_1895.lus,single property
ILLINOIS_2_e1_834_e2_3395.lus,single property
ILLINOIS_2_e1_834_e3_2931.lus,single property
ILLINOIS_2_e1_834_e7_3738.lus,single property
ILLINOIS_2_e1_834.lus,single property
ILLINOIS_2_e2_2367_e1_3182.lus,single property
ILLINOIS_2_e2_2367_e2_1561.lus,single property
ILLINOIS_2_e2_2367_e3_1601.lus,single property
ILLINOIS_2_e2_2367_e7_2728.lus,single property
ILLINOIS_2_e2_876.lus,single property
ILLINOIS_2.lus,single property
ILLINOIS_3_e3_2581_e1_1130.lus,single property
ILLINOIS_3_e3_2581_e2_2545.lus,single property
ILLINOIS_3_e3_2581_e3_979.lus,single property
ILLINOIS_3_e3_2581_e4_958.lus,single property
ILLINOIS_3_e3_2581_e5_4006.lus,single property
ILLINOIS_3_e3_2581_e7_3447.lus,single property
ILLINOIS_3_e3_2581.lus,single property
ILLINOIS_3.lus,single property
ILLINOIS_4_e7_2651_e7_2847.lus,single property
ILLINOIS_4.lus,single property
ILLINOIS_5_e7_692_e7_2865.lus,single property
ILLINOIS_5.lus,single property
ILLINOIS_a1.lus,single property
ILLINOIS_all.lus,single property
ILLINOIS_r4a.lus,single property
int32__6countern.lus,single property
int32__6counters_e3_140_e8_149.lus,single property
int32__6counters_e8_371_e1_448.lus,single property
int32__6counters_e8_371_e2_80.lus,single property
int32__6counters_e8_371_e3_224.lus,single property
int32__6counters_e8_371_e7_304.lus,single property
int32__6counters.lus,single property
int32_car_1_e7_184_e3_299.lus,single property
int32_car_1.lus,single property
int32_car_2_e7_1027_e1_1047.lus,single property
int32_car_2_e7_1027_e7_359.lus,single property
int32_car_2_e8_491_e7_826.lus,single property
int32_car_2.lus,single property
int32_car_3_e1_586.lus,single property
int32_car_3_e2_695.lus,single property
int32_car_3_e7_626_e1_305.lus,single property
int32_car_3_e7_626.lus,single property
int32_car_3_e8_33_e1_856.lus,single property
int32_car_3_e8_33_e2_1010.lus,single property
int32_car_3_e8_33_e7_220.lus,single property
int32_car_3_e8_33.lus,single property
int32_car_3.lus,single property
int32_car_4_e3_57_e4_1047.lus,single property
int32_car_4_e3_57_e5_999.lus,single property
int32_car_4_e3_57_e6_784.lus,single property
int32_car_4_e3_57.lus,single property
int32_car_4_e7_592_e3_442.lus,single property
int32_car_4_e7_592_e7_265.lus,single property
int32_car_4_e7_592.lus,single property
int32_car_4_e8_118_e3_514.lus,single property
int32_car_4_e8_118_e7_178.lus,single property
int32_car_4_e8_118.lus,single property
int32_car_4.lus,single property
int32_car_5_e2_405_e2_1083.lus,single property
int32_car_5_e2_405_e3_473.lus,single property
int32_car_5_e2_405_e8_1055.lus,single property
int32_car_5_e3_11_e1_429.lus,single property
int32_car_5_e3_11_e5_24.lus,single property
int32_car_5_e3_661.lus,single property
int32_car_5_e7_244_e1_823.lus,single property
int32_car_5_e7_244_e2_693.lus,single property
int32_car_5_e7_244_e3_1071.lus,single property
int32_car_5_e7_244.lus,single property
int32_car_5.lus,single property
int32_car_6_e1_152_e1_391.lus,single property
int32_car_6_e1_152.lus,single property
int32_car_6_e2_589_e2_506.lus,single property
int32_car_6_e2_589_e3_349.lus,single property
int32_car_6_e2_893.lus,single property
int32_car_6_e3_294_e1_956.lus,single property
int32_car_6_e3_294_e3_47.lus,single property
int32_car_6_e3_294_e5_979.lus,single property
int32_car_6.lus,single property
int32_car_all_e1_618_e3_303.lus,single property
int32_car_all_e1_618.lus,single property
int32_car_all_e2_142_e7_209.lus,single property
int32_car_all_e2_142.lus,single property
int32_car_all_e3_1068_e1_178.lus,single property
int32_car_all_e3_1068_e2_13.lus,single property
int32_car_all_e3_1068_e3_163.lus,single property
int32_car_all_e3_1068_e4_275.lus,single property
int32_car_all_e3_1068_e5_882.lus,single property
int32_car_all_e3_1068.lus,single property
int32_car_all_e7_188_e7_743.lus,single property
int32_car_all_e8_856_e1_217.lus,single property
int32_car_all_e8_856_e2_585.lus,single property
int32_car_all_e8_856_e3_180.lus,single property
int32_car_all_e8_856_e7_578.lus,single property
int32_car_all_e8_856.lus,single property
int32_car_all.lus,single property
int32_ccp01.lus,single property
int32_ccp02.lus,single property
int32_ccp03.lus,single property
int32_ccp04.lus,single property
int32_ccp05.lus,single property
int32_ccp06.lus,single property
int32_ccp07.lus,single property
int32_ccp08.lus,single property
int32_ccp09.lus,single property
int32_ccp10.lus,single property
int32_ccp11.lus,single property
int32_ccp12.lus,single property
int32_ccp13.lus,single property
int32_ccp14.lus,single property
int32_ccp15.lus,single property
int32_ccp16.lus,single property
int32_ccp17.lus,single property
int32_ccp18.lus,single property
int32_ccp19.lus,single property
int32_ccp20.lus,single property
int32_ccp21.lus,single property
int32_ccp22.lus,single property
int32_ccp23.lus,single property
int32_ccp24.lus,single property
int32_cd_e7_621_e7_669.lus,single property
int32_cd_e7_8.lus,single property
int32_cd.lus,single property
int32_cruise_controller_01.lus,single property
int32_cruise_controller_02.lus,single property
int32_cruise_controller_03.lus,single property
int32_cruise_controller_04.lus,single property
int32_cruise_controller_05.lus,single property
int32_cruise_controller_06.lus,single property
int32_cruise_controller_07.lus,single property
int32_cruise_controller_08.lus,single property
int32_cruise_controller_09.lus,single property
int32_cruise_controller_10.lus,single property
int32_cruise_controller_11.lus,single property
int32_cruise_controller_12.lus,single property
int32_cruise_controller_13.lus,single property
int32_cruise_controller_14.lus,single property
int32_cruise_controller_15.lus,single property
int32_cruise_controller_16.lus,single property
int32_cruise_controller_17.lus,single property
int32_cruise_controller_18.lus,single property
int32_cruise_controller_19.lus,single property
int32_cruise_controller_20.lus,single property
int32_cruise_controller_21.lus,single property
int32_cruise_controller_22.lus,single property
int32_cruise_controller_23.lus,single property
int32_cruise_controller_24.lus,single property
int32_DRAGON_1_e1_14612_e1_268_e7_501.lus,single property
int32_DRAGON_1_e1_14612_e2_2653_e7_4370.lus,single property
int32_DRAGON_1_e1_3184_e7_1888.lus,single property
int32_DRAGON_1_e1_5070.lus,single property
int32_DRAGON_1_e2_1997_e7_3613_e2_3409.lus,single property
int32_DRAGON_1_e2_1997.lus,single property
int32_DRAGON_1_e3_11891_e7_4569_e4_4881.lus,single property
int32_DRAGON_1.lus,single property
int32_DRAGON_10_e1_3587_e3_2749.lus,single property
int32_DRAGON_10_e1_3587_e7_872.lus,single property
int32_DRAGON_10_e1_998.lus,single property
int32_DRAGON_10_e2_2785_e3_1744.lus,single property
int32_DRAGON_10_e2_402.lus,single property
int32_DRAGON_10_e3_144_e5_2046.lus,single property
int32_DRAGON_10_e3_144_e7_523.lus,single property
int32_DRAGON_10_e3_3429.lus,single property
int32_DRAGON_10_e7_3861_e2_1020.lus,single property
int32_DRAGON_10_e7_3861_e7_2180.lus,single property
int32_DRAGON_10.lus,single property
int32_DRAGON_11_e1_2450_e1_5887.lus,single property
int32_DRAGON_11_e1_2450_e2_1483.lus,single property
int32_DRAGON_11_e1_2450_e3_2330.lus,single property
int32_DRAGON_11_e1_2450_e7_5791.lus,single property
int32_DRAGON_11_e1_2450.lus,single property
int32_DRAGON_11_e2_1678_e1_3565.lus,single property
int32_DRAGON_11_e2_5396_e3_282.lus,single property
int32_DRAGON_11_e3_382_e1_505.lus,single property
int32_DRAGON_11_e3_382_e4_4421.lus,single property
int32_DRAGON_11.lus,single property
int32_DRAGON_12_e1_4640_e7_128.lus,single property
int32_DRAGON_12_e2_1618_e1_6030.lus,single property
int32_DRAGON_12_e2_1618_e2_138.lus,single property
int32_DRAGON_12_e2_1618_e3_2012.lus,single property
int32_DRAGON_12_e2_1618_e7_4732.lus,single property
int32_DRAGON_12_e2_1618.lus,single property
int32_DRAGON_12.lus,single property
int32_DRAGON_13_e3_1418_e3_2761.lus,single property
int32_DRAGON_13_e7_2336_e1_541.lus,single property
int32_DRAGON_13_e7_2336_e2_1255.lus,single property
int32_DRAGON_13_e7_2336_e3_3117.lus,single property
int32_DRAGON_13_e7_2336_e7_685.lus,single property
int32_DRAGON_13_e7_2336.lus,single property
int32_DRAGON_13.lus,single property
int32_DRAGON_14_e1_5710.lus,single property
int32_DRAGON_14_e2_3606.lus,single property
int32_DRAGON_14_e3_1259_e1_5798.lus,single property
int32_DRAGON_14_e3_5120.lus,single property
int32_DRAGON_14_e7_3162_e1_3998.lus,single property
int32_DRAGON_14_e7_3162_e2_753.lus,single property
int32_DRAGON_14_e7_3162_e3_4298.lus,single property
int32_DRAGON_14_e7_3162_e7_3528.lus,single property
int32_DRAGON_14_e7_3162.lus,single property
int32_DRAGON_14.lus,single property
int32_DRAGON_2_e1_2316.lus,single property
int32_DRAGON_2_e2_3183_e1_2644.lus,single property
int32_DRAGON_2_e2_3183_e2_3580.lus,single property
int32_DRAGON_2_e2_3183_e3_5972.lus,single property
int32_DRAGON_2_e2_4481.lus,single property
int32_DRAGON_2_e7_25_e1_154.lus,single property
int32_DRAGON_2_e7_25_e2_5340.lus,single property
int32_DRAGON_2_e7_25_e3_829.lus,single property
int32_DRAGON_2_e7_25_e7_4469.lus,single property
int32_DRAGON_2_e7_25_e8_3171.lus,single property
int32_DRAGON_2_e7_25.lus,single property
int32_DRAGON_2.lus,single property
int32_DRAGON_3_e1_4783_e1_3755.lus,single property
int32_DRAGON_3_e1_4783_e2_158.lus,single property
int32_DRAGON_3_e1_4783_e3_511.lus,single property
int32_DRAGON_3_e1_4783_e7_4070.lus,single property
int32_DRAGON_3_e1_4783.lus,single property
int32_DRAGON_3_e2_5343_e1_988.lus,single property
int32_DRAGON_3_e3_3846.lus,single property
int32_DRAGON_3_e3_5422_e1_2288.lus,single property
int32_DRAGON_3_e3_5422_e2_3135.lus,single property
int32_DRAGON_3_e7_4884.lus,single property
int32_DRAGON_3.lus,single property
int32_DRAGON_4_e1_4312.lus,single property
int32_DRAGON_4_e2_2799_e1_1303.lus,single property
int32_DRAGON_4_e2_2799_e2_2251.lus,single property
int32_DRAGON_4_e2_2799_e3_1915.lus,single property
int32_DRAGON_4_e2_2799_e7_2499.lus,single property
int32_DRAGON_4_e2_2799.lus,single property
int32_DRAGON_4_e3_1540_e1_5048.lus,single property
int32_DRAGON_4_e3_4133.lus,single property
int32_DRAGON_4_e7_2329_e3_4574.lus,single property
int32_DRAGON_4_e7_2329_e7_3856.lus,single property
int32_DRAGON_4_e7_2329.lus,single property
int32_DRAGON_4.lus,single property
int32_DRAGON_5_e1_1835.lus,single property
int32_DRAGON_5_e2_3018_e2_936.lus,single property
int32_DRAGON_5_e7_2017_e1_5832.lus,single property
int32_DRAGON_5_e7_2017_e2_664.lus,single property
int32_DRAGON_5_e7_2017_e3_1763.lus,single property
int32_DRAGON_5_e7_2017_e7_2326.lus,single property
int32_DRAGON_5_e7_2017.lus,single property
int32_DRAGON_5.lus,single property
int32_DRAGON_6_e7_5046_e7_3623.lus,single property
int32_DRAGON_6.lus,single property
int32_DRAGON_7_e2_2872_e2_5844.lus,single property
int32_DRAGON_7_e2_2872_e3_2640.lus,single property
int32_DRAGON_7_e7_3157_e2_2082.lus,single property
int32_DRAGON_7.lus,single property
int32_DRAGON_8_e2_3896_e3_3125.lus,single property
int32_DRAGON_8_e3_786_e7_4541.lus,single property
int32_DRAGON_8_e3_786.lus,single property
int32_DRAGON_8_e7_3752.lus,single property
int32_DRAGON_8.lus,single property
int32_DRAGON_9_e7_1843_e1_5434.lus,single property
int32_DRAGON_9_e7_1843_e2_1145.lus,single property
int32_DRAGON_9_e7_1843_e3_5316.lus,single property
int32_DRAGON_9_e7_1843_e7_2225.lus,single property
int32_DRAGON_9_e7_1843.lus,single property
int32_DRAGON_9.lus,single property
int32_DRAGON_all_e1_4022_e1_1759.lus,single property
int32_DRAGON_all_e1_4022_e2_267.lus,single property
int32_DRAGON_all_e1_4022_e3_3628.lus,single property
int32_DRAGON_all_e1_4022_e7_2886.lus,single property
int32_DRAGON_all_e1_4037.lus,single property
int32_DRAGON_all_e2_6104_e1_6205.lus,single property
int32_DRAGON_all_e2_6104_e2_3308.lus,single property
int32_DRAGON_all_e2_6104_e3_2607.lus,single property
int32_DRAGON_all_e2_6104.lus,single property
int32_DRAGON_all_e3_4821_e1_1318.lus,single property
int32_DRAGON_all_e3_4821_e2_1089.lus,single property
int32_DRAGON_all_e3_4821_e4_1791.lus,single property
int32_DRAGON_all_e3_4821_e5_1536.lus,single property
int32_DRAGON_all_e3_5957.lus,single property
int32_DRAGON_all_e7_1941_e2_6086.lus,single property
int32_DRAGON_all_e7_4065.lus,single property
int32_DRAGON_all.lus,single property
int32_DRAGON_all2_e2_2073_e8_3691.lus,single property
int32_DRAGON_all2_e3_4612_e1_6463.lus,single property
int32_DRAGON_all2_e3_4612_e2_5774.lus,single property
int32_DRAGON_all2_e3_4612_e3_1543.lus,single property
int32_DRAGON_all2_e3_4612_e4_3719.lus,single property
int32_DRAGON_all2_e3_4612_e5_3642.lus,single property
int32_DRAGON_all2_e3_4612_e8_5861.lus,single property
int32_DRAGON_all2_e7_5406_e1_6690.lus,single property
int32_DRAGON_all2_e7_5406_e2_3084.lus,single property
int32_DRAGON_all2_e7_5406_e3_506.lus,single property
int32_DRAGON_all2_e7_5406_e7_6697.lus,single property
int32_DRAGON_all2_e7_5406.lus,single property
int32_DRAGON_all2_e8_4626.lus,single property
int32_DRAGON_all2_e8_5504_e1_4719.lus,single property
int32_DRAGON_all2_e8_5504_e7_579.lus,single property
int32_DRAGON_all2.lus,single property
int32_durationThm_1_e1_350.lus,single property
int32_durationThm_1_e2_3.lus,single property
int32_durationThm_1_e3_389_e4_294.lus,single property
int32_durationThm_1_e3_389_e5_5.lus,single property
int32_durationThm_1_e3_389.lus,single property
int32_durationThm_1_e7_217_e1_89.lus,single property
int32_durationThm_1_e7_217_e2_352.lus,single property
int32_durationThm_1_e7_217_e3_132.lus,single property
int32_durationThm_1_e7_217_e7_31.lus,single property
int32_durationThm_1_e7_217.lus,single property
int32_durationThm_1.lus,single property
int32_durationThm_2_e1_301.lus,single property
int32_durationThm_2_e2_63.lus,single property
int32_durationThm_2_e3_329_e4_1.lus,single property
int32_durationThm_2_e3_329_e5_124.lus,single property
int32_durationThm_2_e3_99.lus,single property
int32_durationThm_2_e7_145_e1_343.lus,single property
int32_durationThm_2_e7_145_e2_169.lus,single property
int32_durationThm_2_e7_145_e3_222.lus,single property
int32_durationThm_2_e7_145_e7_154.lus,single property
int32_durationThm_2_e7_145_e8_73.lus,single property
int32_durationThm_2_e7_149.lus,single property
int32_durationThm_2.lus,single property
int32_durationThm_3_e1_36.lus,single property
int32_durationThm_3_e2_63.lus,single property
int32_durationThm_3_e3_207.lus,single property
int32_durationThm_3_e3_442_e4_165.lus,single property
int32_durationThm_3_e3_442_e5_260.lus,single property
int32_durationThm_3_e7_334_e1_431.lus,single property
int32_durationThm_3_e7_334_e2_62.lus,single property
int32_durationThm_3_e7_334_e3_42.lus,single property
int32_durationThm_3_e7_334_e7_118.lus,single property
int32_durationThm_3_e7_334.lus,single property
int32_durationThm_3.lus,single property
int32_ex3.lus,single property
int32_ex8_e7_74_e7_740.lus,single property
int32_ex8_e7_74_e8_302.lus,single property
int32_ex8_e7_74.lus,single property
int32_ex8_e8_220_e7_249.lus,single property
int32_ex8_e8_220.lus,single property
int32_ex8.lus,single property
int32_fast_1_e7_2044_e7_1287.lus,single property
int32_fast_1_e7_2044.lus,single property
int32_fast_1_e8_747_e7_692.lus,single property
int32_fast_1_e8_747_e8_1041.lus,single property
int32_fast_1_e8_751.lus,single property
int32_fast_1.lus,single property
int32_fast_2_e7_2526_e7_2736.lus,single property
int32_fast_2_e7_2526.lus,single property
int32_fast_2_e8_460_e7_43.lus,single property
int32_fast_2_e8_460_e8_1920.lus,single property
int32_fast_2_e8_976.lus,single property
int32_fast_2.lus,single property
int32_FIREFLY_1_e1_1092_e1_1486.lus,single property
int32_FIREFLY_1_e1_1092_e2_1853.lus,single property
int32_FIREFLY_1_e1_1092_e3_389.lus,single property
int32_FIREFLY_1_e1_1092_e7_1119.lus,single property
int32_FIREFLY_1_e1_1092.lus,single property
int32_FIREFLY_1.lus,single property
int32_FIREFLY_10_e7_919_e2_3192.lus,single property
int32_FIREFLY_10.lus,single property
int32_FIREFLY_11_e1_3457.lus,single property
int32_FIREFLY_11_e3_2076_e1_1270.lus,single property
int32_FIREFLY_11.lus,single property
int32_FIREFLY_2_e3_151_e3_1540.lus,single property
int32_FIREFLY_2.lus,single property
int32_FIREFLY_3_e2_2236_e1_2305.lus,single property
int32_FIREFLY_3_e2_2236_e2_1058.lus,single property
int32_FIREFLY_3_e2_2236_e3_2657.lus,single property
int32_FIREFLY_3_e2_2236_e7_3681.lus,single property
int32_FIREFLY_3_e2_2236.lus,single property
int32_FIREFLY_3.lus,single property
int32_FIREFLY_4_e3_3511_e1_2375.lus,single property
int32_FIREFLY_4_e3_3511_e2_1923.lus,single property
int32_FIREFLY_4_e3_3511_e3_422.lus,single property
int32_FIREFLY_4_e3_3511_e4_1464.lus,single property
int32_FIREFLY_4_e3_3511_e5_3248.lus,single property
int32_FIREFLY_4_e3_3511_e7_3568.lus,single property
int32_FIREFLY_4_e3_3511.lus,single property
int32_FIREFLY_4.lus,single property
int32_FIREFLY_5_e1_2552_e7_1169.lus,single property
int32_FIREFLY_5_e2_2229.lus,single property
int32_FIREFLY_5_e2_2884_e1_2678.lus,single property
int32_FIREFLY_5_e2_2884_e2_1492.lus,single property
int32_FIREFLY_5_e2_2884_e3_1882.lus,single property
int32_FIREFLY_5_e2_2884_e7_3594.lus,single property
int32_FIREFLY_5.lus,single property
int32_FIREFLY_6_e2_3302.lus,single property
int32_FIREFLY_6.lus,single property
int32_FIREFLY_7.lus,single property
int32_FIREFLY_8_e2_1711_e1_1489.lus,single property
int32_FIREFLY_8_e2_1711_e2_2673.lus,single property
int32_FIREFLY_8_e2_1711_e3_1753.lus,single property
int32_FIREFLY_8_e2_1711_e7_1962.lus,single property
int32_FIREFLY_8_e2_1711.lus,single property
int32_FIREFLY_8.lus,single property
int32_FIREFLY_9_e7_170_e3_3647.lus,single property
int32_FIREFLY_9.lus,single property
int32_FIREFLY_a3_e1_3233_e1_3123.lus,single property
int32_FIREFLY_a3_e1_3233_e2_2392.lus,single property
int32_FIREFLY_a3_e1_3233_e3_2970.lus,single property
int32_FIREFLY_a3_e1_3233_e7_906.lus,single property
int32_FIREFLY_a3_e1_3233.lus,single property
int32_FIREFLY_a3_e2_2086_e1_3235.lus,single property
int32_FIREFLY_a3_e2_2086_e2_2689.lus,single property
int32_FIREFLY_a3_e2_2086_e3_2542.lus,single property
int32_FIREFLY_a3_e2_2086_e7_2614.lus,single property
int32_FIREFLY_a3_e2_2952.lus,single property
int32_FIREFLY_a3_e3_314_e1_1979.lus,single property
int32_FIREFLY_a3_e3_314_e2_2812.lus,single property
int32_FIREFLY_a3_e3_314_e4_897.lus,single property
int32_FIREFLY_a3.lus,single property
int32_FIREFLY_all_e1_1207_e1_1201.lus,single property
int32_FIREFLY_all_e1_1207_e2_3220.lus,single property
int32_FIREFLY_all_e1_1207_e3_1928.lus,single property
int32_FIREFLY_all_e1_1207_e7_156.lus,single property
int32_FIREFLY_all_e1_3406.lus,single property
int32_FIREFLY_all_e2_2924_e1_768.lus,single property
int32_FIREFLY_all_e2_2924_e2_1767.lus,single property
int32_FIREFLY_all_e2_2924_e3_3946.lus,single property
int32_FIREFLY_all_e2_2924_e7_3371.lus,single property
int32_FIREFLY_all_e2_3678.lus,single property
int32_FIREFLY_all_e3_1600_e1_667.lus,single property
int32_FIREFLY_all_e3_1600_e2_676.lus,single property
int32_FIREFLY_all_e3_1600_e3_2055.lus,single property
int32_FIREFLY_all_e3_1600_e4_2415.lus,single property
int32_FIREFLY_all_e3_1600_e5_84.lus,single property
int32_FIREFLY_all_e3_1600_e7_1607.lus,single property
int32_FIREFLY_all_e3_3496.lus,single property
int32_FIREFLY_all_e7_1909.lus,single property
int32_FIREFLY_all.lus,single property
int32_FIREFLY_luke_1a_e2_284_e1_2924.lus,single property
int32_FIREFLY_luke_1a_e2_284_e2_2755.lus,single property
int32_FIREFLY_luke_1a_e2_284_e3_3091.lus,single property
int32_FIREFLY_luke_1a_e2_284_e7_998.lus,single property
int32_FIREFLY_luke_1a_e7_3042_e3_1213.lus,single property
int32_FIREFLY_luke_1a.lus,single property
int32_FIREFLY_luke_1b_e1_1139_e1_1565.lus,single property
int32_FIREFLY_luke_1b_e1_1139_e2_2893.lus,single property
int32_FIREFLY_luke_1b_e1_1139_e3_1839.lus,single property
int32_FIREFLY_luke_1b_e1_1691.lus,single property
int32_FIREFLY_luke_1b_e2_3049_e1_946.lus,single property
int32_FIREFLY_luke_1b_e2_3049_e2_698.lus,single property
int32_FIREFLY_luke_1b_e2_3049_e3_2697.lus,single property
int32_FIREFLY_luke_1b_e2_3049.lus,single property
int32_FIREFLY_luke_1b_e3_671_e1_725.lus,single property
int32_FIREFLY_luke_1b_e3_671_e2_2131.lus,single property
int32_FIREFLY_luke_1b_e3_671_e3_941.lus,single property
int32_FIREFLY_luke_1b_e3_671_e4_147.lus,single property
int32_FIREFLY_luke_1b_e3_671_e5_1637.lus,single property
int32_FIREFLY_luke_1b_e3_671_e6_1974.lus,single property
int32_FIREFLY_luke_1b_e3_671_e7_1882.lus,single property
int32_FIREFLY_luke_1b_e3_671.lus,single property
int32_FIREFLY_luke_1b_e7_2574.lus,single property
int32_FIREFLY_luke_1b_e7_3191_e1_1303.lus,single property
int32_FIREFLY_luke_1b_e7_3191_e2_1864.lus,single property
int32_FIREFLY_luke_1b_e7_3191_e7_2146.lus,single property
int32_FIREFLY_luke_1b.lus,single property
int32_FIREFLY_luke_2_e2_1375_e1_418.lus,single property
int32_FIREFLY_luke_2_e7_1826_e8_126.lus,single property
int32_FIREFLY_luke_2.lus,single property
int32_FIREFLY_luke_3_e1_2217_e3_1200.lus,single property
int32_FIREFLY_luke_3.lus,single property
int32_FIREFLY_luke_4_e2_325.lus,single property
int32_FIREFLY_luke_4.lus,single property
int32_FIREFLY_luke_5.lus,single property
int32_FIREFLY_luke_rt_e1_913_e1_1993.lus,single property
int32_FIREFLY_luke_rt_e1_913_e2_3353.lus,single property
int32_FIREFLY_luke_rt_e1_913_e3_2128.lus,single property
int32_FIREFLY_luke_rt_e1_913_e7_1403.lus,single property
int32_FIREFLY_luke_rt_e1_913.lus,single property
int32_FIREFLY_luke_rt_e2_3460_e1_1455.lus,single property
int32_FIREFLY_luke_rt_e2_3460_e2_2670.lus,single property
int32_FIREFLY_luke_rt_e2_3460_e3_1333.lus,single property
int32_FIREFLY_luke_rt_e2_3460_e7_471.lus,single property
int32_FIREFLY_luke_rt_e2_3460.lus,single property
int32_FIREFLY_luke_rt_e3_1549.lus,single property
int32_FIREFLY_luke_rt.lus,single property
int32_FIREFLY_rt_e3_1770_e2_637.lus,single property
int32_FIREFLY_rt.lus,single property
int32_FIREFLY_u1_e2_3403_e2_957.lus,single property
int32_FIREFLY_u1_e7_3318.lus,single property
int32_FIREFLY_u1.lus,single property
int32_Gas.lus,single property
int32_hysteresis_1.lus,single property
int32_hysteresis_2.lus,single property
int32_hysteresis_3.lus,single property
int32_hysteresis_all.lus,single property
int32_ILLINOIS_1.lus,single property
int32_ILLINOIS_2_e1_834_e1_1895.lus,single property
int32_ILLINOIS_2_e1_834_e2_3395.lus,single property
int32_ILLINOIS_2_e1_834_e3_2931.lus,single property
int32_ILLINOIS_2_e1_834_e7_3738.lus,single property
int32_ILLINOIS_2_e1_834.lus,single property
int32_ILLINOIS_2_e2_2367_e1_3182.lus,single property
int32_ILLINOIS_2_e2_2367_e2_1561.lus,single property
int32_ILLINOIS_2_e2_2367_e3_1601.lus,single property
int32_ILLINOIS_2_e2_2367_e7_2728.lus,single property
int32_ILLINOIS_2_e2_876.lus,single property
int32_ILLINOIS_2.lus,single property
int32_ILLINOIS_3_e3_2581_e1_1130.lus,single property
int32_ILLINOIS_3_e3_2581_e2_2545.lus,single property
int32_ILLINOIS_3_e3_2581_e3_979.lus,single property
int32_ILLINOIS_3_e3_2581_e4_958.lus,single property
int32_ILLINOIS_3_e3_2581_e5_4006.lus,single property
int32_ILLINOIS_3_e3_2581_e7_3447.lus,single property
int32_ILLINOIS_3_e3_2581.lus,single property
int32_ILLINOIS_3.lus,single property
int32_ILLINOIS_4_e7_2651_e7_2847.lus,single property
int32_ILLINOIS_4.lus,single property
int32_ILLINOIS_5_e7_692_e7_2865.lus,single property
int32_ILLINOIS_5.lus,single property
int32_ILLINOIS_a1.lus,single property
int32_ILLINOIS_all.lus,single property
int32_ILLINOIS_r4a.lus,single property
int32_MESI_1_e2_162_e7_1545.lus,single property
int32_MESI_1.lus,single property
int32_MESI_2.lus,single property
int32_MESI_3_e1_2517_e8_2163.lus,single property
int32_MESI_3_e2_819_e1_1145.lus,single property
int32_MESI_3_e2_819_e2_562.lus,single property
int32_MESI_3_e2_819_e3_2698.lus,single property
int32_MESI_3_e2_819_e4_1595.lus,single property
int32_MESI_3_e2_819_e5_2554.lus,single property
int32_MESI_3_e2_819_e6_1459.lus,single property
int32_MESI_3_e2_819_e7_1665.lus,single property
int32_MESI_3_e2_819_e8_1896.lus,single property
int32_MESI_3_e2_819.lus,single property
int32_MESI_3_e3_2669.lus,single property
int32_MESI_3.lus,single property
int32_MESI_4_e7_1140_e7_433.lus,single property
int32_MESI_4.lus,single property
int32_MESI_all_e4_1147_e7_497.lus,single property
int32_MESI_all.lus,single property
int32_MESI_i1_e2_1758_e8_12.lus,single property
int32_MESI_i1_e2_2656.lus,single property
int32_MESI_i1_e3_2145_e1_2667.lus,single property
int32_MESI_i1_e3_2145_e2_2228.lus,single property
int32_MESI_i1_e3_2145_e3_977.lus,single property
int32_MESI_i1_e3_2145_e4_1717.lus,single property
int32_MESI_i1_e3_2145_e5_2391.lus,single property
int32_MESI_i1_e3_2145_e7_1847.lus,single property
int32_MESI_i1_e3_2145_e8_2325.lus,single property
int32_MESI_i1_e3_2145.lus,single property
int32_MESI_i1_e4_1986_e1_1519.lus,single property
int32_MESI_i1_e4_1986.lus,single property
int32_MESI_i1.lus,single property
int32_MESI_i2.lus,single property
int32_MESI_i3_e1_447_e1_1292.lus,single property
int32_MESI_i3_e1_447_e2_1098.lus,single property
int32_MESI_i3_e1_447_e3_1180.lus,single property
int32_MESI_i3_e1_447_e5_2444.lus,single property
int32_MESI_i3_e1_447_e6_2281.lus,single property
int32_MESI_i3_e1_447_e7_2194.lus,single property
int32_MESI_i3_e1_447.lus,single property
int32_MESI_i3.lus,single property
int32_MESI_i4_e4_1689.lus,single property
int32_MESI_i4_e6_2175.lus,single property
int32_MESI_i4_e7_1017_e6_1132.lus,single property
int32_MESI_i4_e8_1381_e1_1837.lus,single property
int32_MESI_i4_e8_1381_e4_313.lus,single property
int32_MESI_i4.lus,single property
int32_metros_1_e1_846_e1_1317.lus,single property
int32_metros_1_e1_846_e2_1394.lus,single property
int32_metros_1_e1_846_e3_1060.lus,single property
int32_metros_1_e1_846_e7_397.lus,single property
int32_metros_1_e2_1102_e1_317.lus,single property
int32_metros_1_e2_1102_e2_943.lus,single property
int32_metros_1_e2_1102_e3_961.lus,single property
int32_metros_1_e2_1102_e7_1163.lus,single property
int32_metros_1_e2_627.lus,single property
int32_metros_1_e7_1255_e7_12.lus,single property
int32_metros_1_e7_606.lus,single property
int32_metros_1_e8_725_e1_919.lus,single property
int32_metros_1_e8_725_e2_1144.lus,single property
int32_metros_1_e8_725_e3_556.lus,single property
int32_metros_1_e8_725.lus,single property
int32_metros_1.lus,single property
int32_metros_2_e1_1116_e1_556.lus,single property
int32_metros_2_e1_1116_e2_617.lus,single property
int32_metros_2_e1_1116_e3_287.lus,single property
int32_metros_2_e1_1116_e7_1440.lus,single property
int32_metros_2_e1_190.lus,single property
int32_metros_2_e2_704_e1_389.lus,single property
int32_metros_2_e2_704_e2_13.lus,single property
int32_metros_2_e2_704_e3_76.lus,single property
int32_metros_2_e2_704_e7_810.lus,single property
int32_metros_2_e2_968.lus,single property
int32_metros_2_e3_112.lus,single property
int32_metros_2.lus,single property
int32_metros_3_e3_1275_e1_1350.lus,single property
int32_metros_3_e3_1275_e2_454.lus,single property
int32_metros_3_e3_1275_e3_640.lus,single property
int32_metros_3_e3_1275_e4_164.lus,single property
int32_metros_3_e3_1275_e5_846.lus,single property
int32_metros_3_e3_1275_e6_1315.lus,single property
int32_metros_3_e3_1275_e7_529.lus,single property
int32_metros_3_e3_1275.lus,single property
int32_metros_3_e4_987_e1_1115.lus,single property
int32_metros_3_e4_987_e2_80.lus,single property
int32_metros_3_e4_987_e3_291.lus,single property
int32_metros_3_e4_987.lus,single property
int32_metros_3.lus,single property
int32_metros_4_e1_821_e5_911.lus,single property
int32_metros_4_e1_917.lus,single property
int32_metros_4_e2_968_e1_956.lus,single property
int32_metros_4_e2_968_e2_1166.lus,single property
int32_metros_4_e2_968_e3_931.lus,single property
int32_metros_4_e2_968_e4_801.lus,single property
int32_metros_4_e2_968_e5_991.lus,single property
int32_metros_4_e2_968_e6_236.lus,single property
int32_metros_4_e2_968_e7_860.lus,single property
int32_metros_4_e2_968.lus,single property
int32_metros_4_e3_1025.lus,single property
int32_metros_4_e3_1091_e1_1044.lus,single property
int32_metros_4_e3_1091_e2_1317.lus,single property
int32_metros_4_e3_1091_e3_522.lus,single property
int32_metros_4_e3_1091_e4_232.lus,single property
int32_metros_4_e5_1150.lus,single property
int32_metros_4.lus,single property
int32_metros_5_e4_1208_e1_337.lus,single property
int32_metros_5.lus,single property
int32_microwave01.lus,single property
int32_microwave02.lus,single property
int32_microwave03.lus,single property
int32_microwave04.lus,single property
int32_microwave05.lus,single property
int32_microwave06.lus,single property
int32_microwave07.lus,single property
int32_microwave08.lus,single property
int32_microwave09.lus,single property
int32_microwave10.lus,single property
int32_microwave11.lus,single property
int32_microwave12.lus,single property
int32_microwave13.lus,single property
int32_microwave14.lus,single property
int32_microwave15.lus,single property
int32_microwave16.lus,single property
int32_microwave17.lus,single property
int32_microwave18.lus,single property
int32_microwave19.lus,single property
int32_microwave20.lus,single property
int32_microwave21.lus,single property
int32_microwave22.lus,single property
int32_microwave23.lus,single property
int32_microwave24.lus,single property
int32_microwave25.lus,single property
int32_microwave26.lus,single property
int32_microwave27.lus,single property
int32_microwave28.lus,single property
int32_microwave29.lus,single property
int32_microwave30.lus,single property
int32_microwave31.lus,single property
int32_microwave32.lus,single property
int32_microwave33.lus,single property
int32_microwave34.lus,single property
int32_microwave35.lus,single property
int32_microwave36.lus,single property
int32_microwave37.lus,single property
int32_microwave38.lus,single property
int32_microwave39.lus,single property
int32_microwave40.lus,single property
int32_MOESI_1_e2_982_e7_492.lus,single property
int32_MOESI_1_e3_1884_e7_1875.lus,single property
int32_MOESI_1.lus,single property
int32_MOESI_2_e1_1753_e1_1510.lus,single property
int32_MOESI_2_e1_1753_e2_615.lus,single property
int32_MOESI_2_e1_1753_e3_2021.lus,single property
int32_MOESI_2_e1_1753.lus,single property
int32_MOESI_2_e2_155.lus,single property
int32_MOESI_2_e2_1599_e1_2383.lus,single property
int32_MOESI_2_e2_1599_e2_1815.lus,single property
int32_MOESI_2_e2_1599_e3_1658.lus,single property
int32_MOESI_2_e2_1599_e8_1334.lus,single property
int32_MOESI_2_e3_929_e1_2319.lus,single property
int32_MOESI_2_e3_929_e2_2421.lus,single property
int32_MOESI_2_e3_929_e3_2294.lus,single property
int32_MOESI_2_e3_929_e4_578.lus,single property
int32_MOESI_2_e3_929_e5_1826.lus,single property
int32_MOESI_2_e3_929_e6_2707.lus,single property
int32_MOESI_2_e3_929_e7_619.lus,single property
int32_MOESI_2_e3_929_e8_1167.lus,single property
int32_MOESI_2_e3_929.lus,single property
int32_MOESI_2_e7_2607.lus,single property
int32_MOESI_2_e7_2910_e1_1021.lus,single property
int32_MOESI_2_e7_2910_e2_611.lus,single property
int32_MOESI_2_e7_2910_e7_1804.lus,single property
int32_MOESI_2_e8_101.lus,single property
int32_MOESI_2_e8_926_e1_1065.lus,single property
int32_MOESI_2_e8_926_e7_961.lus,single property
int32_MOESI_2_e8_926_e8_2138.lus,single property
int32_MOESI_2.lus,single property
int32_MOESI_all_e3_2032_e3_2788.lus,single property
int32_MOESI_all.lus,single property
int32_peterson_1_e7_4234.lus,single property
int32_peterson_1.lus,single property
int32_peterson_2.lus,single property
int32_peterson_3.lus,single property
int32_peterson_4.lus,single property
int32_peterson_all.lus,single property
int32_peterson_vt.lus,single property
int32_PRODUCER_CONSUMER_1.lus,single property
int32_PRODUCER_CONSUMER_2.lus,single property
int32_PRODUCER_CONSUMER_3.lus,single property
int32_PRODUCER_CONSUMER_all.lus,single property
int32_PRODUCER_CONSUMER_vt_e2_1352.lus,single property
int32_PRODUCER_CONSUMER_vt_e3_507.lus,single property
int32_PRODUCER_CONSUMER_vt_e7_1059_e8_1111.lus,single property
int32_PRODUCER_CONSUMER_vt.lus,single property
int32_PRODUCER_CONSUMMER_luke_1.lus,single property
int32_PRODUCER_CONSUMMER_luke_2_e7_1068_e8_1019.lus,single property
int32_PRODUCER_CONSUMMER_luke_2.lus,single property
int32_readwrit.lus,single property
int32_rtp_1.lus,single property
int32_rtp_10_e7_106_e7_2564.lus,single property
int32_rtp_10.lus,single property
int32_rtp_2.lus,single property
int32_rtp_3.lus,single property
int32_rtp_4.lus,single property
int32_rtp_5_e7_3972.lus,single property
int32_rtp_5.lus,single property
int32_rtp_6.lus,single property
int32_rtp_7.lus,single property
int32_rtp_8.lus,single property
int32_rtp_9.lus,single property
int32_rtp_all_e7_2500.lus,single property
int32_rtp_all.lus,single property
int32_rtp_vt.lus,single property
int32_speed_e7_207_e7_538.lus,single property
int32_speed_e7_207_e8_507.lus,single property
int32_speed_e7_207.lus,single property
int32_speed_e8_649_e7_709.lus,single property
int32_speed_e8_649.lus,single property
int32_speed2_e7_223_e7_213.lus,single property
int32_speed2_e7_223_e8_329.lus,single property
int32_speed2_e7_496.lus,single property
int32_speed2_e8_449_e7_353.lus,single property
int32_speed2_e8_449_e8_517.lus,single property
int32_speed2_e8_449.lus,single property
int32_speed2.lus,single property
int32_steam_boiler_no_arr1_e4_23904_e4_2384.lus,single property
int32_steam_boiler_no_arr1.lus,single property
int32_steam_boiler_no_arr2_e1_17214_e5_18600.lus,single property
int32_steam_boiler_no_arr2_e3_514_e4_11150.lus,single property
int32_steam_boiler_no_arr2_e6_3003_e4_15091.lus,single property
int32_steam_boiler_no_arr2_e7_12307.lus,single property
int32_steam_boiler_no_arr2_e8_21449_e5_18210.lus,single property
int32_steam_boiler_no_arr2.lus,single property
int32_swimmingpool_1_e7_1621.lus,single property
int32_swimmingpool_1.lus,single property
int32_swimmingpool_2.lus,single property
int32_swimmingpool_3.lus,single property
int32_swimmingpool_4_e7_2197.lus,single property
int32_swimmingpool_4.lus,single property
int32_swimmingpool_5.lus,single property
int32_swimmingpool_6_e7_10_e7_341.lus,single property
int32_swimmingpool_6_e7_399.lus,single property
int32_swimmingpool_6.lus,single property
int32_swimmingpool_7.lus,single property
int32_swimmingpool_8.lus,single property
int32_swimmingpool_9.lus,single property
int32_SYNAPSE_1.lus,single property
int32_SYNAPSE_123_e2_1653.lus,single property
int32_SYNAPSE_123_e3_302_e1_1141.lus,single property
int32_SYNAPSE_123_e3_302.lus,single property
int32_SYNAPSE_123_e7_837_e2_1394.lus,single property
int32_SYNAPSE_123_e7_837_e3_135.lus,single property
int32_SYNAPSE_123_e7_837_e7_1262.lus,single property
int32_SYNAPSE_123_e7_856.lus,single property
int32_SYNAPSE_123_e8_953_e1_1128.lus,single property
int32_SYNAPSE_123_e8_953_e2_458.lus,single property
int32_SYNAPSE_123_e8_953_e3_271.lus,single property
int32_SYNAPSE_123_e8_953_e7_1465.lus,single property
int32_SYNAPSE_123_e8_953_e8_941.lus,single property
int32_SYNAPSE_123_e8_953.lus,single property
int32_SYNAPSE_123.lus,single property
int32_SYNAPSE_2_e1_1239_e1_1331.lus,single property
int32_SYNAPSE_2_e1_1239_e2_74.lus,single property
int32_SYNAPSE_2_e1_1239.lus,single property
int32_SYNAPSE_2_e3_216.lus,single property
int32_SYNAPSE_2_e8_1118_e1_667.lus,single property
int32_SYNAPSE_2_e8_1118_e2_237.lus,single property
int32_SYNAPSE_2_e8_1118_e3_1216.lus,single property
int32_SYNAPSE_2_e8_1118_e7_1043.lus,single property
int32_SYNAPSE_2_e8_1118_e8_1177.lus,single property
int32_SYNAPSE_2_e8_656.lus,single property
int32_SYNAPSE_2.lus,single property
int32_SYNAPSE_3_e1_1416_e1_1675.lus,single property
int32_SYNAPSE_3_e1_1416_e2_753.lus,single property
int32_SYNAPSE_3_e1_1416_e3_1191.lus,single property
int32_SYNAPSE_3_e1_1416_e7_193.lus,single property
int32_SYNAPSE_3_e1_1416.lus,single property
int32_SYNAPSE_3_e3_1041.lus,single property
int32_SYNAPSE_3_e7_1444_e7_638.lus,single property
int32_SYNAPSE_3_e7_425.lus,single property
int32_SYNAPSE_3_e8_1329_e1_1270.lus,single property
int32_SYNAPSE_3_e8_1329_e2_236.lus,single property
int32_SYNAPSE_3_e8_1329_e3_421.lus,single property
int32_SYNAPSE_3_e8_1329_e7_1062.lus,single property
int32_SYNAPSE_3_e8_1329_e8_320.lus,single property
int32_SYNAPSE_3_e8_1708.lus,single property
int32_SYNAPSE_3.lus,single property
int32_SYNAPSE_4_e8_420_e7_572.lus,single property
int32_SYNAPSE_4_e8_420_e8_1525.lus,single property
int32_SYNAPSE_4_e8_974.lus,single property
int32_SYNAPSE_4.lus,single property
int32_SYNAPSE_5_e1_811_e1_823.lus,single property
int32_SYNAPSE_5_e1_811_e2_1026.lus,single property
int32_SYNAPSE_5_e1_811.lus,single property
int32_SYNAPSE_5_e2_1525.lus,single property
int32_SYNAPSE_5.lus,single property
int32_SYNAPSE_6_e2_1439_e1_954.lus,single property
int32_SYNAPSE_6_e3_1666_e5_1558.lus,single property
int32_SYNAPSE_6_e7_938_e2_1012.lus,single property
int32_SYNAPSE_6_e8_1147_e2_1326.lus,single property
int32_SYNAPSE_6.lus,single property
int32_SYNAPSE_all_e3_1750.lus,single property
int32_SYNAPSE_all_e3_1864_e3_495.lus,single property
int32_SYNAPSE_all_e3_1864_e4_34.lus,single property
int32_SYNAPSE_all_e3_1864_e5_1637.lus,single property
int32_SYNAPSE_all_e3_1864_e7_251.lus,single property
int32_SYNAPSE_all_e7_907_e7_1363.lus,single property
int32_SYNAPSE_all_e7_907.lus,single property
int32_SYNAPSE_all_e8_251_e1_1852.lus,single property
int32_SYNAPSE_all_e8_251_e2_1053.lus,single property
int32_SYNAPSE_all_e8_251_e3_1472.lus,single property
int32_SYNAPSE_all_e8_251.lus,single property
int32_SYNAPSE_all.lus,single property
int32_SYNAPSE_i1.lus,single property
int32_ticket3i_1_e7_1669.lus,single property
int32_ticket3i_1.lus,single property
int32_ticket3i_2.lus,single property
int32_ticket3i_3_e7_1312_e7_1495.lus,single property
int32_ticket3i_3_e7_1312_e8_1916.lus,single property
int32_ticket3i_3_e7_99.lus,single property
int32_ticket3i_3_e8_1703_e7_3491.lus,single property
int32_ticket3i_3_e8_1703_e8_2560.lus,single property
int32_ticket3i_3_e8_1703.lus,single property
int32_ticket3i_3.lus,single property
int32_ticket3i_4_e7_1775_e7_3320.lus,single property
int32_ticket3i_4.lus,single property
int32_ticket3i_5_e7_3307.lus,single property
int32_ticket3i_5.lus,single property
int32_ticket3i_6_e7_1096_e7_2688.lus,single property
int32_ticket3i_6.lus,single property
int32_ticket3i_7_e1_2192_e1_1852.lus,single property
int32_ticket3i_7_e2_2724_e7_524.lus,single property
int32_ticket3i_7_e3_59_e7_2122.lus,single property
int32_ticket3i_7_e7_3176_e1_2924.lus,single property
int32_ticket3i_7_e7_3176.lus,single property
int32_ticket3i_7_e8_2126_e7_78.lus,single property
int32_ticket3i_7.lus,single property
int32_ticket3i_all_e1_2706_e7_1776.lus,single property
int32_ticket3i_all_e2_1117_e7_553.lus,single property
int32_ticket3i_all_e3_557_e7_3464.lus,single property
int32_ticket3i_all_e7_591.lus,single property
int32_ticket3i_all_e8_505_e7_2450.lus,single property
int32_ticket3i_all.lus,single property
int32_traffic_e7_46_e7_171.lus,single property
int32_traffic_e7_46.lus,single property
int32_traffic.lus,single property
int32_twisted_counters.lus,single property
int32_two_counters_e1_268.lus,single property
int32_two_counters_e2_3.lus,single property
int32_two_counters_e3_325.lus,single property
int32_two_counters_e7_222.lus,single property
int32_two_counters.lus,single property
MESI_1_e2_162_e7_1545.lus,single property
MESI_1.lus,single property
MESI_2.lus,single property
MESI_3_e1_2517_e8_2163.lus,single property
MESI_3_e2_819_e1_1145.lus,single property
MESI_3_e2_819_e2_562.lus,single property
MESI_3_e2_819_e3_2698.lus,single property
MESI_3_e2_819_e4_1595.lus,single property
MESI_3_e2_819_e5_2554.lus,single property
MESI_3_e2_819_e6_1459.lus,single property
MESI_3_e2_819_e7_1665.lus,single property
MESI_3_e2_819_e8_1896.lus,single property
MESI_3_e2_819.lus,single property
MESI_3_e3_2669.lus,single property
MESI_3.lus,single property
MESI_4_e7_1140_e7_433.lus,single property
MESI_4.lus,single property
MESI_all_e4_1147_e7_497.lus,single property
MESI_all.lus,single property
MESI_i1_e2_1758_e8_12.lus,single property
MESI_i1_e2_2656.lus,single property
MESI_i1_e3_2145_e1_2667.lus,single property
MESI_i1_e3_2145_e2_2228.lus,single property
MESI_i1_e3_2145_e3_977.lus,single property
MESI_i1_e3_2145_e4_1717.lus,single property
MESI_i1_e3_2145_e5_2391.lus,single property
MESI_i1_e3_2145_e7_1847.lus,single property
MESI_i1_e3_2145_e8_2325.lus,single property
MESI_i1_e3_2145.lus,single property
MESI_i1_e4_1986_e1_1519.lus,single property
MESI_i1_e4_1986.lus,single property
MESI_i1.lus,single property
MESI_i2.lus,single property
MESI_i3_e1_447_e1_1292.lus,single property
MESI_i3_e1_447_e2_1098.lus,single property
MESI_i3_e1_447_e3_1180.lus,single property
MESI_i3_e1_447_e5_2444.lus,single property
MESI_i3_e1_447_e6_2281.lus,single property
MESI_i3_e1_447_e7_2194.lus,single property
MESI_i3_e1_447.lus,single property
MESI_i3.lus,single property
MESI_i4_e4_1689.lus,single property
MESI_i4_e6_2175.lus,single property
MESI_i4_e7_1017_e6_1132.lus,single property
MESI_i4_e8_1381_e1_1837.lus,single property
MESI_i4_e8_1381_e4_313.lus,single property
MESI_i4.lus,single property
metros_1_e1_846_e1_1317.lus,single property
metros_1_e1_846_e2_1394.lus,single property
metros_1_e1_846_e3_1060.lus,single property
metros_1_e1_846_e7_397.lus,single property
metros_1_e2_1102_e1_317.lus,single property
metros_1_e2_1102_e2_943.lus,single property
metros_1_e2_1102_e3_961.lus,single property
metros_1_e2_1102_e7_1163.lus,single property
metros_1_e2_627.lus,single property
metros_1_e7_1255_e7_12.lus,single property
metros_1_e7_606.lus,single property
metros_1_e8_725_e1_919.lus,single property
metros_1_e8_725_e2_1144.lus,single property
metros_1_e8_725_e3_556.lus,single property
metros_1_e8_725.lus,single property
metros_1.lus,single property
metros_2_e1_1116_e1_556.lus,single property
metros_2_e1_1116_e2_617.lus,single property
metros_2_e1_1116_e3_287.lus,single property
metros_2_e1_1116_e7_1440.lus,single property
metros_2_e1_190.lus,single property
metros_2_e2_704_e1_389.lus,single property
metros_2_e2_704_e2_13.lus,single property
metros_2_e2_704_e3_76.lus,single property
metros_2_e2_704_e7_810.lus,single property
metros_2_e2_968.lus,single property
metros_2_e3_112.lus,single property
metros_2.lus,single property
metros_3_e3_1275_e1_1350.lus,single property
metros_3_e3_1275_e2_454.lus,single property
metros_3_e3_1275_e3_640.lus,single property
metros_3_e3_1275_e4_164.lus,single property
metros_3_e3_1275_e5_846.lus,single property
metros_3_e3_1275_e6_1315.lus,single property
metros_3_e3_1275_e7_529.lus,single property
metros_3_e3_1275.lus,single property
metros_3_e4_987_e1_1115.lus,single property
metros_3_e4_987_e2_80.lus,single property
metros_3_e4_987_e3_291.lus,single property
metros_3_e4_987.lus,single property
metros_3.lus,single property
metros_4_e1_821_e5_911.lus,single property
metros_4_e1_917.lus,single property
metros_4_e2_968_e1_956.lus,single property
metros_4_e2_968_e2_1166.lus,single property
metros_4_e2_968_e3_931.lus,single property
metros_4_e2_968_e4_801.lus,single property
metros_4_e2_968_e5_991.lus,single property
metros_4_e2_968_e6_236.lus,single property
metros_4_e2_968_e7_860.lus,single property
metros_4_e2_968.lus,single property
metros_4_e3_1025.lus,single property
metros_4_e3_1091_e1_1044.lus,single property
metros_4_e3_1091_e2_1317.lus,single property
metros_4_e3_1091_e3_522.lus,single property
metros_4_e3_1091_e4_232.lus,single property
metros_4_e5_1150.lus,single property
metros_4.lus,single property
metros_5_e4_1208_e1_337.lus,single property
metros_5.lus,single property
microwave01.lus,single property
microwave02.lus,single property
microwave03.lus,single property
microwave04.lus,single property
microwave05.lus,single property
microwave06.lus,single property
microwave07.lus,single property
microwave08.lus,single property
microwave09.lus,single property
microwave10.lus,single property
microwave11.lus,single property
microwave12.lus,single property
microwave13.lus,single property
microwave14.lus,single property
microwave15.lus,single property
microwave16.lus,single property
microwave17.lus,single property
microwave18.lus,single property
microwave19.lus,single property
microwave20.lus,single property
microwave21.lus,single property
microwave22.lus,single property
microwave23.lus,single property
microwave24.lus,single property
microwave25.lus,single property
microwave26.lus,single property
microwave27.lus,single property
microwave28.lus,single property
microwave29.lus,single property
microwave30.lus,single property
microwave31.lus,single property
microwave32.lus,single property
microwave33.lus,single property
microwave34.lus,single property
microwave35.lus,single property
microwave36.lus,single property
microwave37.lus,single property
microwave38.lus,single property
microwave39.lus,single property
microwave40.lus,single property
Mode_Logic__1.lus,single property
Mode_Logic__10.lus,single property
Mode_Logic__100.lus,single property
Mode_Logic__101.lus,single property
Mode_Logic__102.lus,single property
Mode_Logic__103.lus,single property
Mode_Logic__104.lus,single property
Mode_Logic__105.lus,single property
Mode_Logic__106.lus,single property
Mode_Logic__107.lus,single property
Mode_Logic__108.lus,single property
Mode_Logic__109.lus,single property
Mode_Logic__11.lus,single property
Mode_Logic__110.lus,single property
Mode_Logic__111.lus,single property
Mode_Logic__112.lus,single property
Mode_Logic__113.lus,single property
Mode_Logic__114.lus,single property
Mode_Logic__115.lus,single property
Mode_Logic__116.lus,single property
Mode_Logic__117.lus,single property
Mode_Logic__118.lus,single property
Mode_Logic__12.lus,single property
Mode_Logic__13.lus,single property
Mode_Logic__14.lus,single property
Mode_Logic__15.lus,single property
Mode_Logic__16.lus,single property
Mode_Logic__17.lus,single property
Mode_Logic__18.lus,single property
Mode_Logic__19.lus,single property
Mode_Logic__2.lus,single property
Mode_Logic__20.lus,single property
Mode_Logic__21.lus,single property
Mode_Logic__22.lus,single property
Mode_Logic__23.lus,single property
Mode_Logic__24.lus,single property
Mode_Logic__25.lus,single property
Mode_Logic__26.lus,single property
Mode_Logic__27.lus,single property
Mode_Logic__28.lus,single property
Mode_Logic__29.lus,single property
Mode_Logic__3.lus,single property
Mode_Logic__30.lus,single property
Mode_Logic__31.lus,single property
Mode_Logic__32.lus,single property
Mode_Logic__33.lus,single property
Mode_Logic__34.lus,single property
Mode_Logic__35.lus,single property
Mode_Logic__36.lus,single property
Mode_Logic__37.lus,single property
Mode_Logic__38.lus,single property
Mode_Logic__39.lus,single property
Mode_Logic__4.lus,single property
Mode_Logic__40.lus,single property
Mode_Logic__41.lus,single property
Mode_Logic__42.lus,single property
Mode_Logic__43.lus,single property
Mode_Logic__44.lus,single property
Mode_Logic__45.lus,single property
Mode_Logic__46.lus,single property
Mode_Logic__47.lus,single property
Mode_Logic__48.lus,single property
Mode_Logic__49.lus,single property
Mode_Logic__5.lus,single property
Mode_Logic__50.lus,single property
Mode_Logic__51.lus,single property
Mode_Logic__52.lus,single property
Mode_Logic__53.lus,single property
Mode_Logic__54.lus,single property
Mode_Logic__55.lus,single property
Mode_Logic__56.lus,single property
Mode_Logic__57.lus,single property
Mode_Logic__58.lus,single property
Mode_Logic__59.lus,single property
Mode_Logic__6.lus,single property
Mode_Logic__60.lus,single property
Mode_Logic__61.lus,single property
Mode_Logic__62.lus,single property
Mode_Logic__63.lus,single property
Mode_Logic__64.lus,single property
Mode_Logic__65.lus,single property
Mode_Logic__66.lus,single property
Mode_Logic__67.lus,single property
Mode_Logic__68.lus,single property
Mode_Logic__69.lus,single property
Mode_Logic__7.lus,single property
Mode_Logic__70.lus,single property
Mode_Logic__71.lus,single property
Mode_Logic__72.lus,single property
Mode_Logic__73.lus,single property
Mode_Logic__74.lus,single property
Mode_Logic__75.lus,single property
Mode_Logic__76.lus,single property
Mode_Logic__77.lus,single property
Mode_Logic__78.lus,single property
Mode_Logic__79.lus,single property
Mode_Logic__8.lus,single property
Mode_Logic__80.lus,single property
Mode_Logic__81.lus,single property
Mode_Logic__82.lus,single property
Mode_Logic__83.lus,single property
Mode_Logic__84.lus,single property
Mode_Logic__85.lus,single property
Mode_Logic__86.lus,single property
Mode_Logic__87.lus,single property
Mode_Logic__88.lus,single property
Mode_Logic__89.lus,single property
Mode_Logic__9.lus,single property
Mode_Logic__90.lus,single property
Mode_Logic__91.lus,single property
Mode_Logic__92.lus,single property
Mode_Logic__93.lus,single property
Mode_Logic__94.lus,single property
Mode_Logic__95.lus,single property
Mode_Logic__96.lus,single property
Mode_Logic__97.lus,single property
Mode_Logic__98.lus,single property
Mode_Logic__99.lus,single property
MOESI_1_e2_982_e7_492.lus,single property
MOESI_1_e3_1884_e7_1875.lus,single property
MOESI_1.lus,single property
MOESI_2_e1_1753_e1_1510.lus,single property
MOESI_2_e1_1753_e2_615.lus,single property
MOESI_2_e1_1753_e3_2021.lus,single property
MOESI_2_e1_1753.lus,single property
MOESI_2_e2_155.lus,single property
MOESI_2_e2_1599_e1_2383.lus,single property
MOESI_2_e2_1599_e2_1815.lus,single property
MOESI_2_e2_1599_e3_1658.lus,single property
MOESI_2_e2_1599_e8_1334.lus,single property
MOESI_2_e3_929_e1_2319.lus,single property
MOESI_2_e3_929_e2_2421.lus,single property
MOESI_2_e3_929_e3_2294.lus,single property
MOESI_2_e3_929_e4_578.lus,single property
MOESI_2_e3_929_e5_1826.lus,single property
MOESI_2_e3_929_e6_2707.lus,single property
MOESI_2_e3_929_e7_619.lus,single property
MOESI_2_e3_929_e8_1167.lus,single property
MOESI_2_e3_929.lus,single property
MOESI_2_e7_2607.lus,single property
MOESI_2_e7_2910_e1_1021.lus,single property
MOESI_2_e7_2910_e2_611.lus,single property
MOESI_2_e7_2910_e7_1804.lus,single property
MOESI_2_e8_101.lus,single property
MOESI_2_e8_926_e1_1065.lus,single property
MOESI_2_e8_926_e7_961.lus,single property
MOESI_2_e8_926_e8_2138.lus,single property
MOESI_2.lus,single property
MOESI_all_e3_2032_e3_2788.lus,single property
MOESI_all.lus,single property
MultipleFanInToEventPort__1.lus,single property
MultipleFanInToEventPort__2.lus,single property
MultipleFanInToEventPort__3.lus,single property
MultipleFanInToPort__1.lus,single property
MultipleFanInToPort__2.lus,single property
peterson_1_e7_4234.lus,single property
peterson_1.lus,single property
peterson_2.lus,single property
peterson_3.lus,single property
peterson_4.lus,single property
peterson_all.lus,single property
peterson_vt.lus,single property
PRODUCER_CONSUMER_1.lus,single property
PRODUCER_CONSUMER_2.lus,single property
PRODUCER_CONSUMER_3.lus,single property
PRODUCER_CONSUMER_all.lus,single property
PRODUCER_CONSUMER_vt_e2_1352.lus,single property
PRODUCER_CONSUMER_vt_e3_507.lus,single property
PRODUCER_CONSUMER_vt_e7_1059_e8_1111.lus,single property
PRODUCER_CONSUMER_vt.lus,single property
PRODUCER_CONSUMMER_luke_1.lus,single property
PRODUCER_CONSUMMER_luke_2_e7_1068_e8_1019.lus,single property
PRODUCER_CONSUMMER_luke_2.lus,single property
production_cell_e7_207_e7_41.lus,single property
production_cell_e7_207_e8_241.lus,single property
production_cell_e7_21.lus,single property
production_cell_e8_6_e7_651.lus,single property
production_cell_e8_6_e8_427.lus,single property
production_cell_e8_6.lus,single property
production_cell.lus,single property
QuasiTest__1.lus,single property
QuasiTest__10.lus,single property
QuasiTest__2.lus,single property
QuasiTest__3.lus,single property
QuasiTest__4.lus,single property
QuasiTest__5.lus,single property
QuasiTest__6.lus,single property
QuasiTest__7.lus,single property
QuasiTest__8.lus,single property
QuasiTest__9.lus,single property
readwrit.lus,single property
reconfiguration_large_bound.lus,single property
reconfiguration_large.lus,single property
reconfiguration_medium_bounds.lus,single property
reconfiguration_medium.lus,single property
reconfiguration_small_bounds.lus,single property
reconfiguration_small.lus,single property
relatedCounters_large_bounds.lus,single property
relatedCounters_large.lus,single property
relatedCounters_medium_bounds.lus,single property
relatedCounters_medium.lus,single property
relatedCounters_small_bounds.lus,single property
relatedCounters_small.lus,single property
rtp_1.lus,single property
rtp_10_e7_106_e7_2564.lus,single property
rtp_10.lus,single property
rtp_2.lus,single property
rtp_3.lus,single property
rtp_4.lus,single property
rtp_5_e7_3972.lus,single property
rtp_5.lus,single property
rtp_6.lus,single property
rtp_7.lus,single property
rtp_8.lus,single property
rtp_9.lus,single property
rtp_all_e7_2500.lus,single property
rtp_all.lus,single property
rtp_vt.lus,single property
Sentinel__1.lus,single property
Sentinel__2.lus,single property
Sentinel__3.lus,single property
speed_e7_207_e7_538.lus,single property
speed_e7_207_e8_507.lus,single property
speed_e7_207.lus,single property
speed_e8_649_e7_709.lus,single property
speed_e8_649.lus,single property
speed2_e7_223_e7_213.lus,single property
speed2_e7_223_e8_329.lus,single property
speed2_e7_496.lus,single property
speed2_e8_449_e7_353.lus,single property
speed2_e8_449_e8_517.lus,single property
speed2_e8_449.lus,single property
speed2.lus,single property
stalmark_e7_27_e7_31.lus,single property
stalmark_e7_27.lus,single property
stalmark_e7_76.lus,single property
stalmark_e8_48.lus,single property
stalmark_e8_64_e7_80.lus,single property
stalmark_e8_64_e8_207.lus,single property
stalmark.lus,single property
steam_boiler_no_arr1_e4_23904_e4_2384.lus,single property
steam_boiler_no_arr1.lus,single property
steam_boiler_no_arr2_e1_17214_e5_18600.lus,single property
steam_boiler_no_arr2_e3_514_e4_11150.lus,single property
steam_boiler_no_arr2_e6_3003_e4_15091.lus,single property
steam_boiler_no_arr2_e7_12307.lus,single property
steam_boiler_no_arr2_e8_21449_e5_18210.lus,single property
steam_boiler_no_arr2.lus,single property
SW__1.lus,single property
SW__2.lus,single property
SW__3.lus,single property
SW__4.lus,single property
SW__5.lus,single property
SW__6.lus,single property
SW__7.lus,single property
SW_1__1.lus,single property
SW_1__2.lus,single property
SW_1__3.lus,single property
SW_1__4.lus,single property
SW_1__5.lus,single property
SW_props_no_lits__1.lus,single property
SW_props_no_lits__2.lus,single property
SW_props_no_lits__3.lus,single property
SW_props_no_lits__4.lus,single property
SW_props_no_lits__5.lus,single property
SW_props_no_lits__6.lus,single property
SW2__1.lus,single property
SW2__2.lus,single property
SW2__3.lus,single property
SW2__4.lus,single property
SW2__5.lus,single property
SW2__6.lus,single property
SW2__7.lus,single property
SW2__8.lus,single property
swimmingpool_1_e7_1621.lus,single property
swimmingpool_1.lus,single property
swimmingpool_2.lus,single property
swimmingpool_3.lus,single property
swimmingpool_4_e7_2197.lus,single property
swimmingpool_4.lus,single property
swimmingpool_5.lus,single property
swimmingpool_6_e7_10_e7_341.lus,single property
swimmingpool_6_e7_399.lus,single property
swimmingpool_6.lus,single property
swimmingpool_7.lus,single property
swimmingpool_8.lus,single property
swimmingpool_9.lus,single property
switch.lus,single property
switch2.lus,single property
SYNAPSE_1.lus,single property
SYNAPSE_123_e2_1653.lus,single property
SYNAPSE_123_e3_302_e1_1141.lus,single property
SYNAPSE_123_e3_302.lus,single property
SYNAPSE_123_e7_837_e2_1394.lus,single property
SYNAPSE_123_e7_837_e3_135.lus,single property
SYNAPSE_123_e7_837_e7_1262.lus,single property
SYNAPSE_123_e7_856.lus,single property
SYNAPSE_123_e8_953_e1_1128.lus,single property
SYNAPSE_123_e8_953_e2_458.lus,single property
SYNAPSE_123_e8_953_e3_271.lus,single property
SYNAPSE_123_e8_953_e7_1465.lus,single property
SYNAPSE_123_e8_953_e8_941.lus,single property
SYNAPSE_123_e8_953.lus,single property
SYNAPSE_123.lus,single property
SYNAPSE_2_e1_1239_e1_1331.lus,single property
SYNAPSE_2_e1_1239_e2_74.lus,single property
SYNAPSE_2_e1_1239.lus,single property
SYNAPSE_2_e3_216.lus,single property
SYNAPSE_2_e8_1118_e1_667.lus,single property
SYNAPSE_2_e8_1118_e2_237.lus,single property
SYNAPSE_2_e8_1118_e3_1216.lus,single property
SYNAPSE_2_e8_1118_e7_1043.lus,single property
SYNAPSE_2_e8_1118_e8_1177.lus,single property
SYNAPSE_2_e8_656.lus,single property
SYNAPSE_2.lus,single property
SYNAPSE_3_e1_1416_e1_1675.lus,single property
SYNAPSE_3_e1_1416_e2_753.lus,single property
SYNAPSE_3_e1_1416_e3_1191.lus,single property
SYNAPSE_3_e1_1416_e7_193.lus,single property
SYNAPSE_3_e1_1416.lus,single property
SYNAPSE_3_e3_1041.lus,single property
SYNAPSE_3_e7_1444_e7_638.lus,single property
SYNAPSE_3_e7_425.lus,single property
SYNAPSE_3_e8_1329_e1_1270.lus,single property
SYNAPSE_3_e8_1329_e2_236.lus,single property
SYNAPSE_3_e8_1329_e3_421.lus,single property
SYNAPSE_3_e8_1329_e7_1062.lus,single property
SYNAPSE_3_e8_1329_e8_320.lus,single property
SYNAPSE_3_e8_1708.lus,single property
SYNAPSE_3.lus,single property
SYNAPSE_4_e8_420_e7_572.lus,single property
SYNAPSE_4_e8_420_e8_1525.lus,single property
SYNAPSE_4_e8_974.lus,single property
SYNAPSE_4.lus,single property
SYNAPSE_5_e1_811_e1_823.lus,single property
SYNAPSE_5_e1_811_e2_1026.lus,single property
SYNAPSE_5_e1_811.lus,single property
SYNAPSE_5_e2_1525.lus,single property
SYNAPSE_5.lus,single property
SYNAPSE_6_e2_1439_e1_954.lus,single property
SYNAPSE_6_e3_1666_e5_1558.lus,single property
SYNAPSE_6_e7_938_e2_1012.lus,single property
SYNAPSE_6_e8_1147_e2_1326.lus,single property
SYNAPSE_6.lus,single property
SYNAPSE_all_e3_1750.lus,single property
SYNAPSE_all_e3_1864_e3_495.lus,single property
SYNAPSE_all_e3_1864_e4_34.lus,single property
SYNAPSE_all_e3_1864_e5_1637.lus,single property
SYNAPSE_all_e3_1864_e7_251.lus,single property
SYNAPSE_all_e7_907_e7_1363.lus,single property
SYNAPSE_all_e7_907.lus,single property
SYNAPSE_all_e8_251_e1_1852.lus,single property
SYNAPSE_all_e8_251_e2_1053.lus,single property
SYNAPSE_all_e8_251_e3_1472.lus,single property
SYNAPSE_all_e8_251.lus,single property
SYNAPSE_all.lus,single property
SYNAPSE_i1.lus,single property
TaxiNet__1.lus,single property
TaxiNet__2.lus,single property
Thermostat__1.lus,single property
Thermostat__10.lus,single property
Thermostat__11.lus,single property
Thermostat__12.lus,single property
Thermostat__13.lus,single property
Thermostat__14.lus,single property
Thermostat__15.lus,single property
Thermostat__16.lus,single property
Thermostat__17.lus,single property
Thermostat__18.lus,single property
Thermostat__19.lus,single property
Thermostat__2.lus,single property
Thermostat__3.lus,single property
Thermostat__4.lus,single property
Thermostat__5.lus,single property
Thermostat__6.lus,single property
Thermostat__7.lus,single property
Thermostat__8.lus,single property
Thermostat__9.lus,single property
ticket3i_1_e7_1669.lus,single property
ticket3i_1.lus,single property
ticket3i_2.lus,single property
ticket3i_3_e7_1312_e7_1495.lus,single property
ticket3i_3_e7_1312_e8_1916.lus,single property
ticket3i_3_e7_99.lus,single property
ticket3i_3_e8_1703_e7_3491.lus,single property
ticket3i_3_e8_1703_e8_2560.lus,single property
ticket3i_3_e8_1703.lus,single property
ticket3i_3.lus,single property
ticket3i_4_e7_1775_e7_3320.lus,single property
ticket3i_4.lus,single property
ticket3i_5_e7_3307.lus,single property
ticket3i_5.lus,single property
ticket3i_6_e7_1096_e7_2688.lus,single property
ticket3i_6.lus,single property
ticket3i_7_e1_2192_e1_1852.lus,single property
ticket3i_7_e2_2724_e7_524.lus,single property
ticket3i_7_e3_59_e7_2122.lus,single property
ticket3i_7_e7_3176_e1_2924.lus,single property
ticket3i_7_e7_3176.lus,single property
ticket3i_7_e8_2126_e7_78.lus,single property
ticket3i_7.lus,single property
ticket3i_all_e1_2706_e7_1776.lus,single property
ticket3i_all_e2_1117_e7_553.lus,single property
ticket3i_all_e3_557_e7_3464.lus,single property
ticket3i_all_e7_591.lus,single property
ticket3i_all_e8_505_e7_2450.lus,single property
ticket3i_all.lus,single property
TopLevel_v6__1.lus,single property
TopLevel_v6__2.lus,single property
TopLevel_v6__3.lus,single property
TopLevel_v6__4.lus,single property
TopLevel_v6__5.lus,single property
TopLevel_v6__6.lus,single property
TopLevel_v6__7.lus,single property
TopLevel_v6__8.lus,single property
TopLevel_v6__9.lus,single property
TopSystem__1.lus,single property
TopSystem__2.lus,single property
TopSystem.lus,single property
traffic_e7_46_e7_171.lus,single property
traffic_e7_46.lus,single property
traffic.lus,single property
tramway_e7_1834_e7_2363.lus,single property
tramway_e7_1834_e8_3192.lus,single property
tramway_e7_1834.lus,single property
tramway.lus,single property
triplexVoter.lus,single property
twisted_counters.lus,single property
two_counters_e1_268.lus,single property
two_counters_e2_3.lus,single property
two_counters_e3_325.lus,single property
two_counters_e7_222.lus,single property
two_counters.lus,single property
ums_e7_1700.lus,single property
ums_e8_1032.lus,single property
ums.lus,single property
Uptane__1.lus,single property
Uptane__10.lus,single property
Uptane__2.lus,single property
Uptane__3.lus,single property
Uptane__4.lus,single property
Uptane__5.lus,single property
Uptane__6.lus,single property
Uptane__7.lus,single property
Uptane__8.lus,single property
Uptane__9.lus,single property
WBS__1.lus,single property
WBS__10.lus,single property
WBS__11.lus,single property
WBS__12.lus,single property
WBS__13.lus,single property
WBS__14.lus,single property
WBS__15.lus,single property
WBS__16.lus,single property
WBS__17.lus,single property
WBS__18.lus,single property
WBS__19.lus,single property
WBS__2.lus,single property
WBS__20.lus,single property
WBS__21.lus,single property
WBS__22.lus,single property
WBS__23.lus,single property
WBS__24.lus,single property
WBS__25.lus,single property
WBS__26.lus,single property
WBS__27.lus,single property
WBS__28.lus,single property
WBS__29.lus,single property
WBS__3.lus,single property
WBS__30.lus,single property
WBS__31.lus,single property
WBS__32.lus,single property
WBS__4.lus,single property
WBS__5.lus,single property
WBS__6.lus,single property
WBS__7.lus,single property
WBS__8.lus,single property
WBS__9.lus,single property
XyzToyDos__1.lus,single property
XyzToyDos__2.lus,single property
XyzToyDos__3.lus,single property
XyzToyDos__4.lus,single property
XyzToyDos__5.lus,single property