_6counter2.lus,Invalid,0.56,1.62
_6counter.lus,Invalid,0.77,1.71
_6countern.lus,Invalid,0.56,1.58
_6counters_e3_140_e8_149.lus,Valid,0.57,1.67
_6counters_e8_371_e1_448.lus,Valid,0.57,1.94
_6counters_e8_371_e2_80.lus,Valid,0.44,1.14
_6counters_e8_371_e3_224.lus,Valid,0.55,1.65
_6counters_e8_371_e7_304.lus,Invalid,0.58,1.76
_6counters.lus,Invalid,0.59,1.80
Byzantine__1.lus,Valid,0.62,1.80
Byzantine__2.lus,Valid,0.59,1.88
Byzantine.lus,Valid,0.61,1.82
ByzantineReal__1.lus,Valid,0.65,1.90
ByzantineReal__2.lus,Valid,0.61,1.95
ByzantineReal.lus,Valid,0.58,1.68
car_1_e7_184_e3_299.lus,Valid,0.68,2.42
car_1.lus,Valid,0.50,1.43
car_2_e7_1027_e1_1047.lus,Valid,0.66,2.42
car_2_e7_1027_e7_359.lus,Valid,1.15,5.75
car_2_e8_491_e7_826.lus,Valid,0.58,2.12
car_2.lus,Valid,0.58,1.60
car_3_e1_586.lus,Invalid,0.58,1.73
car_3_e2_695.lus,Valid,0.64,1.80
car_3_e7_626_e1_305.lus,Invalid,0.59,1.65
car_3_e7_626.lus,Valid,0.57,1.60
car_3_e8_33_e1_856.lus,Invalid,0.61,1.74
car_3_e8_33_e2_1010.lus,Valid,0.58,1.61
car_3_e8_33_e7_220.lus,Valid,0.58,1.76
car_3_e8_33.lus,Valid,0.58,1.74
car_3.lus,Valid,0.61,1.80
car_4_e3_57_e4_1047.lus,Valid,0.57,1.72
car_4_e3_57_e5_999.lus,Invalid,0.54,1.58
car_4_e3_57_e6_784.lus,Valid,0.45,1.26
car_4_e3_57.lus,Invalid,0.52,1.63
car_4_e7_592_e3_442.lus,Invalid,0.60,1.61
car_4_e7_592_e7_265.lus,Valid,0.67,2.46
car_4_e7_592.lus,Valid,0.60,1.69
car_4_e8_118_e3_514.lus,Invalid,0.60,1.81
car_4_e8_118_e7_178.lus,Valid,0.68,2.56
car_4_e8_118.lus,Valid,0.57,1.63
car_4.lus,Valid,0.51,1.45
car_5_e2_405_e2_1083.lus,Invalid,0.60,2.01
car_5_e2_405_e3_473.lus,Invalid,0.59,1.94
car_5_e2_405_e8_1055.lus,Invalid,0.62,2.15
car_5_e3_11_e1_429.lus,Invalid,0.60,2.02
car_5_e3_11_e5_24.lus,Invalid,0.62,2.10
car_5_e3_661.lus,Invalid,0.60,2.12
car_5_e7_244_e1_823.lus,Valid,3.43,20.11
car_5_e7_244_e2_693.lus,Invalid,0.62,2.06
car_5_e7_244_e3_1071.lus,Invalid,0.61,2.06
car_5_e7_244.lus,Valid,4.00,24.30
car_5.lus,Valid,3.48,20.89
car_6_e1_152_e1_391.lus,Valid,3.81,23.13
car_6_e1_152.lus,Valid,3.67,21.96
car_6_e2_589_e2_506.lus,Invalid,0.64,2.09
car_6_e2_589_e3_349.lus,Invalid,0.61,2.03
car_6_e2_893.lus,Invalid,0.60,2.03
car_6_e3_294_e1_956.lus,Invalid,0.60,1.98
car_6_e3_294_e3_47.lus,Invalid,0.60,2.05
car_6_e3_294_e5_979.lus,Invalid,0.60,2.14
car_6.lus,Valid,3.51,20.92
car_all_e1_618_e3_303.lus,Invalid,0.50,1.49
car_all_e1_618.lus,Invalid,0.61,1.88
car_all_e2_142_e7_209.lus,Valid,0.56,2.07
car_all_e2_142.lus,Valid,0.46,1.33
car_all_e3_1068_e1_178.lus,Invalid,0.59,1.79
car_all_e3_1068_e2_13.lus,Invalid,0.57,1.74
car_all_e3_1068_e3_163.lus,Invalid,0.61,1.90
car_all_e3_1068_e4_275.lus,Valid,0.65,1.84
car_all_e3_1068_e5_882.lus,Invalid,0.58,1.69
car_all_e3_1068.lus,Invalid,0.63,1.82
car_all_e7_188_e7_743.lus,Valid,1.48,9.05
car_all_e8_856_e1_217.lus,Invalid,0.48,1.47
car_all_e8_856_e2_585.lus,Valid,0.47,1.41
car_all_e8_856_e3_180.lus,Invalid,0.51,1.52
car_all_e8_856_e7_578.lus,Valid,0.67,2.41
car_all_e8_856.lus,Valid,0.56,1.68
car_all.lus,Valid,0.56,1.70
ccp01.lus,Valid,0.71,3.08
ccp02.lus,Valid,0.71,3.16
ccp03.lus,Valid,0.73,3.03
ccp04.lus,Valid,0.71,3.04
ccp05.lus,Valid,0.69,2.46
ccp06.lus,Valid,0.65,2.55
ccp07.lus,Valid,0.63,2.40
ccp08.lus,Valid,5.01,33.52
ccp09.lus,Valid,0.72,2.87
ccp10.lus,Invalid,0.83,3.95
ccp11.lus,Invalid,14.80,89.44
ccp12.lus,Invalid,0.97,4.39
ccp13.lus,Invalid,10.39,70.27
ccp14.lus,Invalid,7.04,48.44
ccp15.lus,Valid,0.80,3.13
ccp16.lus,Valid,0.74,2.17
ccp17.lus,Valid,4.24,28.07
ccp18.lus,Valid,4.23,28.01
ccp19.lus,Valid,0.61,2.53
ccp20.lus,Valid,13.29,85.30
ccp21.lus,Invalid,0.85,3.71
ccp22.lus,Invalid,10.25,69.73
ccp23.lus,Invalid,7.81,53.41
ccp24.lus,Invalid,21.25,110.83
cd_e7_621_e7_669.lus,Invalid,0.58,1.89
cd_e7_8.lus,Invalid,0.59,1.93
cd.lus,Valid,0.55,1.99
channel_bounds.lus,Error,0.31,0.51
channel.lus,Error,0.25,0.40
channel_str.lus,Error,0.29,0.47
channel_top.lus,Error,0.26,0.42
Clock__1.lus,Valid,0.67,2.02
Clock__2.lus,Valid,0.54,1.62
Clock__3.lus,Valid,0.65,1.81
Clock.lus,Valid,0.66,2.18
CollisionAvoidance__1.lus,Valid,0.91,3.66
CollisionAvoidance__2.lus,Valid,1.21,6.15
CollisionAvoidance__3.lus,Valid,1.25,6.32
CollisionAvoidance__4.lus,Invalid,0.91,3.67
CollisionAvoidance__5.lus,Invalid,0.85,3.69
CollisionAvoidance__6.lus,Invalid,0.97,3.83
CollisionAvoidance__7.lus,Invalid,0.99,4.10
CollisionAvoidance.lus:2:4:0:1.13,4.80
controlLaw.lus,Valid,0.50,1.46
cruise_controller_01.lus,Valid,0.78,3.09
cruise_controller_02.lus,Valid,0.73,3.02
cruise_controller_03.lus,Valid,0.71,2.80
cruise_controller_04.lus,Valid,0.72,3.02
cruise_controller_05.lus,Valid,0.63,2.25
cruise_controller_06.lus,Valid,0.60,2.44
cruise_controller_07.lus,Valid,0.66,2.38
cruise_controller_08.lus,Invalid,21.45,109.32
cruise_controller_09.lus,Invalid,0.79,3.28
cruise_controller_10.lus,Valid,22.53,126.78
cruise_controller_11.lus,Valid,0.70,2.45
cruise_controller_12.lus,Valid,3.17,20.71
cruise_controller_13.lus,Valid,0.60,2.38
cruise_controller_14.lus,Valid,2.43,15.65
cruise_controller_15.lus,Invalid,0.78,3.62
cruise_controller_16.lus,Invalid,10.20,67.53
cruise_controller_17.lus,Invalid,0.95,3.94
cruise_controller_18.lus,Valid,14.75,95.36
cruise_controller_19.lus,Valid,7.32,50.78
cruise_controller_20.lus,Invalid,0.79,3.56
cruise_controller_21.lus,Invalid,0.74,3.17
cruise_controller_22.lus,Invalid,0.80,3.34
cruise_controller_23.lus,Invalid,14.22,81.98
cruise_controller_24.lus,Valid,3.31,22.23
CruiseControllerCrv__10.lus,Valid,1.57,8.75
CruiseControllerCrv__11.lus,Valid,1.44,8.44
CruiseControllerCrv__12.lus,Valid,1.47,8.50
CruiseControllerCrv__1.lus,Valid,1.44,8.24
CruiseControllerCrv__2.lus,Valid,0.74,2.44
CruiseControllerCrv__3.lus,Valid,1.52,8.64
CruiseControllerCrv__4.lus,Valid,1.58,8.49
CruiseControllerCrv__5.lus,Valid,4.47,27.97
CruiseControllerCrv__6.lus,Valid,0.69,2.38
CruiseControllerCrv__7.lus,Valid,1.62,8.82
CruiseControllerCrv__8.lus,Valid,1.45,8.23
CruiseControllerCrv__9.lus,Valid,1.53,8.11
CruiseControllerCrv.lus,Valid,4.58,29.65
DeepTaxi__1.lus,Valid,0.71,2.61
DeepTaxi__2.lus,Valid,0.68,2.72
DeepTaxi.lus,Valid,0.78,3.17
DeliveryDrone__1.lus,Valid,0.85,3.49
DeliveryDrone__2.lus,Invalid,0.97,4.08
DeliveryDrone__3.lus,Invalid,0.98,3.99
DeliveryDrone__4.lus,Invalid,1.03,4.16
DeliveryDrone__5.lus,Valid,4.56,30.84
DeliveryDrone__6.lus,Valid,3.12,20.48
DeliveryDrone__7.lus,Valid,4.44,30.22
DeliveryDrone.lus:5:3:0:6.04,41.76
DRAGON_10_e1_3587_e3_2749.lus,Valid,0.64,2.15
DRAGON_10_e1_3587_e7_872.lus,Invalid,0.70,2.39
DRAGON_10_e1_998.lus,Valid,0.67,2.26
DRAGON_10_e2_2785_e3_1744.lus,Valid,0.65,2.22
DRAGON_10_e2_402.lus,Valid,0.66,2.26
DRAGON_10_e3_144_e5_2046.lus,Valid,0.63,2.18
DRAGON_10_e3_144_e7_523.lus,Invalid,0.68,2.38
DRAGON_10_e3_3429.lus,Valid,0.63,2.12
DRAGON_10_e7_3861_e2_1020.lus,Invalid,0.69,2.39
DRAGON_10_e7_3861_e7_2180.lus,Invalid,0.72,2.37
DRAGON_10.lus,Valid,0.65,2.12
DRAGON_11_e1_2450_e1_5887.lus,Valid,22.83,104.50
DRAGON_11_e1_2450_e2_1483.lus,Valid,63.35,231.33
DRAGON_11_e1_2450_e3_2330.lus,Valid,8.55,51.51
DRAGON_11_e1_2450_e7_5791.lus,Invalid,0.68,2.39
DRAGON_11_e1_2450.lus,Valid,11.19,61.52
DRAGON_11_e2_1678_e1_3565.lus,Valid,7.26,44.69
DRAGON_11_e2_5396_e3_282.lus,Valid,12.02,65.94
DRAGON_11_e3_382_e1_505.lus,Valid,7.65,47.10
DRAGON_11_e3_382_e4_4421.lus,Valid,37.61,152.84
DRAGON_11.lus,Valid,11.47,66.00
DRAGON_12_e1_4640_e7_128.lus,Invalid,0.70,2.45
DRAGON_12_e2_1618_e1_6030.lus,Valid,7.57,48.42
DRAGON_12_e2_1618_e2_138.lus,Valid,4.08,25.81
DRAGON_12_e2_1618_e3_2012.lus,Valid,5.08,32.65
DRAGON_12_e2_1618_e7_4732.lus,Invalid,0.71,2.52
DRAGON_12_e2_1618.lus,Valid,3.75,23.42
DRAGON_12.lus,Valid,7.46,46.85
DRAGON_13_e3_1418_e3_2761.lus,Valid,5.46,34.99
DRAGON_13_e7_2336_e1_541.lus,Invalid,0.75,2.53
DRAGON_13_e7_2336_e2_1255.lus,Invalid,0.68,2.37
DRAGON_13_e7_2336_e3_3117.lus,Invalid,0.75,2.61
DRAGON_13_e7_2336_e7_685.lus,Invalid,0.69,2.44
DRAGON_13_e7_2336.lus,Invalid,0.71,2.50
DRAGON_13.lus,Valid,4.14,25.53
DRAGON_14_e1_5710.lus,Valid,24.28,114.66
DRAGON_14_e2_3606.lus,Timeout,300.13,929.26
DRAGON_14_e3_1259_e1_5798.lus,Timeout,300.12,933.54
DRAGON_14_e3_5120.lus,Valid,47.65,185.82
DRAGON_14_e7_3162_e1_3998.lus,Invalid,0.68,2.43
DRAGON_14_e7_3162_e2_753.lus,Invalid,0.68,2.47
DRAGON_14_e7_3162_e3_4298.lus,Invalid,0.75,2.71
DRAGON_14_e7_3162_e7_3528.lus,Invalid,0.68,2.48
DRAGON_14_e7_3162.lus,Invalid,0.69,2.42
DRAGON_14.lus,Timeout,300.13,930.71
DRAGON_1_e1_14612_e1_268_e7_501.lus,Valid,1.97,11.65
DRAGON_1_e1_14612_e2_2653_e7_4370.lus,Valid,1.96,11.54
DRAGON_1_e1_3184_e7_1888.lus,Valid,1.96,11.22
DRAGON_1_e1_5070.lus,Valid,0.70,2.27
DRAGON_1_e2_1997_e7_3613_e2_3409.lus,Valid,1.65,9.79
DRAGON_1_e2_1997.lus,Valid,0.65,2.25
DRAGON_1_e3_11891_e7_4569_e4_4881.lus,Valid,1.75,10.41
DRAGON_1.lus,Valid,0.62,2.13
DRAGON_2_e1_2316.lus,Valid,0.55,1.76
DRAGON_2_e2_3183_e1_2644.lus,Valid,0.56,1.74
DRAGON_2_e2_3183_e2_3580.lus,Valid,0.56,1.82
DRAGON_2_e2_3183_e3_5972.lus,Valid,0.55,1.73
DRAGON_2_e2_4481.lus,Valid,0.56,1.71
DRAGON_2_e7_25_e1_154.lus,Invalid,0.78,2.50
DRAGON_2_e7_25_e2_5340.lus,Invalid,0.68,2.40
DRAGON_2_e7_25_e3_829.lus,Invalid,0.77,2.43
DRAGON_2_e7_25_e7_4469.lus,Invalid,0.75,2.61
DRAGON_2_e7_25_e8_3171.lus,Valid,0.50,1.58
DRAGON_2_e7_25.lus,Invalid,0.70,2.47
DRAGON_2.lus,Valid,0.55,1.69
DRAGON_3_e1_4783_e1_3755.lus,Valid,0.66,2.27
DRAGON_3_e1_4783_e2_158.lus,Valid,0.65,2.29
DRAGON_3_e1_4783_e3_511.lus,Valid,0.63,2.27
DRAGON_3_e1_4783_e7_4070.lus,Invalid,0.71,2.49
DRAGON_3_e1_4783.lus,Valid,0.66,2.31
DRAGON_3_e2_5343_e1_988.lus,Valid,0.61,2.20
DRAGON_3_e3_3846.lus,Valid,0.65,2.30
DRAGON_3_e3_5422_e1_2288.lus,Valid,0.55,1.76
DRAGON_3_e3_5422_e2_3135.lus,Valid,0.67,2.29
DRAGON_3_e7_4884.lus,Invalid,0.67,2.37
DRAGON_3.lus,Valid,0.66,2.33
DRAGON_4_e1_4312.lus,Valid,3.55,21.82
DRAGON_4_e2_2799_e1_1303.lus,Valid,2.58,15.69
DRAGON_4_e2_2799_e2_2251.lus,Valid,2.27,13.73
DRAGON_4_e2_2799_e3_1915.lus,Valid,3.45,21.05
DRAGON_4_e2_2799_e7_2499.lus,Invalid,0.70,2.49
DRAGON_4_e2_2799.lus,Valid,2.67,16.35
DRAGON_4_e3_1540_e1_5048.lus,Valid,3.76,23.72
DRAGON_4_e3_4133.lus,Valid,3.54,22.58
DRAGON_4_e7_2329_e3_4574.lus,Invalid,0.68,2.35
DRAGON_4_e7_2329_e7_3856.lus,Invalid,0.72,2.45
DRAGON_4_e7_2329.lus,Invalid,0.69,2.49
DRAGON_4.lus,Valid,3.39,21.28
DRAGON_5_e1_1835.lus,Valid,4.27,28.54
DRAGON_5_e2_3018_e2_936.lus,Valid,3.02,19.31
DRAGON_5_e7_2017_e1_5832.lus,Invalid,0.71,2.50
DRAGON_5_e7_2017_e2_664.lus,Invalid,0.71,2.46
DRAGON_5_e7_2017_e3_1763.lus,Invalid,0.71,2.47
DRAGON_5_e7_2017_e7_2326.lus,Invalid,0.71,2.58
DRAGON_5_e7_2017.lus,Invalid,0.78,2.61
DRAGON_5.lus,Valid,3.12,20.35
DRAGON_6_e7_5046_e7_3623.lus,Valid,1.94,11.65
DRAGON_6.lus,Valid,0.64,2.13
DRAGON_7_e2_2872_e2_5844.lus,Valid,0.63,2.15
DRAGON_7_e2_2872_e3_2640.lus,Valid,0.65,2.27
DRAGON_7_e7_3157_e2_2082.lus,Valid,2.05,12.94
DRAGON_7.lus,Valid,0.68,2.38
DRAGON_8_e2_3896_e3_3125.lus,Valid,3.08,19.10
DRAGON_8_e3_786_e7_4541.lus,Valid,1.94,11.99
DRAGON_8_e3_786.lus,Valid,2.81,18.06
DRAGON_8_e7_3752.lus,Valid,2.22,13.68
DRAGON_8.lus,Valid,2.45,15.79
DRAGON_9_e7_1843_e1_5434.lus,Valid,1.51,8.82
DRAGON_9_e7_1843_e2_1145.lus,Valid,1.45,8.44
DRAGON_9_e7_1843_e3_5316.lus,Valid,1.51,8.96
DRAGON_9_e7_1843_e7_2225.lus,Valid,1.63,9.83
DRAGON_9_e7_1843.lus,Valid,1.58,8.98
DRAGON_9.lus,Valid,0.65,2.10
DRAGON_all2_e2_2073_e8_3691.lus,Invalid,0.71,2.59
DRAGON_all2_e3_4612_e1_6463.lus,Valid,6.94,47.62
DRAGON_all2_e3_4612_e2_5774.lus,Valid,10.41,69.61
DRAGON_all2_e3_4612_e3_1543.lus,Valid,9.98,68.59
DRAGON_all2_e3_4612_e4_3719.lus,Valid,9.48,65.85
DRAGON_all2_e3_4612_e5_3642.lus,Valid,11.67,77.71
DRAGON_all2_e3_4612_e8_5861.lus,Invalid,0.72,2.65
DRAGON_all2_e7_5406_e1_6690.lus,Invalid,0.74,2.57
DRAGON_all2_e7_5406_e2_3084.lus,Invalid,0.75,2.67
DRAGON_all2_e7_5406_e3_506.lus,Invalid,0.69,2.48
DRAGON_all2_e7_5406_e7_6697.lus,Invalid,0.68,2.47
DRAGON_all2_e7_5406.lus,Invalid,0.82,2.72
DRAGON_all2_e8_4626.lus,Invalid,0.74,2.70
DRAGON_all2_e8_5504_e1_4719.lus,Invalid,0.73,2.66
DRAGON_all2_e8_5504_e7_579.lus,Invalid,0.69,2.51
DRAGON_all2.lus,Valid,5.89,40.11
DRAGON_all_e1_4022_e1_1759.lus,Valid,0.65,2.30
DRAGON_all_e1_4022_e2_267.lus,Valid,0.64,2.25
DRAGON_all_e1_4022_e3_3628.lus,Valid,0.67,2.26
DRAGON_all_e1_4022_e7_2886.lus,Invalid,0.72,2.52
DRAGON_all_e1_4037.lus,Valid,0.65,2.32
DRAGON_all_e2_6104_e1_6205.lus,Valid,0.65,2.31
DRAGON_all_e2_6104_e2_3308.lus,Valid,0.65,2.29
DRAGON_all_e2_6104_e3_2607.lus,Valid,0.68,2.26
DRAGON_all_e2_6104.lus,Valid,0.61,2.21
DRAGON_all_e3_4821_e1_1318.lus,Valid,0.66,2.36
DRAGON_all_e3_4821_e2_1089.lus,Valid,0.66,2.29
DRAGON_all_e3_4821_e4_1791.lus,Valid,0.63,2.24
DRAGON_all_e3_4821_e5_1536.lus,Valid,0.65,2.32
DRAGON_all_e3_5957.lus,Valid,0.64,2.31
DRAGON_all_e7_1941_e2_6086.lus,Invalid,0.71,2.53
DRAGON_all_e7_4065.lus,Invalid,0.74,2.66
DRAGON_all.lus,Valid,0.62,2.15
durationThm_1_e1_350.lus,Invalid,0.57,1.69
durationThm_1_e2_3.lus,Valid,0.68,2.41
durationThm_1_e3_389_e4_294.lus,Valid,0.67,2.40
durationThm_1_e3_389_e5_5.lus,Valid,0.67,2.57
durationThm_1_e3_389.lus,Valid,0.66,2.60
durationThm_1_e7_217_e1_89.lus,Invalid,0.58,1.84
durationThm_1_e7_217_e2_352.lus,Valid,1.26,6.95
durationThm_1_e7_217_e3_132.lus,Valid,1.49,9.04
durationThm_1_e7_217_e7_31.lus,Invalid,0.59,1.70
durationThm_1_e7_217.lus,Invalid,0.48,1.47
durationThm_1.lus,Timeout,290.43,1219.81
durationThm_2_e1_301.lus,Valid,2.07,12.60
durationThm_2_e2_63.lus,Valid,0.70,2.28
durationThm_2_e3_329_e4_1.lus,Valid,0.75,2.40
durationThm_2_e3_329_e5_124.lus,Valid,0.66,2.48
durationThm_2_e3_99.lus,Valid,0.65,2.44
durationThm_2_e7_145_e1_343.lus,Invalid,0.60,1.83
durationThm_2_e7_145_e2_169.lus,Valid,1.06,5.26
durationThm_2_e7_145_e3_222.lus,Valid,1.26,7.03
durationThm_2_e7_145_e7_154.lus,Invalid,0.60,1.76
durationThm_2_e7_145_e8_73.lus,Valid,1.95,11.92
durationThm_2_e7_149.lus,Invalid,0.59,1.75
durationThm_2.lus,Valid,2.05,13.14
durationThm_3_e1_36.lus,Invalid,0.60,1.71
durationThm_3_e2_63.lus,Valid,0.62,1.73
durationThm_3_e3_207.lus,Valid,0.46,1.34
durationThm_3_e3_442_e4_165.lus,Valid,0.56,1.69
durationThm_3_e3_442_e5_260.lus,Valid,0.46,1.29
durationThm_3_e7_334_e1_431.lus,Invalid,0.48,1.34
durationThm_3_e7_334_e2_62.lus,Valid,0.67,2.16
durationThm_3_e7_334_e3_42.lus,Valid,0.66,2.55
durationThm_3_e7_334_e7_118.lus,Invalid,0.56,1.58
durationThm_3_e7_334.lus,Invalid,0.48,1.39
durationThm_3.lus,Valid,1.72,10.72
ex3.lus,Valid,0.58,1.59
ex8_e7_74_e7_740.lus,Invalid,0.59,1.68
ex8_e7_74_e8_302.lus,Invalid,0.50,1.50
ex8_e7_74.lus,Invalid,0.51,1.47
ex8_e8_220_e7_249.lus,Invalid,0.49,1.42
ex8_e8_220.lus,Invalid,0.49,1.42
ex8.lus,Invalid,0.53,1.55
fast_1_e7_2044_e7_1287.lus,Invalid,0.65,2.06
fast_1_e7_2044.lus,Invalid,0.69,2.13
fast_1_e8_747_e7_692.lus,Invalid,0.64,2.06
fast_1_e8_747_e8_1041.lus,Valid,0.50,1.31
fast_1_e8_751.lus,Valid,0.60,1.85
fast_1.lus,Valid,0.55,1.44
fast_2_e7_2526_e7_2736.lus,Invalid,0.59,1.99
fast_2_e7_2526.lus,Invalid,0.71,2.29
fast_2_e8_460_e7_43.lus,Invalid,0.68,2.18
fast_2_e8_460_e8_1920.lus,Valid,0.72,2.11
fast_2_e8_976.lus,Valid,0.55,1.64
fast_2.lus,Valid,0.65,2.08
FCS__1.lus,Valid,0.69,2.51
FCS__2.lus,Valid,3.11,19.94
FCS__3.lus,Invalid,0.95,4.25
FCS.lus:3:1:0:1.10,5.03
FIREFLY_10_e7_919_e2_3192.lus,Valid,1.30,6.84
FIREFLY_10.lus,Valid,0.68,2.07
FIREFLY_11_e1_3457.lus,Valid,1.50,8.42
FIREFLY_11_e3_2076_e1_1270.lus,Valid,2.03,12.37
FIREFLY_11.lus,Valid,1.41,8.21
FIREFLY_1_e1_1092_e1_1486.lus,Invalid,0.64,2.28
FIREFLY_1_e1_1092_e2_1853.lus,Valid,0.46,1.32
FIREFLY_1_e1_1092_e3_389.lus,Invalid,0.75,2.34
FIREFLY_1_e1_1092_e7_1119.lus,Invalid,0.66,2.12
FIREFLY_1_e1_1092.lus,Invalid,0.72,2.35
FIREFLY_1.lus,Valid,0.51,1.42
FIREFLY_2_e3_151_e3_1540.lus,Invalid,0.74,2.38
FIREFLY_2.lus,Valid,0.63,2.05
FIREFLY_3_e2_2236_e1_2305.lus,Valid,0.63,1.92
FIREFLY_3_e2_2236_e2_1058.lus,Valid,0.58,1.70
FIREFLY_3_e2_2236_e3_2657.lus,Invalid,0.68,2.26
FIREFLY_3_e2_2236_e7_3681.lus,Valid,1.21,6.83
FIREFLY_3_e2_2236.lus,Valid,0.63,1.97
FIREFLY_3.lus,Valid,0.61,1.89
FIREFLY_4_e3_3511_e1_2375.lus,Invalid,0.68,2.29
FIREFLY_4_e3_3511_e2_1923.lus,Valid,1.40,8.26
FIREFLY_4_e3_3511_e3_422.lus,Valid,1.41,8.17
FIREFLY_4_e3_3511_e4_1464.lus,Invalid,0.70,2.26
FIREFLY_4_e3_3511_e5_3248.lus,Valid,1.51,8.77
FIREFLY_4_e3_3511_e7_3568.lus,Invalid,0.75,2.47
FIREFLY_4_e3_3511.lus,Valid,1.51,8.54
FIREFLY_4.lus,Valid,0.62,2.09
FIREFLY_5_e1_2552_e7_1169.lus,Valid,1.30,7.49
FIREFLY_5_e2_2229.lus,Valid,0.52,1.65
FIREFLY_5_e2_2884_e1_2678.lus,Valid,0.61,1.95
FIREFLY_5_e2_2884_e2_1492.lus,Valid,0.51,1.60
FIREFLY_5_e2_2884_e3_1882.lus,Valid,0.57,1.67
FIREFLY_5_e2_2884_e7_3594.lus,Valid,1.29,7.11
FIREFLY_5.lus,Valid,0.59,2.08
FIREFLY_6_e2_3302.lus,Valid,2.53,15.29
FIREFLY_6.lus,Valid,2.34,14.57
FIREFLY_7.lus,Valid,9.01,54.82
FIREFLY_8_e2_1711_e1_1489.lus,Valid,0.50,1.51
FIREFLY_8_e2_1711_e2_2673.lus,Valid,0.60,1.94
FIREFLY_8_e2_1711_e3_1753.lus,Valid,0.60,1.96
FIREFLY_8_e2_1711_e7_1962.lus,Invalid,0.61,1.81
FIREFLY_8_e2_1711.lus,Valid,0.62,1.86
FIREFLY_8.lus,Valid,0.68,1.91
FIREFLY_9_e7_170_e3_3647.lus,Valid,1.50,8.40
FIREFLY_9.lus,Valid,0.62,1.98
FIREFLY_a3_e1_3233_e1_3123.lus,Invalid,0.65,2.21
FIREFLY_a3_e1_3233_e2_2392.lus,Valid,0.59,2.09
FIREFLY_a3_e1_3233_e3_2970.lus,Valid,0.60,2.08
FIREFLY_a3_e1_3233_e7_906.lus,Invalid,0.67,2.15
FIREFLY_a3_e1_3233.lus,Invalid,0.69,2.28
FIREFLY_a3_e2_2086_e1_3235.lus,Valid,0.61,2.04
FIREFLY_a3_e2_2086_e2_2689.lus,Valid,0.63,2.08
FIREFLY_a3_e2_2086_e3_2542.lus,Valid,0.60,2.04
FIREFLY_a3_e2_2086_e7_2614.lus,Invalid,0.63,2.09
FIREFLY_a3_e2_2952.lus,Valid,0.64,2.12
FIREFLY_a3_e3_314_e1_1979.lus,Invalid,0.66,2.35
FIREFLY_a3_e3_314_e2_2812.lus,Valid,0.64,2.10
FIREFLY_a3_e3_314_e4_897.lus,Invalid,0.67,2.30
FIREFLY_a3.lus,Valid,0.60,2.11
FIREFLY_all_e1_1207_e1_1201.lus,Invalid,0.68,2.26
FIREFLY_all_e1_1207_e2_3220.lus,Valid,0.62,2.03
FIREFLY_all_e1_1207_e3_1928.lus,Invalid,0.74,2.32
FIREFLY_all_e1_1207_e7_156.lus,Invalid,0.68,2.23
FIREFLY_all_e1_3406.lus,Invalid,0.66,2.19
FIREFLY_all_e2_2924_e1_768.lus,Valid,0.63,2.06
FIREFLY_all_e2_2924_e2_1767.lus,Invalid,0.72,2.37
FIREFLY_all_e2_2924_e3_3946.lus,Invalid,0.69,2.33
FIREFLY_all_e2_2924_e7_3371.lus,Invalid,0.67,2.20
FIREFLY_all_e2_3678.lus,Invalid,0.71,2.33
FIREFLY_all_e3_1600_e1_667.lus,Invalid,0.64,2.25
FIREFLY_all_e3_1600_e2_676.lus,Invalid,0.75,2.40
FIREFLY_all_e3_1600_e3_2055.lus,Invalid,0.67,2.24
FIREFLY_all_e3_1600_e4_2415.lus,Invalid,0.63,2.13
FIREFLY_all_e3_1600_e5_84.lus,Invalid,0.67,2.25
FIREFLY_all_e3_1600_e7_1607.lus,Invalid,0.67,2.23
FIREFLY_all_e3_3496.lus,Invalid,0.78,2.48
FIREFLY_all_e7_1909.lus,Invalid,0.65,2.18
FIREFLY_all.lus,Valid,0.65,2.05
FIREFLY_luke_1a_e2_284_e1_2924.lus,Valid,1.62,9.51
FIREFLY_luke_1a_e2_284_e2_2755.lus,Valid,1.71,10.36
FIREFLY_luke_1a_e2_284_e3_3091.lus,Valid,2.30,13.16
FIREFLY_luke_1a_e2_284_e7_998.lus,Invalid,0.65,2.21
FIREFLY_luke_1a_e7_3042_e3_1213.lus,Valid,2.37,14.73
FIREFLY_luke_1a.lus,Valid,1.60,8.96
FIREFLY_luke_1b_e1_1139_e1_1565.lus,Invalid,0.56,1.85
FIREFLY_luke_1b_e1_1139_e2_2893.lus,Valid,0.61,1.84
FIREFLY_luke_1b_e1_1139_e3_1839.lus,Invalid,0.63,2.02
FIREFLY_luke_1b_e1_1691.lus,Invalid,0.78,2.52
FIREFLY_luke_1b_e2_3049_e1_946.lus,Valid,0.50,1.51
FIREFLY_luke_1b_e2_3049_e2_698.lus,Invalid,0.66,2.28
FIREFLY_luke_1b_e2_3049_e3_2697.lus,Invalid,0.67,2.26
FIREFLY_luke_1b_e2_3049.lus,Invalid,0.59,1.91
FIREFLY_luke_1b_e3_671_e1_725.lus,Invalid,0.73,2.37
FIREFLY_luke_1b_e3_671_e2_2131.lus,Invalid,0.69,2.28
FIREFLY_luke_1b_e3_671_e3_941.lus,Invalid,0.67,2.05
FIREFLY_luke_1b_e3_671_e4_147.lus,Invalid,0.66,2.23
FIREFLY_luke_1b_e3_671_e5_1637.lus,Invalid,0.67,2.30
FIREFLY_luke_1b_e3_671_e6_1974.lus,Valid,0.51,1.52
FIREFLY_luke_1b_e3_671_e7_1882.lus,Invalid,0.65,2.27
FIREFLY_luke_1b_e3_671.lus,Invalid,0.60,1.81
FIREFLY_luke_1b_e7_2574.lus,Invalid,0.71,2.34
FIREFLY_luke_1b_e7_3191_e1_1303.lus,Invalid,0.72,2.28
FIREFLY_luke_1b_e7_3191_e2_1864.lus,Invalid,0.67,2.05
FIREFLY_luke_1b_e7_3191_e7_2146.lus,Invalid,0.70,2.34
FIREFLY_luke_1b.lus,Valid,0.50,1.46
FIREFLY_luke_2_e2_1375_e1_418.lus,Valid,2.65,16.16
FIREFLY_luke_2_e7_1826_e8_126.lus,Valid,3.12,19.40
FIREFLY_luke_2.lus,Valid,2.69,16.27
FIREFLY_luke_3_e1_2217_e3_1200.lus,Valid,3.11,19.71
FIREFLY_luke_3.lus,Valid,2.90,18.04
FIREFLY_luke_4_e2_325.lus,Valid,2.00,11.74
FIREFLY_luke_4.lus,Valid,1.56,8.79
FIREFLY_luke_5.lus,Valid,1.41,8.26
FIREFLY_luke_rt_e1_913_e1_1993.lus,Invalid,0.67,2.25
FIREFLY_luke_rt_e1_913_e2_3353.lus,Valid,0.62,2.07
FIREFLY_luke_rt_e1_913_e3_2128.lus,Invalid,0.67,2.16
FIREFLY_luke_rt_e1_913_e7_1403.lus,Invalid,0.68,2.18
FIREFLY_luke_rt_e1_913.lus,Invalid,0.65,2.05
FIREFLY_luke_rt_e2_3460_e1_1455.lus,Valid,0.58,1.90
FIREFLY_luke_rt_e2_3460_e2_2670.lus,Invalid,0.62,2.12
FIREFLY_luke_rt_e2_3460_e3_1333.lus,Invalid,0.70,2.28
FIREFLY_luke_rt_e2_3460_e7_471.lus,Invalid,0.68,2.29
FIREFLY_luke_rt_e2_3460.lus,Invalid,0.63,2.18
FIREFLY_luke_rt_e3_1549.lus,Invalid,0.62,2.01
FIREFLY_luke_rt.lus,Valid,0.70,2.20
FIREFLY_rt_e3_1770_e2_637.lus,Valid,2.61,16.22
FIREFLY_rt.lus,Valid,2.94,18.23
FIREFLY_u1_e2_3403_e2_957.lus,Valid,2.70,16.13
FIREFLY_u1_e7_3318.lus,Invalid,0.67,2.16
FIREFLY_u1.lus,Valid,2.55,14.81
functionalChain_bounds_large.lus,Error,0.25,0.41
functionalChain_bounds_medium.lus,Error,0.25,0.41
functionalChain_bounds_small.lus,Error,0.29,0.48
functionalChain_str_large.lus,Error,0.26,0.41
functionalChain_str_medium.lus,Error,0.25,0.41
functionalChain_str_small.lus,Error,0.26,0.41
Gas.lus,Timeout,290.39,1225.80
HacmsTiming__1.lus,Valid,0.68,2.49
HacmsTiming__2.lus,Invalid,0.79,3.13
HacmsTiming.lus:2:1:0:0.89,3.77
hysteresis_1.lus,Valid,0.45,1.19
hysteresis_2.lus,Valid,0.50,1.31
hysteresis_3.lus,Valid,0.47,1.35
hysteresis_all.lus,Valid,0.47,1.31
ILLINOIS_1.lus,Valid,0.54,1.56
ILLINOIS_2_e1_834_e1_1895.lus,Invalid,0.55,1.81
ILLINOIS_2_e1_834_e2_3395.lus,Valid,0.50,1.48
ILLINOIS_2_e1_834_e3_2931.lus,Invalid,0.55,1.78
ILLINOIS_2_e1_834_e7_3738.lus,Invalid,0.65,2.08
ILLINOIS_2_e1_834.lus,Invalid,0.66,2.21
ILLINOIS_2_e2_2367_e1_3182.lus,Valid,0.60,1.92
ILLINOIS_2_e2_2367_e2_1561.lus,Invalid,0.64,1.95
ILLINOIS_2_e2_2367_e3_1601.lus,Invalid,0.62,2.11
ILLINOIS_2_e2_2367_e7_2728.lus,Invalid,0.55,1.69
ILLINOIS_2_e2_876.lus,Invalid,0.69,2.25
ILLINOIS_2.lus,Valid,0.50,1.45
ILLINOIS_3_e3_2581_e1_1130.lus,Invalid,0.63,2.11
ILLINOIS_3_e3_2581_e2_2545.lus,Invalid,0.55,1.72
ILLINOIS_3_e3_2581_e3_979.lus,Invalid,0.66,2.34
ILLINOIS_3_e3_2581_e4_958.lus,Invalid,0.53,1.68
ILLINOIS_3_e3_2581_e5_4006.lus,Invalid,0.65,2.14
ILLINOIS_3_e3_2581_e7_3447.lus,Invalid,0.67,2.18
ILLINOIS_3_e3_2581.lus,Invalid,0.68,2.30
ILLINOIS_3.lus,Valid,0.62,2.07
ILLINOIS_4_e7_2651_e7_2847.lus,Valid,1.59,8.84
ILLINOIS_4.lus,Valid,0.60,2.07
ILLINOIS_5_e7_692_e7_2865.lus,Valid,1.62,9.59
ILLINOIS_5.lus,Valid,0.61,1.84
ILLINOIS_a1.lus,Valid,2.51,16.03
ILLINOIS_all.lus,Valid,0.60,1.98
ILLINOIS_r4a.lus,Valid,2.81,17.83
int32__6countern.lus,Error,0.20,0.33
int32__6counters_e3_140_e8_149.lus,Error,0.22,0.37
int32__6counters_e8_371_e1_448.lus,Error,0.23,0.38
int32__6counters_e8_371_e2_80.lus,Error,0.25,0.39
int32__6counters_e8_371_e3_224.lus,Error,0.23,0.36
int32__6counters_e8_371_e7_304.lus,Error,0.23,0.37
int32__6counters.lus,Error,0.23,0.38
int32_car_1_e7_184_e3_299.lus,Error,0.22,0.34
int32_car_1.lus,Error,0.25,0.40
int32_car_2_e7_1027_e1_1047.lus,Error,0.24,0.39
int32_car_2_e7_1027_e7_359.lus,Error,0.32,0.51
int32_car_2_e8_491_e7_826.lus,Error,0.24,0.38
int32_car_2.lus,Error,0.24,0.39
int32_car_3_e1_586.lus,Error,0.26,0.43
int32_car_3_e2_695.lus,Error,0.22,0.36
int32_car_3_e7_626_e1_305.lus,Error,0.24,0.38
int32_car_3_e7_626.lus,Error,0.24,0.39
int32_car_3_e8_33_e1_856.lus,Error,0.24,0.38
int32_car_3_e8_33_e2_1010.lus,Error,0.28,0.44
int32_car_3_e8_33_e7_220.lus,Error,0.26,0.43
int32_car_3_e8_33.lus,Error,0.24,0.38
int32_car_3.lus,Error,0.24,0.39
int32_car_4_e3_57_e4_1047.lus,Error,0.22,0.36
int32_car_4_e3_57_e5_999.lus,Error,0.22,0.37
int32_car_4_e3_57_e6_784.lus,Error,0.27,0.42
int32_car_4_e3_57.lus,Error,0.24,0.39
int32_car_4_e7_592_e3_442.lus,Error,0.23,0.38
int32_car_4_e7_592_e7_265.lus,Error,0.24,0.38
int32_car_4_e7_592.lus,Error,0.27,0.44
int32_car_4_e8_118_e3_514.lus,Error,0.30,0.50
int32_car_4_e8_118_e7_178.lus,Error,0.24,0.38
int32_car_4_e8_118.lus,Error,0.24,0.38
int32_car_4.lus,Error,0.23,0.37
int32_car_5_e2_405_e2_1083.lus,Error,0.30,0.49
int32_car_5_e2_405_e3_473.lus,Error,0.24,0.39
int32_car_5_e2_405_e8_1055.lus,Error,0.23,0.37
int32_car_5_e3_11_e1_429.lus,Error,0.22,0.37
int32_car_5_e3_11_e5_24.lus,Error,0.24,0.38
int32_car_5_e3_661.lus,Error,0.24,0.40
int32_car_5_e7_244_e1_823.lus,Error,0.24,0.39
int32_car_5_e7_244_e2_693.lus,Error,0.24,0.37
int32_car_5_e7_244_e3_1071.lus,Error,0.24,0.39
int32_car_5_e7_244.lus,Error,0.27,0.44
int32_car_5.lus,Error,0.25,0.39
int32_car_6_e1_152_e1_391.lus,Error,0.27,0.45
int32_car_6_e1_152.lus,Error,0.24,0.38
int32_car_6_e2_589_e2_506.lus,Error,0.27,0.45
int32_car_6_e2_589_e3_349.lus,Error,0.26,0.42
int32_car_6_e2_893.lus,Error,0.23,0.38
int32_car_6_e3_294_e1_956.lus,Error,0.23,0.38
int32_car_6_e3_294_e3_47.lus,Error,0.24,0.39
int32_car_6_e3_294_e5_979.lus,Error,0.26,0.43
int32_car_6.lus,Error,0.27,0.44
int32_car_all_e1_618_e3_303.lus,Error,0.20,0.34
int32_car_all_e1_618.lus,Error,0.24,0.39
int32_car_all_e2_142_e7_209.lus,Error,0.24,0.39
int32_car_all_e2_142.lus,Error,0.25,0.39
int32_car_all_e3_1068_e1_178.lus,Error,0.23,0.37
int32_car_all_e3_1068_e2_13.lus,Error,0.24,0.39
int32_car_all_e3_1068_e3_163.lus,Error,0.24,0.39
int32_car_all_e3_1068_e4_275.lus,Error,0.24,0.36
int32_car_all_e3_1068_e5_882.lus,Error,0.24,0.39
int32_car_all_e3_1068.lus,Error,0.24,0.39
int32_car_all_e7_188_e7_743.lus,Error,0.24,0.38
int32_car_all_e8_856_e1_217.lus,Error,0.24,0.40
int32_car_all_e8_856_e2_585.lus,Error,0.24,0.39
int32_car_all_e8_856_e3_180.lus,Error,0.23,0.37
int32_car_all_e8_856_e7_578.lus,Error,0.24,0.38
int32_car_all_e8_856.lus,Error,0.24,0.38
int32_car_all.lus,Error,0.24,0.38
int32_ccp01.lus,Error,0.32,0.69
int32_ccp02.lus,Error,0.37,0.79
int32_ccp03.lus,Error,0.35,0.76
int32_ccp04.lus,Error,0.31,0.67
int32_ccp05.lus,Error,0.37,0.81
int32_ccp06.lus,Error,0.35,0.74
int32_ccp07.lus,Error,0.31,0.67
int32_ccp08.lus,Error,0.31,0.66
int32_ccp09.lus,Error,0.31,0.66
int32_ccp10.lus,Error,0.31,0.67
int32_ccp11.lus,Error,0.32,0.68
int32_ccp12.lus,Error,0.32,0.69
int32_ccp13.lus,Error,0.30,0.66
int32_ccp14.lus,Error,0.31,0.67
int32_ccp15.lus,Error,0.31,0.65
int32_ccp16.lus,Error,0.41,0.91
int32_ccp17.lus,Error,0.35,0.76
int32_ccp18.lus,Error,0.31,0.67
int32_ccp19.lus,Error,0.32,0.68
int32_ccp20.lus,Error,0.31,0.67
int32_ccp21.lus,Error,0.32,0.68
int32_ccp22.lus,Error,0.31,0.67
int32_ccp23.lus,Error,0.32,0.70
int32_ccp24.lus,Error,0.41,0.90
int32_cd_e7_621_e7_669.lus,Error,0.23,0.38
int32_cd_e7_8.lus,Error,0.24,0.39
int32_cd.lus,Error,0.25,0.39
int32_cruise_controller_01.lus,Error,0.31,0.66
int32_cruise_controller_02.lus,Error,0.32,0.68
int32_cruise_controller_03.lus,Error,0.31,0.66
int32_cruise_controller_04.lus,Error,0.31,0.65
int32_cruise_controller_05.lus,Error,0.41,0.90
int32_cruise_controller_06.lus,Error,0.31,0.68
int32_cruise_controller_07.lus,Error,0.31,0.67
int32_cruise_controller_08.lus,Error,0.32,0.69
int32_cruise_controller_09.lus,Error,0.38,0.84
int32_cruise_controller_10.lus,Error,0.41,0.90
int32_cruise_controller_11.lus,Error,0.32,0.69
int32_cruise_controller_12.lus,Error,0.32,0.70
int32_cruise_controller_13.lus,Error,0.31,0.68
int32_cruise_controller_14.lus,Error,0.31,0.66
int32_cruise_controller_15.lus,Error,0.32,0.70
int32_cruise_controller_16.lus,Error,0.32,0.68
int32_cruise_controller_17.lus,Error,0.31,0.69
int32_cruise_controller_18.lus,Error,0.41,0.89
int32_cruise_controller_19.lus,Error,0.31,0.68
int32_cruise_controller_20.lus,Error,0.31,0.66
int32_cruise_controller_21.lus,Error,0.31,0.68
int32_cruise_controller_22.lus,Error,0.35,0.80
int32_cruise_controller_23.lus,Error,0.31,0.67
int32_cruise_controller_24.lus,Error,0.31,0.67
int32_DRAGON_10_e1_3587_e3_2749.lus,Error,0.26,0.43
int32_DRAGON_10_e1_3587_e7_872.lus,Error,0.25,0.43
int32_DRAGON_10_e1_998.lus,Error,0.32,0.56
int32_DRAGON_10_e2_2785_e3_1744.lus,Error,0.29,0.46
int32_DRAGON_10_e2_402.lus,Error,0.27,0.46
int32_DRAGON_10_e3_144_e5_2046.lus,Error,0.34,0.59
int32_DRAGON_10_e3_144_e7_523.lus,Error,0.27,0.44
int32_DRAGON_10_e3_3429.lus,Error,0.26,0.44
int32_DRAGON_10_e7_3861_e2_1020.lus,Error,0.27,0.45
int32_DRAGON_10_e7_3861_e7_2180.lus,Error,0.26,0.44
int32_DRAGON_10.lus,Error,0.27,0.48
int32_DRAGON_11_e1_2450_e1_5887.lus,Error,0.27,0.45
int32_DRAGON_11_e1_2450_e2_1483.lus,Error,0.27,0.46
int32_DRAGON_11_e1_2450_e3_2330.lus,Error,0.27,0.45
int32_DRAGON_11_e1_2450_e7_5791.lus,Error,0.27,0.46
int32_DRAGON_11_e1_2450.lus,Error,0.35,0.61
int32_DRAGON_11_e2_1678_e1_3565.lus,Error,0.31,0.52
int32_DRAGON_11_e2_5396_e3_282.lus,Error,0.27,0.46
int32_DRAGON_11_e3_382_e1_505.lus,Error,0.26,0.44
int32_DRAGON_11_e3_382_e4_4421.lus,Error,0.27,0.47
int32_DRAGON_11.lus,Error,0.35,0.61
int32_DRAGON_12_e1_4640_e7_128.lus,Error,0.27,0.44
int32_DRAGON_12_e2_1618_e1_6030.lus,Error,0.36,0.61
int32_DRAGON_12_e2_1618_e2_138.lus,Error,0.27,0.46
int32_DRAGON_12_e2_1618_e3_2012.lus,Error,0.27,0.45
int32_DRAGON_12_e2_1618_e7_4732.lus,Error,0.27,0.46
int32_DRAGON_12_e2_1618.lus,Error,0.26,0.45
int32_DRAGON_12.lus,Error,0.27,0.46
int32_DRAGON_13_e3_1418_e3_2761.lus,Error,0.27,0.45
int32_DRAGON_13_e7_2336_e1_541.lus,Error,0.27,0.44
int32_DRAGON_13_e7_2336_e2_1255.lus,Error,0.27,0.45
int32_DRAGON_13_e7_2336_e3_3117.lus,Error,0.29,0.48
int32_DRAGON_13_e7_2336_e7_685.lus,Error,0.34,0.59
int32_DRAGON_13_e7_2336.lus,Error,0.27,0.46
int32_DRAGON_13.lus,Error,0.30,0.53
int32_DRAGON_14_e1_5710.lus,Error,0.27,0.45
int32_DRAGON_14_e2_3606.lus,Error,0.30,0.50
int32_DRAGON_14_e3_1259_e1_5798.lus,Error,0.27,0.45
int32_DRAGON_14_e3_5120.lus,Error,0.27,0.45
int32_DRAGON_14_e7_3162_e1_3998.lus,Error,0.27,0.46
int32_DRAGON_14_e7_3162_e2_753.lus,Error,0.27,0.45
int32_DRAGON_14_e7_3162_e3_4298.lus,Error,0.28,0.46
int32_DRAGON_14_e7_3162_e7_3528.lus,Error,0.30,0.52
int32_DRAGON_14_e7_3162.lus,Error,0.27,0.46
int32_DRAGON_14.lus,Error,0.27,0.46
int32_DRAGON_1_e1_14612_e1_268_e7_501.lus,Error,0.27,0.46
int32_DRAGON_1_e1_14612_e2_2653_e7_4370.lus,Error,0.30,0.52
int32_DRAGON_1_e1_3184_e7_1888.lus,Error,0.26,0.44
int32_DRAGON_1_e1_5070.lus,Error,0.26,0.43
int32_DRAGON_1_e2_1997_e7_3613_e2_3409.lus,Error,0.27,0.45
int32_DRAGON_1_e2_1997.lus,Error,0.27,0.45
int32_DRAGON_1_e3_11891_e7_4569_e4_4881.lus,Error,0.27,0.44
int32_DRAGON_1.lus,Error,0.30,0.51
int32_DRAGON_2_e1_2316.lus,Error,0.28,0.46
int32_DRAGON_2_e2_3183_e1_2644.lus,Error,0.30,0.51
int32_DRAGON_2_e2_3183_e2_3580.lus,Error,0.26,0.44
int32_DRAGON_2_e2_3183_e3_5972.lus,Error,0.28,0.47
int32_DRAGON_2_e2_4481.lus,Error,0.26,0.43
int32_DRAGON_2_e7_25_e1_154.lus,Error,0.30,0.53
int32_DRAGON_2_e7_25_e2_5340.lus,Error,0.27,0.46
int32_DRAGON_2_e7_25_e3_829.lus,Error,0.27,0.45
int32_DRAGON_2_e7_25_e7_4469.lus,Error,0.27,0.45
int32_DRAGON_2_e7_25_e8_3171.lus,Error,0.31,0.54
int32_DRAGON_2_e7_25.lus,Error,0.26,0.44
int32_DRAGON_2.lus,Error,0.33,0.58
int32_DRAGON_3_e1_4783_e1_3755.lus,Error,0.30,0.53
int32_DRAGON_3_e1_4783_e2_158.lus,Error,0.26,0.44
int32_DRAGON_3_e1_4783_e3_511.lus,Error,0.27,0.45
int32_DRAGON_3_e1_4783_e7_4070.lus,Error,0.27,0.45
int32_DRAGON_3_e1_4783.lus,Error,0.27,0.45
int32_DRAGON_3_e2_5343_e1_988.lus,Error,0.27,0.45
int32_DRAGON_3_e3_3846.lus,Error,0.26,0.44
int32_DRAGON_3_e3_5422_e1_2288.lus,Error,0.27,0.44
int32_DRAGON_3_e3_5422_e2_3135.lus,Error,0.27,0.44
int32_DRAGON_3_e7_4884.lus,Error,0.27,0.45
int32_DRAGON_3.lus,Error,0.27,0.46
int32_DRAGON_4_e1_4312.lus,Error,0.27,0.44
int32_DRAGON_4_e2_2799_e1_1303.lus,Error,0.27,0.47
int32_DRAGON_4_e2_2799_e2_2251.lus,Error,0.27,0.45
int32_DRAGON_4_e2_2799_e3_1915.lus,Error,0.26,0.43
int32_DRAGON_4_e2_2799_e7_2499.lus,Error,0.26,0.44
int32_DRAGON_4_e2_2799.lus,Error,0.27,0.45
int32_DRAGON_4_e3_1540_e1_5048.lus,Error,0.26,0.44
int32_DRAGON_4_e3_4133.lus,Error,0.34,0.60
int32_DRAGON_4_e7_2329_e3_4574.lus,Error,0.26,0.44
int32_DRAGON_4_e7_2329_e7_3856.lus,Error,0.28,0.46
int32_DRAGON_4_e7_2329.lus,Error,0.29,0.47
int32_DRAGON_4.lus,Error,0.24,0.43
int32_DRAGON_5_e1_1835.lus,Error,0.27,0.45
int32_DRAGON_5_e2_3018_e2_936.lus,Error,0.26,0.45
int32_DRAGON_5_e7_2017_e1_5832.lus,Error,0.27,0.46
int32_DRAGON_5_e7_2017_e2_664.lus,Error,0.26,0.45
int32_DRAGON_5_e7_2017_e3_1763.lus,Error,0.30,0.54
int32_DRAGON_5_e7_2017_e7_2326.lus,Error,0.28,0.46
int32_DRAGON_5_e7_2017.lus,Error,0.27,0.46
int32_DRAGON_5.lus,Error,0.27,0.46
int32_DRAGON_6_e7_5046_e7_3623.lus,Error,0.27,0.44
int32_DRAGON_6.lus,Error,0.27,0.45
int32_DRAGON_7_e2_2872_e2_5844.lus,Error,0.31,0.53
int32_DRAGON_7_e2_2872_e3_2640.lus,Error,0.27,0.45
int32_DRAGON_7_e7_3157_e2_2082.lus,Error,0.26,0.44
int32_DRAGON_7.lus,Error,0.33,0.58
int32_DRAGON_8_e2_3896_e3_3125.lus,Error,0.26,0.43
int32_DRAGON_8_e3_786_e7_4541.lus,Error,0.26,0.46
int32_DRAGON_8_e3_786.lus,Error,0.27,0.45
int32_DRAGON_8_e7_3752.lus,Error,0.27,0.44
int32_DRAGON_8.lus,Error,0.27,0.46
int32_DRAGON_9_e7_1843_e1_5434.lus,Error,0.26,0.45
int32_DRAGON_9_e7_1843_e2_1145.lus,Error,0.28,0.50
int32_DRAGON_9_e7_1843_e3_5316.lus,Error,0.27,0.45
int32_DRAGON_9_e7_1843_e7_2225.lus,Error,0.27,0.44
int32_DRAGON_9_e7_1843.lus,Error,0.27,0.48
int32_DRAGON_9.lus,Error,0.30,0.52
int32_DRAGON_all2_e2_2073_e8_3691.lus,Error,0.28,0.48
int32_DRAGON_all2_e3_4612_e1_6463.lus,Error,0.28,0.48
int32_DRAGON_all2_e3_4612_e2_5774.lus,Error,0.27,0.47
int32_DRAGON_all2_e3_4612_e3_1543.lus,Error,0.27,0.46
int32_DRAGON_all2_e3_4612_e4_3719.lus,Error,0.27,0.47
int32_DRAGON_all2_e3_4612_e5_3642.lus,Error,0.28,0.48
int32_DRAGON_all2_e3_4612_e8_5861.lus,Error,0.27,0.48
int32_DRAGON_all2_e7_5406_e1_6690.lus,Error,0.35,0.62
int32_DRAGON_all2_e7_5406_e2_3084.lus,Error,0.27,0.45
int32_DRAGON_all2_e7_5406_e3_506.lus,Error,0.27,0.46
int32_DRAGON_all2_e7_5406_e7_6697.lus,Error,0.29,0.48
int32_DRAGON_all2_e7_5406.lus,Error,0.28,0.47
int32_DRAGON_all2_e8_4626.lus,Error,0.28,0.47
int32_DRAGON_all2_e8_5504_e1_4719.lus,Error,0.27,0.47
int32_DRAGON_all2_e8_5504_e7_579.lus,Error,0.27,0.46
int32_DRAGON_all2.lus,Error,0.28,0.48
int32_DRAGON_all_e1_4022_e1_1759.lus,Error,0.31,0.54
int32_DRAGON_all_e1_4022_e2_267.lus,Error,0.26,0.46
int32_DRAGON_all_e1_4022_e3_3628.lus,Error,0.28,0.46
int32_DRAGON_all_e1_4022_e7_2886.lus,Error,0.27,0.46
int32_DRAGON_all_e1_4037.lus,Error,0.29,0.51
int32_DRAGON_all_e2_6104_e1_6205.lus,Error,0.27,0.46
int32_DRAGON_all_e2_6104_e2_3308.lus,Error,0.30,0.53
int32_DRAGON_all_e2_6104_e3_2607.lus,Error,0.27,0.45
int32_DRAGON_all_e2_6104.lus,Error,0.27,0.46
int32_DRAGON_all_e3_4821_e1_1318.lus,Error,0.29,0.52
int32_DRAGON_all_e3_4821_e2_1089.lus,Error,0.27,0.46
int32_DRAGON_all_e3_4821_e4_1791.lus,Error,0.28,0.46
int32_DRAGON_all_e3_4821_e5_1536.lus,Error,0.27,0.45
int32_DRAGON_all_e3_5957.lus,Error,0.27,0.44
int32_DRAGON_all_e7_1941_e2_6086.lus,Error,0.27,0.46
int32_DRAGON_all_e7_4065.lus,Error,0.28,0.48
int32_DRAGON_all.lus,Error,0.27,0.46
int32_durationThm_1_e1_350.lus,Error,0.25,0.40
int32_durationThm_1_e2_3.lus,Error,0.24,0.39
int32_durationThm_1_e3_389_e4_294.lus,Error,0.23,0.37
int32_durationThm_1_e3_389_e5_5.lus,Error,0.26,0.42
int32_durationThm_1_e3_389.lus,Error,0.23,0.37
int32_durationThm_1_e7_217_e1_89.lus,Error,0.26,0.41
int32_durationThm_1_e7_217_e2_352.lus,Error,0.24,0.38
int32_durationThm_1_e7_217_e3_132.lus,Error,0.29,0.48
int32_durationThm_1_e7_217_e7_31.lus,Error,0.23,0.37
int32_durationThm_1_e7_217.lus,Error,0.24,0.38
int32_durationThm_1.lus,Error,0.24,0.38
int32_durationThm_2_e1_301.lus,Error,0.23,0.37
int32_durationThm_2_e2_63.lus,Error,0.23,0.36
int32_durationThm_2_e3_329_e4_1.lus,Error,0.23,0.37
int32_durationThm_2_e3_329_e5_124.lus,Error,0.23,0.37
int32_durationThm_2_e3_99.lus,Error,0.23,0.38
int32_durationThm_2_e7_145_e1_343.lus,Error,0.23,0.38
int32_durationThm_2_e7_145_e2_169.lus,Error,0.23,0.37
int32_durationThm_2_e7_145_e3_222.lus,Error,0.29,0.49
int32_durationThm_2_e7_145_e7_154.lus,Error,0.23,0.37
int32_durationThm_2_e7_145_e8_73.lus,Error,0.24,0.38
int32_durationThm_2_e7_149.lus,Error,0.22,0.35
int32_durationThm_2.lus,Error,0.23,0.36
int32_durationThm_3_e1_36.lus,Error,0.24,0.38
int32_durationThm_3_e2_63.lus,Error,0.26,0.41
int32_durationThm_3_e3_207.lus,Error,0.23,0.37
int32_durationThm_3_e3_442_e4_165.lus,Error,0.23,0.38
int32_durationThm_3_e3_442_e5_260.lus,Error,0.23,0.37
int32_durationThm_3_e7_334_e1_431.lus,Error,0.23,0.37
int32_durationThm_3_e7_334_e2_62.lus,Error,0.23,0.38
int32_durationThm_3_e7_334_e3_42.lus,Error,0.24,0.37
int32_durationThm_3_e7_334_e7_118.lus,Error,0.24,0.38
int32_durationThm_3_e7_334.lus,Error,0.23,0.38
int32_durationThm_3.lus,Error,0.29,0.49
int32_ex3.lus,Error,0.23,0.37
int32_ex8_e7_74_e7_740.lus,Error,0.25,0.40
int32_ex8_e7_74_e8_302.lus,Error,0.24,0.39
int32_ex8_e7_74.lus,Error,0.24,0.39
int32_ex8_e8_220_e7_249.lus,Error,0.24,0.39
int32_ex8_e8_220.lus,Error,0.27,0.42
int32_ex8.lus,Error,0.24,0.38
int32_fast_1_e7_2044_e7_1287.lus,Error,0.25,0.39
int32_fast_1_e7_2044.lus,Error,0.24,0.39
int32_fast_1_e8_747_e7_692.lus,Error,0.24,0.39
int32_fast_1_e8_747_e8_1041.lus,Error,0.24,0.39
int32_fast_1_e8_751.lus,Error,0.24,0.37
int32_fast_1.lus,Error,0.24,0.38
int32_fast_2_e7_2526_e7_2736.lus,Error,0.24,0.39
int32_fast_2_e7_2526.lus,Error,0.26,0.39
int32_fast_2_e8_460_e7_43.lus,Error,0.24,0.39
int32_fast_2_e8_460_e8_1920.lus,Error,0.24,0.40
int32_fast_2_e8_976.lus,Error,0.24,0.39
int32_fast_2.lus,Error,0.22,0.35
int32_FIREFLY_10_e7_919_e2_3192.lus,Error,0.26,0.42
int32_FIREFLY_10.lus,Error,0.26,0.42
int32_FIREFLY_11_e1_3457.lus,Error,0.26,0.43
int32_FIREFLY_11_e3_2076_e1_1270.lus,Error,0.26,0.42
int32_FIREFLY_11.lus,Error,0.29,0.47
int32_FIREFLY_1_e1_1092_e1_1486.lus,Error,0.26,0.44
int32_FIREFLY_1_e1_1092_e2_1853.lus,Error,0.27,0.43
int32_FIREFLY_1_e1_1092_e3_389.lus,Error,0.29,0.48
int32_FIREFLY_1_e1_1092_e7_1119.lus,Error,0.26,0.42
int32_FIREFLY_1_e1_1092.lus,Error,0.33,0.56
int32_FIREFLY_1.lus,Error,0.27,0.45
int32_FIREFLY_2_e3_151_e3_1540.lus,Error,0.26,0.42
int32_FIREFLY_2.lus,Error,0.27,0.44
int32_FIREFLY_3_e2_2236_e1_2305.lus,Error,0.31,0.53
int32_FIREFLY_3_e2_2236_e2_1058.lus,Error,0.27,0.43
int32_FIREFLY_3_e2_2236_e3_2657.lus,Error,0.25,0.42
int32_FIREFLY_3_e2_2236_e7_3681.lus,Error,0.26,0.44
int32_FIREFLY_3_e2_2236.lus,Error,0.26,0.43
int32_FIREFLY_3.lus,Error,0.26,0.42
int32_FIREFLY_4_e3_3511_e1_2375.lus,Error,0.30,0.48
int32_FIREFLY_4_e3_3511_e2_1923.lus,Error,0.25,0.43
int32_FIREFLY_4_e3_3511_e3_422.lus,Error,0.29,0.49
int32_FIREFLY_4_e3_3511_e4_1464.lus,Error,0.26,0.42
int32_FIREFLY_4_e3_3511_e5_3248.lus,Error,0.34,0.57
int32_FIREFLY_4_e3_3511_e7_3568.lus,Error,0.26,0.42
int32_FIREFLY_4_e3_3511.lus,Error,0.26,0.43
int32_FIREFLY_4.lus,Error,0.27,0.43
int32_FIREFLY_5_e1_2552_e7_1169.lus,Error,0.33,0.55
int32_FIREFLY_5_e2_2229.lus,Error,0.26,0.41
int32_FIREFLY_5_e2_2884_e1_2678.lus,Error,0.27,0.43
int32_FIREFLY_5_e2_2884_e2_1492.lus,Error,0.26,0.43
int32_FIREFLY_5_e2_2884_e3_1882.lus,Error,0.33,0.55
int32_FIREFLY_5_e2_2884_e7_3594.lus,Error,0.25,0.41
int32_FIREFLY_5.lus,Error,0.24,0.40
int32_FIREFLY_6_e2_3302.lus,Error,0.33,0.56
int32_FIREFLY_6.lus,Error,0.27,0.44
int32_FIREFLY_7.lus,Error,0.26,0.42
int32_FIREFLY_8_e2_1711_e1_1489.lus,Error,0.25,0.42
int32_FIREFLY_8_e2_1711_e2_2673.lus,Error,0.29,0.49
int32_FIREFLY_8_e2_1711_e3_1753.lus,Error,0.26,0.43
int32_FIREFLY_8_e2_1711_e7_1962.lus,Error,0.25,0.42
int32_FIREFLY_8_e2_1711.lus,Error,0.26,0.42
int32_FIREFLY_8.lus,Error,0.29,0.47
int32_FIREFLY_9_e7_170_e3_3647.lus,Error,0.26,0.42
int32_FIREFLY_9.lus,Error,0.26,0.43
int32_FIREFLY_a3_e1_3233_e1_3123.lus,Error,0.26,0.43
int32_FIREFLY_a3_e1_3233_e2_2392.lus,Error,0.26,0.41
int32_FIREFLY_a3_e1_3233_e3_2970.lus,Error,0.27,0.43
int32_FIREFLY_a3_e1_3233_e7_906.lus,Error,0.25,0.43
int32_FIREFLY_a3_e1_3233.lus,Error,0.31,0.54
int32_FIREFLY_a3_e2_2086_e1_3235.lus,Error,0.26,0.42
int32_FIREFLY_a3_e2_2086_e2_2689.lus,Error,0.23,0.39
int32_FIREFLY_a3_e2_2086_e3_2542.lus,Error,0.26,0.42
int32_FIREFLY_a3_e2_2086_e7_2614.lus,Error,0.25,0.42
int32_FIREFLY_a3_e2_2952.lus,Error,0.26,0.44
int32_FIREFLY_a3_e3_314_e1_1979.lus,Error,0.27,0.44
int32_FIREFLY_a3_e3_314_e2_2812.lus,Error,0.26,0.43
int32_FIREFLY_a3_e3_314_e4_897.lus,Error,0.27,0.44
int32_FIREFLY_a3.lus,Error,0.25,0.41
int32_FIREFLY_all_e1_1207_e1_1201.lus,Error,0.30,0.50
int32_FIREFLY_all_e1_1207_e2_3220.lus,Error,0.29,0.48
int32_FIREFLY_all_e1_1207_e3_1928.lus,Error,0.26,0.42
int32_FIREFLY_all_e1_1207_e7_156.lus,Error,0.25,0.42
int32_FIREFLY_all_e1_3406.lus,Error,0.26,0.43
int32_FIREFLY_all_e2_2924_e1_768.lus,Error,0.26,0.44
int32_FIREFLY_all_e2_2924_e2_1767.lus,Error,0.29,0.44
int32_FIREFLY_all_e2_2924_e3_3946.lus,Error,0.28,0.42
int32_FIREFLY_all_e2_2924_e7_3371.lus,Error,0.30,0.50
int32_FIREFLY_all_e2_3678.lus,Error,0.26,0.41
int32_FIREFLY_all_e3_1600_e1_667.lus,Error,0.32,0.54
int32_FIREFLY_all_e3_1600_e2_676.lus,Error,0.30,0.50
int32_FIREFLY_all_e3_1600_e3_2055.lus,Error,0.27,0.44
int32_FIREFLY_all_e3_1600_e4_2415.lus,Error,0.31,0.53
int32_FIREFLY_all_e3_1600_e5_84.lus,Error,0.26,0.42
int32_FIREFLY_all_e3_1600_e7_1607.lus,Error,0.26,0.42
int32_FIREFLY_all_e3_3496.lus,Error,0.26,0.42
int32_FIREFLY_all_e7_1909.lus,Error,0.26,0.43
int32_FIREFLY_all.lus,Error,0.23,0.39
int32_FIREFLY_luke_1a_e2_284_e1_2924.lus,Error,0.24,0.41
int32_FIREFLY_luke_1a_e2_284_e2_2755.lus,Error,0.26,0.42
int32_FIREFLY_luke_1a_e2_284_e3_3091.lus,Error,0.26,0.41
int32_FIREFLY_luke_1a_e2_284_e7_998.lus,Error,0.26,0.43
int32_FIREFLY_luke_1a_e7_3042_e3_1213.lus,Error,0.27,0.44
int32_FIREFLY_luke_1a.lus,Error,0.26,0.42
int32_FIREFLY_luke_1b_e1_1139_e1_1565.lus,Error,0.26,0.42
int32_FIREFLY_luke_1b_e1_1139_e2_2893.lus,Error,0.29,0.50
int32_FIREFLY_luke_1b_e1_1139_e3_1839.lus,Error,0.26,0.43
int32_FIREFLY_luke_1b_e1_1691.lus,Error,0.24,0.42
int32_FIREFLY_luke_1b_e2_3049_e1_946.lus,Error,0.27,0.42
int32_FIREFLY_luke_1b_e2_3049_e2_698.lus,Error,0.25,0.40
int32_FIREFLY_luke_1b_e2_3049_e3_2697.lus,Error,0.26,0.42
int32_FIREFLY_luke_1b_e2_3049.lus,Error,0.26,0.42
int32_FIREFLY_luke_1b_e3_671_e1_725.lus,Error,0.28,0.44
int32_FIREFLY_luke_1b_e3_671_e2_2131.lus,Error,0.26,0.42
int32_FIREFLY_luke_1b_e3_671_e3_941.lus,Error,0.26,0.41
int32_FIREFLY_luke_1b_e3_671_e4_147.lus,Error,0.25,0.40
int32_FIREFLY_luke_1b_e3_671_e5_1637.lus,Error,0.25,0.41
int32_FIREFLY_luke_1b_e3_671_e6_1974.lus,Error,0.26,0.42
int32_FIREFLY_luke_1b_e3_671_e7_1882.lus,Error,0.26,0.42
int32_FIREFLY_luke_1b_e3_671.lus,Error,0.26,0.43
int32_FIREFLY_luke_1b_e7_2574.lus,Error,0.26,0.41
int32_FIREFLY_luke_1b_e7_3191_e1_1303.lus,Error,0.33,0.55
int32_FIREFLY_luke_1b_e7_3191_e2_1864.lus,Error,0.25,0.41
int32_FIREFLY_luke_1b_e7_3191_e7_2146.lus,Error,0.25,0.41
int32_FIREFLY_luke_1b.lus,Error,0.26,0.44
int32_FIREFLY_luke_2_e2_1375_e1_418.lus,Error,0.29,0.50
int32_FIREFLY_luke_2_e7_1826_e8_126.lus,Error,0.26,0.41
int32_FIREFLY_luke_2.lus,Error,0.26,0.42
int32_FIREFLY_luke_3_e1_2217_e3_1200.lus,Error,0.26,0.43
int32_FIREFLY_luke_3.lus,Error,0.26,0.43
int32_FIREFLY_luke_4_e2_325.lus,Error,0.26,0.43
int32_FIREFLY_luke_4.lus,Error,0.27,0.43
int32_FIREFLY_luke_5.lus,Error,0.25,0.40
int32_FIREFLY_luke_rt_e1_913_e1_1993.lus,Error,0.26,0.41
int32_FIREFLY_luke_rt_e1_913_e2_3353.lus,Error,0.25,0.42
int32_FIREFLY_luke_rt_e1_913_e3_2128.lus,Error,0.26,0.43
int32_FIREFLY_luke_rt_e1_913_e7_1403.lus,Error,0.25,0.42
int32_FIREFLY_luke_rt_e1_913.lus,Error,0.27,0.43
int32_FIREFLY_luke_rt_e2_3460_e1_1455.lus,Error,0.29,0.49
int32_FIREFLY_luke_rt_e2_3460_e2_2670.lus,Error,0.24,0.40
int32_FIREFLY_luke_rt_e2_3460_e3_1333.lus,Error,0.29,0.48
int32_FIREFLY_luke_rt_e2_3460_e7_471.lus,Error,0.26,0.42
int32_FIREFLY_luke_rt_e2_3460.lus,Error,0.27,0.43
int32_FIREFLY_luke_rt_e3_1549.lus,Error,0.27,0.43
int32_FIREFLY_luke_rt.lus,Error,0.30,0.50
int32_FIREFLY_rt_e3_1770_e2_637.lus,Error,0.26,0.43
int32_FIREFLY_rt.lus,Error,0.26,0.42
int32_FIREFLY_u1_e2_3403_e2_957.lus,Error,0.27,0.45
int32_FIREFLY_u1_e7_3318.lus,Error,0.29,0.47
int32_FIREFLY_u1.lus,Error,0.27,0.44
int32_Gas.lus,Error,0.27,0.42
int32_hysteresis_1.lus,Error,0.24,0.39
int32_hysteresis_2.lus,Error,0.24,0.38
int32_hysteresis_3.lus,Error,0.23,0.38
int32_hysteresis_all.lus,Error,0.24,0.38
int32_ILLINOIS_1.lus,Error,0.25,0.41
int32_ILLINOIS_2_e1_834_e1_1895.lus,Error,0.29,0.49
int32_ILLINOIS_2_e1_834_e2_3395.lus,Error,0.27,0.43
int32_ILLINOIS_2_e1_834_e3_2931.lus,Error,0.27,0.43
int32_ILLINOIS_2_e1_834_e7_3738.lus,Error,0.26,0.43
int32_ILLINOIS_2_e1_834.lus,Error,0.27,0.43
int32_ILLINOIS_2_e2_2367_e1_3182.lus,Error,0.27,0.43
int32_ILLINOIS_2_e2_2367_e2_1561.lus,Error,0.30,0.49
int32_ILLINOIS_2_e2_2367_e3_1601.lus,Error,0.31,0.49
int32_ILLINOIS_2_e2_2367_e7_2728.lus,Error,0.27,0.44
int32_ILLINOIS_2_e2_876.lus,Error,0.26,0.43
int32_ILLINOIS_2.lus,Error,0.26,0.42
int32_ILLINOIS_3_e3_2581_e1_1130.lus,Error,0.26,0.43
int32_ILLINOIS_3_e3_2581_e2_2545.lus,Error,0.26,0.42
int32_ILLINOIS_3_e3_2581_e3_979.lus,Error,0.26,0.43
int32_ILLINOIS_3_e3_2581_e4_958.lus,Error,0.30,0.49
int32_ILLINOIS_3_e3_2581_e5_4006.lus,Error,0.26,0.43
int32_ILLINOIS_3_e3_2581_e7_3447.lus,Error,0.29,0.48
int32_ILLINOIS_3_e3_2581.lus,Error,0.26,0.42
int32_ILLINOIS_3.lus,Error,0.26,0.42
int32_ILLINOIS_4_e7_2651_e7_2847.lus,Error,0.27,0.42
int32_ILLINOIS_4.lus,Error,0.27,0.43
int32_ILLINOIS_5_e7_692_e7_2865.lus,Error,0.28,0.46
int32_ILLINOIS_5.lus,Error,0.29,0.49
int32_ILLINOIS_a1.lus,Error,0.26,0.43
int32_ILLINOIS_all.lus,Error,0.25,0.41
int32_ILLINOIS_r4a.lus,Error,0.26,0.42
int32_MESI_1_e2_162_e7_1545.lus,Error,0.24,0.40
int32_MESI_1.lus,Error,0.28,0.45
int32_MESI_2.lus,Error,0.31,0.51
int32_MESI_3_e1_2517_e8_2163.lus,Error,0.24,0.39
int32_MESI_3_e2_819_e1_1145.lus,Error,0.23,0.38
int32_MESI_3_e2_819_e2_562.lus,Error,0.24,0.39
int32_MESI_3_e2_819_e3_2698.lus,Error,0.24,0.40
int32_MESI_3_e2_819_e4_1595.lus,Error,0.25,0.40
int32_MESI_3_e2_819_e5_2554.lus,Error,0.25,0.41
int32_MESI_3_e2_819_e6_1459.lus,Error,0.30,0.52
int32_MESI_3_e2_819_e7_1665.lus,Error,0.24,0.40
int32_MESI_3_e2_819_e8_1896.lus,Error,0.25,0.41
int32_MESI_3_e2_819.lus,Error,0.25,0.41
int32_MESI_3_e3_2669.lus,Error,0.25,0.40
int32_MESI_3.lus,Error,0.25,0.41
int32_MESI_4_e7_1140_e7_433.lus,Error,0.25,0.39
int32_MESI_4.lus,Error,0.26,0.40
int32_MESI_all_e4_1147_e7_497.lus,Error,0.28,0.46
int32_MESI_all.lus,Error,0.24,0.40
int32_MESI_i1_e2_1758_e8_12.lus,Error,0.29,0.47
int32_MESI_i1_e2_2656.lus,Error,0.25,0.40
int32_MESI_i1_e3_2145_e1_2667.lus,Error,0.25,0.40
int32_MESI_i1_e3_2145_e2_2228.lus,Error,0.24,0.38
int32_MESI_i1_e3_2145_e3_977.lus,Error,0.26,0.41
int32_MESI_i1_e3_2145_e4_1717.lus,Error,0.27,0.43
int32_MESI_i1_e3_2145_e5_2391.lus,Error,0.26,0.40
int32_MESI_i1_e3_2145_e7_1847.lus,Error,0.25,0.40
int32_MESI_i1_e3_2145_e8_2325.lus,Error,0.25,0.39
int32_MESI_i1_e3_2145.lus,Error,0.26,0.40
int32_MESI_i1_e4_1986_e1_1519.lus,Error,0.22,0.36
int32_MESI_i1_e4_1986.lus,Error,0.25,0.40
int32_MESI_i1.lus,Error,0.25,0.39
int32_MESI_i2.lus,Error,0.25,0.40
int32_MESI_i3_e1_447_e1_1292.lus,Error,0.25,0.40
int32_MESI_i3_e1_447_e2_1098.lus,Error,0.22,0.38
int32_MESI_i3_e1_447_e3_1180.lus,Error,0.25,0.39
int32_MESI_i3_e1_447_e5_2444.lus,Error,0.25,0.41
int32_MESI_i3_e1_447_e6_2281.lus,Error,0.28,0.44
int32_MESI_i3_e1_447_e7_2194.lus,Error,0.26,0.40
int32_MESI_i3_e1_447.lus,Error,0.25,0.40
int32_MESI_i3.lus,Error,0.27,0.42
int32_MESI_i4_e4_1689.lus,Error,0.25,0.40
int32_MESI_i4_e6_2175.lus,Error,0.24,0.39
int32_MESI_i4_e7_1017_e6_1132.lus,Error,0.26,0.41
int32_MESI_i4_e8_1381_e1_1837.lus,Error,0.25,0.40
int32_MESI_i4_e8_1381_e4_313.lus,Error,0.25,0.40
int32_MESI_i4.lus,Error,0.24,0.40
int32_metros_1_e1_846_e1_1317.lus,Error,0.26,0.40
int32_metros_1_e1_846_e2_1394.lus,Error,0.31,0.53
int32_metros_1_e1_846_e3_1060.lus,Error,0.24,0.40
int32_metros_1_e1_846_e7_397.lus,Error,0.25,0.40
int32_metros_1_e2_1102_e1_317.lus,Error,0.25,0.39
int32_metros_1_e2_1102_e2_943.lus,Error,0.24,0.39
int32_metros_1_e2_1102_e3_961.lus,Error,0.26,0.41
int32_metros_1_e2_1102_e7_1163.lus,Error,0.25,0.40
int32_metros_1_e2_627.lus,Error,0.26,0.40
int32_metros_1_e7_1255_e7_12.lus,Error,0.25,0.40
int32_metros_1_e7_606.lus,Error,0.25,0.40
int32_metros_1_e8_725_e1_919.lus,Error,0.23,0.38
int32_metros_1_e8_725_e2_1144.lus,Error,0.21,0.34
int32_metros_1_e8_725_e3_556.lus,Error,0.23,0.38
int32_metros_1_e8_725.lus,Error,0.24,0.40
int32_metros_1.lus,Error,0.24,0.39
int32_metros_2_e1_1116_e1_556.lus,Error,0.24,0.39
int32_metros_2_e1_1116_e2_617.lus,Error,0.26,0.40
int32_metros_2_e1_1116_e3_287.lus,Error,0.25,0.40
int32_metros_2_e1_1116_e7_1440.lus,Error,0.25,0.39
int32_metros_2_e1_190.lus,Error,0.28,0.45
int32_metros_2_e2_704_e1_389.lus,Error,0.24,0.38
int32_metros_2_e2_704_e2_13.lus,Error,0.25,0.39
int32_metros_2_e2_704_e3_76.lus,Error,0.25,0.39
int32_metros_2_e2_704_e7_810.lus,Error,0.27,0.44
int32_metros_2_e2_968.lus,Error,0.31,0.50
int32_metros_2_e3_112.lus,Error,0.23,0.38
int32_metros_2.lus,Error,0.29,0.46
int32_metros_3_e3_1275_e1_1350.lus,Error,0.24,0.39
int32_metros_3_e3_1275_e2_454.lus,Error,0.24,0.40
int32_metros_3_e3_1275_e3_640.lus,Error,0.30,0.50
int32_metros_3_e3_1275_e4_164.lus,Error,0.21,0.35
int32_metros_3_e3_1275_e5_846.lus,Error,0.26,0.40
int32_metros_3_e3_1275_e6_1315.lus,Error,0.24,0.38
int32_metros_3_e3_1275_e7_529.lus,Error,0.25,0.41
int32_metros_3_e3_1275.lus,Error,0.24,0.38
int32_metros_3_e4_987_e1_1115.lus,Error,0.25,0.40
int32_metros_3_e4_987_e2_80.lus,Error,0.25,0.39
int32_metros_3_e4_987_e3_291.lus,Error,0.32,0.51
int32_metros_3_e4_987.lus,Error,0.26,0.40
int32_metros_3.lus,Error,0.24,0.39
int32_metros_4_e1_821_e5_911.lus,Error,0.25,0.38
int32_metros_4_e1_917.lus,Error,0.25,0.41
int32_metros_4_e2_968_e1_956.lus,Error,0.25,0.41
int32_metros_4_e2_968_e2_1166.lus,Error,0.25,0.38
int32_metros_4_e2_968_e3_931.lus,Error,0.23,0.39
int32_metros_4_e2_968_e4_801.lus,Error,0.25,0.39
int32_metros_4_e2_968_e5_991.lus,Error,0.27,0.43
int32_metros_4_e2_968_e6_236.lus,Error,0.24,0.40
int32_metros_4_e2_968_e7_860.lus,Error,0.25,0.40
int32_metros_4_e2_968.lus,Error,0.32,0.53
int32_metros_4_e3_1025.lus,Error,0.24,0.39
int32_metros_4_e3_1091_e1_1044.lus,Error,0.24,0.40
int32_metros_4_e3_1091_e2_1317.lus,Error,0.25,0.41
int32_metros_4_e3_1091_e3_522.lus,Error,0.26,0.43
int32_metros_4_e3_1091_e4_232.lus,Error,0.25,0.41
int32_metros_4_e5_1150.lus,Error,0.24,0.39
int32_metros_4.lus,Error,0.25,0.38
int32_metros_5_e4_1208_e1_337.lus,Error,0.24,0.39
int32_metros_5.lus,Error,0.24,0.38
int32_microwave01.lus,Error,0.32,0.72
int32_microwave02.lus,Error,0.39,0.89
int32_microwave03.lus,Error,0.39,0.90
int32_microwave04.lus,Error,0.32,0.74
int32_microwave05.lus,Error,0.32,0.73
int32_microwave06.lus,Error,0.32,0.72
int32_microwave07.lus,Error,0.31,0.71
int32_microwave08.lus,Error,0.32,0.72
int32_microwave09.lus,Error,0.33,0.72
int32_microwave10.lus,Error,0.31,0.70
int32_microwave11.lus,Error,0.33,0.75
int32_microwave12.lus,Error,0.31,0.77
int32_microwave13.lus,Error,0.32,0.72
int32_microwave14.lus,Error,0.31,0.70
int32_microwave15.lus,Error,0.32,0.73
int32_microwave16.lus,Error,0.36,0.86
int32_microwave17.lus,Error,0.32,0.71
int32_microwave18.lus,Error,0.32,0.70
int32_microwave19.lus,Error,0.32,0.70
int32_microwave20.lus,Error,0.32,0.72
int32_microwave21.lus,Error,0.33,0.74
int32_microwave22.lus,Error,0.32,0.70
int32_microwave23.lus,Error,0.31,0.70
int32_microwave24.lus,Error,0.31,0.69
int32_microwave25.lus,Error,0.31,0.70
int32_microwave26.lus,Error,0.32,0.69
int32_microwave27.lus,Error,0.31,0.68
int32_microwave28.lus,Error,0.32,0.69
int32_microwave29.lus,Error,0.31,0.66
int32_microwave30.lus,Error,0.31,0.68
int32_microwave31.lus,Error,0.32,0.70
int32_microwave32.lus,Error,0.31,0.69
int32_microwave33.lus,Error,0.37,0.82
int32_microwave34.lus,Error,0.35,0.78
int32_microwave35.lus,Error,0.31,0.68
int32_microwave36.lus,Error,0.32,0.68
int32_microwave37.lus,Error,0.31,0.66
int32_microwave38.lus,Error,0.31,0.67
int32_microwave39.lus,Error,0.32,0.68
int32_microwave40.lus,Error,0.31,0.66
int32_MOESI_1_e2_982_e7_492.lus,Error,0.24,0.41
int32_MOESI_1_e3_1884_e7_1875.lus,Error,0.24,0.39
int32_MOESI_1.lus,Error,0.24,0.39
int32_MOESI_2_e1_1753_e1_1510.lus,Error,0.25,0.40
int32_MOESI_2_e1_1753_e2_615.lus,Error,0.26,0.40
int32_MOESI_2_e1_1753_e3_2021.lus,Error,0.32,0.54
int32_MOESI_2_e1_1753.lus,Error,0.25,0.40
int32_MOESI_2_e2_155.lus,Error,0.23,0.38
int32_MOESI_2_e2_1599_e1_2383.lus,Error,0.26,0.42
int32_MOESI_2_e2_1599_e2_1815.lus,Error,0.29,0.46
int32_MOESI_2_e2_1599_e3_1658.lus,Error,0.25,0.40
int32_MOESI_2_e2_1599_e8_1334.lus,Error,0.25,0.39
int32_MOESI_2_e3_929_e1_2319.lus,Error,0.24,0.40
int32_MOESI_2_e3_929_e2_2421.lus,Error,0.25,0.40
int32_MOESI_2_e3_929_e3_2294.lus,Error,0.30,0.51
int32_MOESI_2_e3_929_e4_578.lus,Error,0.25,0.41
int32_MOESI_2_e3_929_e5_1826.lus,Error,0.25,0.40
int32_MOESI_2_e3_929_e6_2707.lus,Error,0.26,0.41
int32_MOESI_2_e3_929_e7_619.lus,Error,0.25,0.41
int32_MOESI_2_e3_929_e8_1167.lus,Error,0.27,0.45
int32_MOESI_2_e3_929.lus,Error,0.24,0.39
int32_MOESI_2_e7_2607.lus,Error,0.26,0.42
int32_MOESI_2_e7_2910_e1_1021.lus,Error,0.25,0.41
int32_MOESI_2_e7_2910_e2_611.lus,Error,0.24,0.40
int32_MOESI_2_e7_2910_e7_1804.lus,Error,0.25,0.41
int32_MOESI_2_e8_101.lus,Error,0.24,0.40
int32_MOESI_2_e8_926_e1_1065.lus,Error,0.25,0.41
int32_MOESI_2_e8_926_e7_961.lus,Error,0.25,0.40
int32_MOESI_2_e8_926_e8_2138.lus,Error,0.25,0.41
int32_MOESI_2.lus,Error,0.23,0.37
int32_MOESI_all_e3_2032_e3_2788.lus,Error,0.31,0.53
int32_MOESI_all.lus,Error,0.25,0.41
int32_peterson_1_e7_4234.lus,Error,0.32,0.55
int32_peterson_1.lus,Error,0.30,0.54
int32_peterson_2.lus,Error,0.28,0.49
int32_peterson_3.lus,Error,0.27,0.45
int32_peterson_4.lus,Error,0.31,0.55
int32_peterson_all.lus,Error,0.27,0.47
int32_peterson_vt.lus,Error,0.28,0.48
int32_PRODUCER_CONSUMER_1.lus,Error,0.24,0.39
int32_PRODUCER_CONSUMER_2.lus,Error,0.26,0.42
int32_PRODUCER_CONSUMER_3.lus,Error,0.23,0.37
int32_PRODUCER_CONSUMER_all.lus,Error,0.22,0.37
int32_PRODUCER_CONSUMER_vt_e2_1352.lus,Error,0.27,0.44
int32_PRODUCER_CONSUMER_vt_e3_507.lus,Error,0.23,0.37
int32_PRODUCER_CONSUMER_vt_e7_1059_e8_1111.lus,Error,0.24,0.39
int32_PRODUCER_CONSUMER_vt.lus,Error,0.27,0.44
int32_PRODUCER_CONSUMMER_luke_1.lus,Error,0.25,0.38
int32_PRODUCER_CONSUMMER_luke_2_e7_1068_e8_1019.lus,Error,0.26,0.40
int32_PRODUCER_CONSUMMER_luke_2.lus,Error,0.24,0.38
int32_readwrit.lus,Error,0.27,0.45
int32_rtp_10_e7_106_e7_2564.lus,Error,0.31,0.51
int32_rtp_10.lus,Error,0.25,0.42
int32_rtp_1.lus,Error,0.25,0.43
int32_rtp_2.lus,Error,0.26,0.44
int32_rtp_3.lus,Error,0.28,0.45
int32_rtp_4.lus,Error,0.26,0.44
int32_rtp_5_e7_3972.lus,Error,0.34,0.57
int32_rtp_5.lus,Error,0.26,0.43
int32_rtp_6.lus,Error,0.26,0.43
int32_rtp_7.lus,Error,0.26,0.44
int32_rtp_8.lus,Error,0.27,0.44
int32_rtp_9.lus,Error,0.30,0.53
int32_rtp_all_e7_2500.lus,Error,0.27,0.46
int32_rtp_all.lus,Error,0.26,0.43
int32_rtp_vt.lus,Error,0.29,0.45
int32_speed2_e7_223_e7_213.lus,Error,0.24,0.36
int32_speed2_e7_223_e8_329.lus,Error,0.22,0.36
int32_speed2_e7_496.lus,Error,0.24,0.39
int32_speed2_e8_449_e7_353.lus,Error,0.23,0.38
int32_speed2_e8_449_e8_517.lus,Error,0.25,0.38
int32_speed2_e8_449.lus,Error,0.24,0.39
int32_speed2.lus,Error,0.25,0.39
int32_speed_e7_207_e7_538.lus,Error,0.29,0.49
int32_speed_e7_207_e8_507.lus,Error,0.24,0.39
int32_speed_e7_207.lus,Error,0.23,0.37
int32_speed_e8_649_e7_709.lus,Error,0.24,0.39
int32_speed_e8_649.lus,Error,0.27,0.44
int32_steam_boiler_no_arr1_e4_23904_e4_2384.lus,Error,0.32,0.66
int32_steam_boiler_no_arr1.lus,Error,0.31,0.66
int32_steam_boiler_no_arr2_e1_17214_e5_18600.lus,Error,0.36,0.75
int32_steam_boiler_no_arr2_e3_514_e4_11150.lus,Error,0.32,0.68
int32_steam_boiler_no_arr2_e6_3003_e4_15091.lus,Error,0.31,0.63
int32_steam_boiler_no_arr2_e7_12307.lus,Error,0.32,0.64
int32_steam_boiler_no_arr2_e8_21449_e5_18210.lus,Error,0.32,0.67
int32_steam_boiler_no_arr2.lus,Error,0.31,0.62
int32_swimmingpool_1_e7_1621.lus,Error,0.26,0.41
int32_swimmingpool_1.lus,Error,0.26,0.42
int32_swimmingpool_2.lus,Error,0.32,0.54
int32_swimmingpool_3.lus,Error,0.26,0.42
int32_swimmingpool_4_e7_2197.lus,Error,0.31,0.54
int32_swimmingpool_4.lus,Error,0.25,0.40
int32_swimmingpool_5.lus,Error,0.26,0.43
int32_swimmingpool_6_e7_10_e7_341.lus,Error,0.25,0.40
int32_swimmingpool_6_e7_399.lus,Error,0.26,0.41
int32_swimmingpool_6.lus,Error,0.26,0.42
int32_swimmingpool_7.lus,Error,0.26,0.41
int32_swimmingpool_8.lus,Error,0.25,0.41
int32_swimmingpool_9.lus,Error,0.25,0.43
int32_SYNAPSE_123_e2_1653.lus,Error,0.25,0.40
int32_SYNAPSE_123_e3_302_e1_1141.lus,Error,0.28,0.46
int32_SYNAPSE_123_e3_302.lus,Error,0.32,0.53
int32_SYNAPSE_123_e7_837_e2_1394.lus,Error,0.25,0.40
int32_SYNAPSE_123_e7_837_e3_135.lus,Error,0.27,0.43
int32_SYNAPSE_123_e7_837_e7_1262.lus,Error,0.28,0.44
int32_SYNAPSE_123_e7_856.lus,Error,0.25,0.40
int32_SYNAPSE_123_e8_953_e1_1128.lus,Error,0.32,0.52
int32_SYNAPSE_123_e8_953_e2_458.lus,Error,0.24,0.39
int32_SYNAPSE_123_e8_953_e3_271.lus,Error,0.24,0.38
int32_SYNAPSE_123_e8_953_e7_1465.lus,Error,0.26,0.38
int32_SYNAPSE_123_e8_953_e8_941.lus,Error,0.25,0.40
int32_SYNAPSE_123_e8_953.lus,Error,0.28,0.44
int32_SYNAPSE_123.lus,Error,0.25,0.41
int32_SYNAPSE_1.lus,Error,0.24,0.39
int32_SYNAPSE_2_e1_1239_e1_1331.lus,Error,0.25,0.38
int32_SYNAPSE_2_e1_1239_e2_74.lus,Error,0.26,0.39
int32_SYNAPSE_2_e1_1239.lus,Error,0.24,0.39
int32_SYNAPSE_2_e3_216.lus,Error,0.25,0.39
int32_SYNAPSE_2_e8_1118_e1_667.lus,Error,0.24,0.39
int32_SYNAPSE_2_e8_1118_e2_237.lus,Error,0.24,0.39
int32_SYNAPSE_2_e8_1118_e3_1216.lus,Error,0.24,0.39
int32_SYNAPSE_2_e8_1118_e7_1043.lus,Error,0.25,0.40
int32_SYNAPSE_2_e8_1118_e8_1177.lus,Error,0.25,0.39
int32_SYNAPSE_2_e8_656.lus,Error,0.25,0.39
int32_SYNAPSE_2.lus,Error,0.23,0.38
int32_SYNAPSE_3_e1_1416_e1_1675.lus,Error,0.24,0.39
int32_SYNAPSE_3_e1_1416_e2_753.lus,Error,0.24,0.39
int32_SYNAPSE_3_e1_1416_e3_1191.lus,Error,0.25,0.40
int32_SYNAPSE_3_e1_1416_e7_193.lus,Error,0.25,0.40
int32_SYNAPSE_3_e1_1416.lus,Error,0.25,0.40
int32_SYNAPSE_3_e3_1041.lus,Error,0.27,0.45
int32_SYNAPSE_3_e7_1444_e7_638.lus,Error,0.24,0.40
int32_SYNAPSE_3_e7_425.lus,Error,0.25,0.41
int32_SYNAPSE_3_e8_1329_e1_1270.lus,Error,0.24,0.39
int32_SYNAPSE_3_e8_1329_e2_236.lus,Error,0.24,0.40
int32_SYNAPSE_3_e8_1329_e3_421.lus,Error,0.30,0.49
int32_SYNAPSE_3_e8_1329_e7_1062.lus,Error,0.24,0.39
int32_SYNAPSE_3_e8_1329_e8_320.lus,Error,0.24,0.37
int32_SYNAPSE_3_e8_1708.lus,Error,0.24,0.39
int32_SYNAPSE_3.lus,Error,0.27,0.43
int32_SYNAPSE_4_e8_420_e7_572.lus,Error,0.26,0.39
int32_SYNAPSE_4_e8_420_e8_1525.lus,Error,0.24,0.37
int32_SYNAPSE_4_e8_974.lus,Error,0.27,0.45
int32_SYNAPSE_4.lus,Error,0.24,0.38
int32_SYNAPSE_5_e1_811_e1_823.lus,Error,0.24,0.39
int32_SYNAPSE_5_e1_811_e2_1026.lus,Error,0.24,0.39
int32_SYNAPSE_5_e1_811.lus,Error,0.25,0.40
int32_SYNAPSE_5_e2_1525.lus,Error,0.30,0.51
int32_SYNAPSE_5.lus,Error,0.25,0.38
int32_SYNAPSE_6_e2_1439_e1_954.lus,Error,0.23,0.37
int32_SYNAPSE_6_e3_1666_e5_1558.lus,Error,0.24,0.39
int32_SYNAPSE_6_e7_938_e2_1012.lus,Error,0.26,0.41
int32_SYNAPSE_6_e8_1147_e2_1326.lus,Error,0.25,0.38
int32_SYNAPSE_6.lus,Error,0.25,0.39
int32_SYNAPSE_all_e3_1750.lus,Error,0.25,0.41
int32_SYNAPSE_all_e3_1864_e3_495.lus,Error,0.24,0.39
int32_SYNAPSE_all_e3_1864_e4_34.lus,Error,0.24,0.39
int32_SYNAPSE_all_e3_1864_e5_1637.lus,Error,0.25,0.40
int32_SYNAPSE_all_e3_1864_e7_251.lus,Error,0.25,0.41
int32_SYNAPSE_all_e7_907_e7_1363.lus,Error,0.30,0.50
int32_SYNAPSE_all_e7_907.lus,Error,0.25,0.38
int32_SYNAPSE_all_e8_251_e1_1852.lus,Error,0.27,0.44
int32_SYNAPSE_all_e8_251_e2_1053.lus,Error,0.25,0.40
int32_SYNAPSE_all_e8_251_e3_1472.lus,Error,0.29,0.37
int32_SYNAPSE_all_e8_251.lus,Error,0.24,0.40
int32_SYNAPSE_all.lus,Error,0.23,0.37
int32_SYNAPSE_i1.lus,Error,0.25,0.39
int32_ticket3i_1_e7_1669.lus,Error,0.26,0.42
int32_ticket3i_1.lus,Error,0.24,0.39
int32_ticket3i_2.lus,Error,0.26,0.42
int32_ticket3i_3_e7_1312_e7_1495.lus,Error,0.25,0.42
int32_ticket3i_3_e7_1312_e8_1916.lus,Error,0.25,0.41
int32_ticket3i_3_e7_99.lus,Error,0.26,0.42
int32_ticket3i_3_e8_1703_e7_3491.lus,Error,0.27,0.43
int32_ticket3i_3_e8_1703_e8_2560.lus,Error,0.26,0.42
int32_ticket3i_3_e8_1703.lus,Error,0.27,0.42
int32_ticket3i_3.lus,Error,0.26,0.42
int32_ticket3i_4_e7_1775_e7_3320.lus,Error,0.26,0.42
int32_ticket3i_4.lus,Error,0.26,0.43
int32_ticket3i_5_e7_3307.lus,Error,0.26,0.42
int32_ticket3i_5.lus,Error,0.26,0.43
int32_ticket3i_6_e7_1096_e7_2688.lus,Error,0.26,0.41
int32_ticket3i_6.lus,Error,0.26,0.42
int32_ticket3i_7_e1_2192_e1_1852.lus,Error,0.26,0.42
int32_ticket3i_7_e2_2724_e7_524.lus,Error,0.27,0.44
int32_ticket3i_7_e3_59_e7_2122.lus,Error,0.23,0.38
int32_ticket3i_7_e7_3176_e1_2924.lus,Error,0.25,0.42
int32_ticket3i_7_e7_3176.lus,Error,0.26,0.42
int32_ticket3i_7_e8_2126_e7_78.lus,Error,0.25,0.40
int32_ticket3i_7.lus,Error,0.26,0.44
int32_ticket3i_all_e1_2706_e7_1776.lus,Error,0.25,0.41
int32_ticket3i_all_e2_1117_e7_553.lus,Error,0.26,0.42
int32_ticket3i_all_e3_557_e7_3464.lus,Error,0.26,0.43
int32_ticket3i_all_e7_591.lus,Error,0.26,0.43
int32_ticket3i_all_e8_505_e7_2450.lus,Error,0.26,0.41
int32_ticket3i_all.lus,Error,0.26,0.43
int32_traffic_e7_46_e7_171.lus,Error,0.20,0.34
int32_traffic_e7_46.lus,Error,0.24,0.39
int32_traffic.lus,Error,0.23,0.37
int32_twisted_counters.lus,Error,0.23,0.37
int32_two_counters_e1_268.lus,Error,0.26,0.43
int32_two_counters_e2_3.lus,Error,0.29,0.49
int32_two_counters_e3_325.lus,Error,0.23,0.37
int32_two_counters_e7_222.lus,Error,0.23,0.36
int32_two_counters.lus,Error,0.20,0.32
MESI_1_e2_162_e7_1545.lus,Valid,0.89,4.16
MESI_1.lus,Valid,0.47,1.37
MESI_2.lus,Valid,0.68,2.05
MESI_3_e1_2517_e8_2163.lus,Valid,0.65,2.13
MESI_3_e2_819_e1_1145.lus,Valid,0.63,2.11
MESI_3_e2_819_e2_562.lus,Invalid,0.66,2.11
MESI_3_e2_819_e3_2698.lus,Invalid,0.66,2.10
MESI_3_e2_819_e4_1595.lus,Valid,0.64,2.09
MESI_3_e2_819_e5_2554.lus,Invalid,0.68,2.23
MESI_3_e2_819_e6_1459.lus,Valid,0.62,2.06
MESI_3_e2_819_e7_1665.lus,Invalid,0.62,2.07
MESI_3_e2_819_e8_1896.lus,Invalid,0.64,2.10
MESI_3_e2_819.lus,Invalid,0.52,1.65
MESI_3_e3_2669.lus,Valid,0.59,2.07
MESI_3.lus,Valid,0.60,2.02
MESI_4_e7_1140_e7_433.lus,Valid,0.89,4.37
MESI_4.lus,Valid,0.63,2.01
MESI_all_e4_1147_e7_497.lus,Valid,0.89,4.54
MESI_all.lus,Valid,0.54,1.59
MESI_i1_e2_1758_e8_12.lus,Invalid,0.63,2.08
MESI_i1_e2_2656.lus,Invalid,0.65,1.90
MESI_i1_e3_2145_e1_2667.lus,Invalid,0.53,1.51
MESI_i1_e3_2145_e2_2228.lus,Invalid,0.63,1.94
MESI_i1_e3_2145_e3_977.lus,Invalid,0.55,1.68
MESI_i1_e3_2145_e4_1717.lus,Invalid,0.66,2.04
MESI_i1_e3_2145_e5_2391.lus,Invalid,0.56,1.73
MESI_i1_e3_2145_e7_1847.lus,Invalid,0.53,1.63
MESI_i1_e3_2145_e8_2325.lus,Invalid,0.53,1.59
MESI_i1_e3_2145.lus,Invalid,0.55,1.66
MESI_i1_e4_1986_e1_1519.lus,Invalid,0.62,2.05
MESI_i1_e4_1986.lus,Invalid,0.63,2.04
MESI_i1.lus,Invalid,0.54,1.69
MESI_i2.lus,Invalid,0.61,1.85
MESI_i3_e1_447_e1_1292.lus,Valid,2.73,16.11
MESI_i3_e1_447_e2_1098.lus,Invalid,0.62,1.77
MESI_i3_e1_447_e3_1180.lus,Valid,1.00,4.22
MESI_i3_e1_447_e5_2444.lus,Invalid,0.65,1.89
MESI_i3_e1_447_e6_2281.lus,Valid,2.58,16.10
MESI_i3_e1_447_e7_2194.lus,Invalid,0.54,1.69
MESI_i3_e1_447.lus,Invalid,0.54,1.65
MESI_i3.lus,Invalid,0.53,1.64
MESI_i4_e4_1689.lus,Invalid,0.51,1.62
MESI_i4_e6_2175.lus,Valid,4.84,29.37
MESI_i4_e7_1017_e6_1132.lus,Valid,5.91,35.95
MESI_i4_e8_1381_e1_1837.lus,Invalid,0.66,2.00
MESI_i4_e8_1381_e4_313.lus,Invalid,0.63,2.05
MESI_i4.lus,Invalid,0.55,1.70
metros_1_e1_846_e1_1317.lus,Valid,0.61,1.97
metros_1_e1_846_e2_1394.lus,Valid,0.58,1.80
metros_1_e1_846_e3_1060.lus,Valid,0.60,1.87
metros_1_e1_846_e7_397.lus,Valid,0.59,1.93
metros_1_e2_1102_e1_317.lus,Valid,0.59,1.95
metros_1_e2_1102_e2_943.lus,Valid,0.59,1.94
metros_1_e2_1102_e3_961.lus,Valid,0.64,2.01
metros_1_e2_1102_e7_1163.lus,Valid,0.60,1.82
metros_1_e2_627.lus,Valid,0.58,1.93
metros_1_e7_1255_e7_12.lus,Valid,0.56,1.85
metros_1_e7_606.lus,Valid,0.61,2.00
metros_1_e8_725_e1_919.lus,Valid,0.62,1.95
metros_1_e8_725_e2_1144.lus,Valid,0.59,1.73
metros_1_e8_725_e3_556.lus,Valid,0.58,1.87
metros_1_e8_725.lus,Valid,0.54,1.56
metros_1.lus,Valid,0.60,1.87
metros_2_e1_1116_e1_556.lus,Invalid,0.70,2.84
metros_2_e1_1116_e2_617.lus,Valid,0.58,1.89
metros_2_e1_1116_e3_287.lus,Invalid,0.64,2.21
metros_2_e1_1116_e7_1440.lus,Invalid,0.72,3.17
metros_2_e1_190.lus,Valid,8.73,54.70
metros_2_e2_704_e1_389.lus,Invalid,0.72,2.79
metros_2_e2_704_e2_13.lus,Valid,0.64,1.99
metros_2_e2_704_e3_76.lus,Invalid,0.73,2.31
metros_2_e2_704_e7_810.lus,Invalid,0.74,3.03
metros_2_e2_968.lus,Invalid,1.18,5.84
metros_2_e3_112.lus,Invalid,1.44,7.75
metros_2.lus,Valid,9.20,57.13
metros_3_e3_1275_e1_1350.lus,Invalid,1.12,5.89
metros_3_e3_1275_e2_454.lus,Valid,0.55,1.69
metros_3_e3_1275_e3_640.lus,Valid,0.57,1.62
metros_3_e3_1275_e4_164.lus,Invalid,6.46,39.75
metros_3_e3_1275_e5_846.lus,Invalid,8.55,53.71
metros_3_e3_1275_e6_1315.lus,Timeout,300.13,928.78
metros_3_e3_1275_e7_529.lus,Invalid,7.52,49.04
metros_3_e3_1275.lus,Invalid,8.68,56.73
metros_3_e4_987_e1_1115.lus,Timeout,300.13,941.09
metros_3_e4_987_e2_80.lus,Invalid,5.30,32.96
metros_3_e4_987_e3_291.lus,Invalid,8.20,52.67
metros_3_e4_987.lus,Timeout,300.13,937.18
metros_3.lus,Valid,123.63,440.16
metros_4_e1_821_e5_911.lus,Valid,53.57,213.60
metros_4_e1_917.lus,Valid,45.48,186.78
metros_4_e2_968_e1_956.lus,Invalid,0.88,4.35
metros_4_e2_968_e2_1166.lus,Valid,0.58,1.75
metros_4_e2_968_e3_931.lus,Valid,0.58,1.90
metros_4_e2_968_e4_801.lus,Invalid,2.44,15.83
metros_4_e2_968_e5_991.lus,Invalid,2.72,17.38
metros_4_e2_968_e6_236.lus,Invalid,0.85,3.88
metros_4_e2_968_e7_860.lus,Invalid,2.54,16.50
metros_4_e2_968.lus,Invalid,2.75,17.80
metros_4_e3_1025.lus,Invalid,3.32,21.48
metros_4_e3_1091_e1_1044.lus,Invalid,1.08,5.01
metros_4_e3_1091_e2_1317.lus,Valid,0.61,1.78
metros_4_e3_1091_e3_522.lus,Valid,0.56,1.78
metros_4_e3_1091_e4_232.lus,Invalid,2.92,18.44
metros_4_e5_1150.lus,Valid,89.49,324.93
metros_4.lus,Timeout,300.13,914.09
metros_5_e4_1208_e1_337.lus,Timeout,300.13,932.40
metros_5.lus,Valid,182.87,621.02
microwave01.lus,Valid,0.66,2.56
microwave02.lus,Valid,0.66,2.51
microwave03.lus,Valid,0.66,2.51
microwave04.lus,Valid,0.65,2.45
microwave05.lus,Valid,16.32,102.20
microwave06.lus,Timeout,290.44,1233.51
microwave07.lus,Timeout,290.43,1238.01
microwave08.lus,Timeout,290.43,1231.42
microwave09.lus,Timeout,290.43,1235.29
microwave10.lus,Timeout,290.45,1240.17
microwave11.lus,Timeout,290.44,1235.23
microwave12.lus,Invalid,0.70,2.85
microwave13.lus,Timeout,300.13,1147.66
microwave14.lus,Invalid,0.68,2.75
microwave15.lus,Valid,0.64,2.36
microwave16.lus,Valid,0.64,2.39
microwave17.lus,Valid,2.05,12.79
microwave18.lus,Invalid,0.69,2.75
microwave19.lus,Valid,2.36,15.17
microwave20.lus,Invalid,0.70,2.79
microwave21.lus,Valid,0.62,2.34
microwave22.lus,Valid,2.36,15.31
microwave23.lus,Invalid,0.72,3.01
microwave24.lus,Valid,2.75,16.44
microwave25.lus,Invalid,0.72,2.78
microwave26.lus,Valid,9.98,68.64
microwave27.lus,Valid,2.86,18.05
microwave28.lus,Invalid,0.78,3.31
microwave29.lus,Valid,2.45,15.11
microwave30.lus,Valid,2.35,13.53
microwave31.lus,Invalid,1.79,10.08
microwave32.lus,Invalid,2.40,13.70
microwave33.lus,Invalid,1.14,5.68
microwave34.lus,Invalid,1.81,10.48
microwave35.lus,Invalid,1.89,11.05
microwave36.lus,Invalid,1.11,5.43
microwave37.lus,Invalid,2.27,12.76
microwave38.lus,Invalid,1.90,10.88
microwave39.lus,Invalid,1.48,8.16
microwave40.lus,Invalid,0.69,2.56
Mode_Logic.kind__100.lus,Valid,6.65,45.66
Mode_Logic.kind__101.lus,Valid,9.28,59.06
Mode_Logic.kind__102.lus,Valid,15.06,88.81
Mode_Logic.kind__103.lus,Valid,8.35,53.41
Mode_Logic.kind__104.lus,Valid,14.04,85.82
Mode_Logic.kind__105.lus,Valid,6.87,46.40
Mode_Logic.kind__106.lus,Valid,6.44,43.20
Mode_Logic.kind__107.lus,Valid,5.94,40.49
Mode_Logic.kind__108.lus,Valid,6.46,44.31
Mode_Logic.kind__109.lus,Valid,6.75,45.26
Mode_Logic.kind__10.lus,Valid,1.01,4.64
Mode_Logic.kind__110.lus,Valid,6.04,41.01
Mode_Logic.kind__111.lus,Valid,6.46,43.51
Mode_Logic.kind__112.lus,Valid,8.45,53.52
Mode_Logic.kind__113.lus,Valid,5.98,40.54
Mode_Logic.kind__114.lus,Valid,9.88,62.71
Mode_Logic.kind__115.lus,Valid,6.32,43.16
Mode_Logic.kind__116.lus,Valid,6.36,42.68
Mode_Logic.kind__117.lus,Valid,5.96,39.19
Mode_Logic.kind__118.lus,Valid,6.35,43.45
Mode_Logic.kind__11.lus,Valid,6.01,40.27
Mode_Logic.kind__12.lus,Valid,6.72,43.13
Mode_Logic.kind__13.lus,Valid,6.47,43.83
Mode_Logic.kind__14.lus,Valid,6.98,45.84
Mode_Logic.kind__15.lus,Valid,1.03,4.87
Mode_Logic.kind__16.lus,Valid,6.78,44.13
Mode_Logic.kind__17.lus,Valid,6.10,39.76
Mode_Logic.kind__18.lus,Valid,6.16,41.23
Mode_Logic.kind__19.lus,Valid,6.65,44.39
Mode_Logic.kind__1.lus,Valid,5.87,39.89
Mode_Logic.kind__20.lus,Valid,4.96,32.22
Mode_Logic.kind__21.lus,Valid,6.12,40.44
Mode_Logic.kind__22.lus,Valid,5.22,34.59
Mode_Logic.kind__23.lus,Valid,6.16,41.36
Mode_Logic.kind__24.lus,Valid,6.36,42.35
Mode_Logic.kind__25.lus,Valid,6.18,41.39
Mode_Logic.kind__26.lus,Valid,8.14,53.76
Mode_Logic.kind__27.lus,Valid,8.91,58.43
Mode_Logic.kind__28.lus,Valid,5.79,38.22
Mode_Logic.kind__29.lus,Valid,6.17,41.20
Mode_Logic.kind__2.lus,Valid,24.49,128.55
Mode_Logic.kind__30.lus,Valid,1.03,4.78
Mode_Logic.kind__31.lus,Valid,0.91,3.99
Mode_Logic.kind__32.lus,Valid,12.16,74.99
Mode_Logic.kind__33.lus,Valid,8.15,53.66
Mode_Logic.kind__34.lus,Valid,9.18,61.09
Mode_Logic.kind__35.lus,Valid,6.74,45.92
Mode_Logic.kind__36.lus,Valid,1.27,6.33
Mode_Logic.kind__37.lus,Valid,14.75,85.97
Mode_Logic.kind__38.lus,Valid,34.32,172.69
Mode_Logic.kind__39.lus,Valid,20.03,111.74
Mode_Logic.kind__3.lus,Valid,6.81,45.73
Mode_Logic.kind__40.lus,Valid,7.51,49.93
Mode_Logic.kind__41.lus,Valid,6.35,43.05
Mode_Logic.kind__42.lus,Valid,8.73,56.29
Mode_Logic.kind__43.lus,Valid,8.45,54.93
Mode_Logic.kind__44.lus,Valid,5.99,39.67
Mode_Logic.kind__45.lus,Valid,5.87,38.42
Mode_Logic.kind__46.lus,Valid,10.10,65.37
Mode_Logic.kind__47.lus,Valid,8.48,55.50
Mode_Logic.kind__48.lus,Valid,9.29,57.46
Mode_Logic.kind__49.lus,Valid,8.08,53.63
Mode_Logic.kind__4.lus,Valid,35.18,174.52
Mode_Logic.kind__50.lus,Valid,5.86,39.87
Mode_Logic.kind__51.lus,Valid,5.98,40.59
Mode_Logic.kind__52.lus,Valid,6.62,43.74
Mode_Logic.kind__53.lus,Valid,6.28,42.19
Mode_Logic.kind__54.lus,Valid,10.66,69.11
Mode_Logic.kind__55.lus,Valid,8.97,56.78
Mode_Logic.kind__56.lus,Valid,10.17,65.57
Mode_Logic.kind__57.lus,Valid,8.09,54.54
Mode_Logic.kind__58.lus,Valid,5.83,39.56
Mode_Logic.kind__59.lus,Valid,5.67,38.39
Mode_Logic.kind__5.lus,Valid,6.05,39.92
Mode_Logic.kind__60.lus,Valid,6.00,39.64
Mode_Logic.kind__61.lus,Valid,6.59,44.03
Mode_Logic.kind__62.lus,Valid,6.25,41.88
Mode_Logic.kind__63.lus,Valid,7.75,52.00
Mode_Logic.kind__64.lus,Valid,5.93,39.97
Mode_Logic.kind__65.lus,Valid,10.74,68.85
Mode_Logic.kind__66.lus,Valid,5.44,36.74
Mode_Logic.kind__67.lus,Valid,6.70,44.18
Mode_Logic.kind__68.lus,Valid,6.45,43.77
Mode_Logic.kind__69.lus,Valid,12.31,74.27
Mode_Logic.kind__6.lus,Valid,7.55,50.66
Mode_Logic.kind__70.lus,Valid,55.14,245.82
Mode_Logic.kind__71.lus,Valid,44.55,206.12
Mode_Logic.kind__72.lus,Valid,6.36,41.87
Mode_Logic.kind__73.lus,Valid,5.82,39.52
Mode_Logic.kind__74.lus,Valid,8.94,56.85
Mode_Logic.kind__75.lus,Valid,7.29,49.55
Mode_Logic.kind__76.lus,Valid,5.77,38.59
Mode_Logic.kind__77.lus,Valid,6.31,42.46
Mode_Logic.kind__78.lus,Valid,6.50,43.46
Mode_Logic.kind__79.lus,Valid,6.65,44.64
Mode_Logic.kind__7.lus,Valid,15.65,93.27
Mode_Logic.kind__80.lus,Valid,9.48,60.52
Mode_Logic.kind__81.lus,Valid,6.52,43.06
Mode_Logic.kind__82.lus,Valid,6.00,39.33
Mode_Logic.kind__83.lus,Valid,5.87,38.63
Mode_Logic.kind__84.lus,Valid,5.88,39.76
Mode_Logic.kind__85.lus,Valid,6.25,41.72
Mode_Logic.kind__86.lus,Valid,14.49,86.18
Mode_Logic.kind__87.lus,Valid,13.99,85.00
Mode_Logic.kind__88.lus,Valid,8.87,58.10
Mode_Logic.kind__89.lus,Valid,6.76,44.78
Mode_Logic.kind__8.lus,Valid,47.73,227.43
Mode_Logic.kind__90.lus,Valid,6.70,44.39
Mode_Logic.kind__91.lus,Valid,5.65,37.79
Mode_Logic.kind__92.lus,Valid,8.96,60.51
Mode_Logic.kind__93.lus,Valid,10.86,66.54
Mode_Logic.kind__94.lus,Valid,6.03,40.02
Mode_Logic.kind__95.lus,Valid,10.55,64.63
Mode_Logic.kind__96.lus,Valid,14.37,86.67
Mode_Logic.kind__97.lus,Valid,8.69,57.56
Mode_Logic.kind__98.lus,Valid,7.93,52.46
Mode_Logic.kind__99.lus,Valid,8.58,56.95
Mode_Logic.kind__9.lus,Valid,19.07,107.79
Mode_Logic.kind.lus,Valid,158.79,851.68
MOESI_1_e2_982_e7_492.lus,Valid,1.32,7.61
MOESI_1_e3_1884_e7_1875.lus,Valid,1.79,11.07
MOESI_1.lus,Valid,0.48,1.40
MOESI_2_e1_1753_e1_1510.lus,Invalid,0.65,2.15
MOESI_2_e1_1753_e2_615.lus,Invalid,0.66,2.02
MOESI_2_e1_1753_e3_2021.lus,Invalid,0.55,1.74
MOESI_2_e1_1753.lus,Valid,0.54,1.47
MOESI_2_e2_155.lus,Valid,0.49,1.43
MOESI_2_e2_1599_e1_2383.lus,Invalid,0.65,2.13
MOESI_2_e2_1599_e2_1815.lus,Invalid,0.50,1.56
MOESI_2_e2_1599_e3_1658.lus,Invalid,0.55,1.76
MOESI_2_e2_1599_e8_1334.lus,Valid,0.52,1.44
MOESI_2_e3_929_e1_2319.lus,Invalid,0.51,1.54
MOESI_2_e3_929_e2_2421.lus,Invalid,0.73,2.22
MOESI_2_e3_929_e3_2294.lus,Invalid,0.67,2.14
MOESI_2_e3_929_e4_578.lus,Valid,0.48,1.38
MOESI_2_e3_929_e5_1826.lus,Valid,0.53,1.50
MOESI_2_e3_929_e6_2707.lus,Valid,0.48,1.35
MOESI_2_e3_929_e7_619.lus,Invalid,0.64,1.99
MOESI_2_e3_929_e8_1167.lus,Valid,0.52,1.42
MOESI_2_e3_929.lus,Valid,0.50,1.42
MOESI_2_e7_2607.lus,Invalid,0.55,1.67
MOESI_2_e7_2910_e1_1021.lus,Invalid,0.71,2.17
MOESI_2_e7_2910_e2_611.lus,Invalid,0.69,2.22
MOESI_2_e7_2910_e7_1804.lus,Invalid,0.54,1.67
MOESI_2_e8_101.lus,Valid,0.52,1.46
MOESI_2_e8_926_e1_1065.lus,Valid,0.49,1.32
MOESI_2_e8_926_e7_961.lus,Invalid,0.54,1.63
MOESI_2_e8_926_e8_2138.lus,Valid,0.49,1.37
MOESI_2.lus,Valid,0.49,1.34
MOESI_all_e3_2032_e3_2788.lus,Invalid,0.56,1.69
MOESI_all.lus,Valid,0.49,1.42
MultipleFanInToEventPort__1.lus,Valid,0.63,1.89
MultipleFanInToEventPort__2.lus,Valid,0.49,1.36
MultipleFanInToEventPort__3.lus,Valid,0.79,3.45
MultipleFanInToEventPort.lus,Valid,0.62,1.87
MultipleFanInToPort__1.lus,Valid,0.45,1.28
MultipleFanInToPort__2.lus,Valid,0.58,1.91
MultipleFanInToPort.lus,Valid,0.64,1.90
peterson_1_e7_4234.lus,Valid,1.75,10.60
peterson_1.lus,Valid,0.71,2.32
peterson_2.lus,Valid,0.64,2.24
peterson_3.lus,Valid,0.68,2.30
peterson_4.lus,Valid,0.66,2.22
peterson_all.lus,Valid,0.60,2.20
peterson_vt.lus,Invalid,0.71,2.71
PRODUCER_CONSUMER_1.lus,Valid,0.56,1.58
PRODUCER_CONSUMER_2.lus,Valid,0.50,1.48
PRODUCER_CONSUMER_3.lus,Valid,0.55,1.48
PRODUCER_CONSUMER_all.lus,Valid,0.65,1.74
PRODUCER_CONSUMER_vt_e2_1352.lus,Timeout,300.12,924.90
PRODUCER_CONSUMER_vt_e3_507.lus,Timeout,300.13,923.98
PRODUCER_CONSUMER_vt_e7_1059_e8_1111.lus,Timeout,300.14,924.97
PRODUCER_CONSUMER_vt.lus,Timeout,300.13,918.24
PRODUCER_CONSUMMER_luke_1.lus,Invalid,0.56,1.65
PRODUCER_CONSUMMER_luke_2_e7_1068_e8_1019.lus,Timeout,300.13,923.76
PRODUCER_CONSUMMER_luke_2.lus,Timeout,300.13,924.84
production_cell_e7_207_e7_41.lus,Invalid,0.82,1.90
production_cell_e7_207_e8_241.lus,Valid,1.02,4.31
production_cell_e7_21.lus,Invalid,0.78,1.81
production_cell_e8_6_e7_651.lus,Invalid,0.61,1.84
production_cell_e8_6_e8_427.lus,Invalid,0.60,1.75
production_cell_e8_6.lus,Valid,0.68,2.54
production_cell.lus,Valid,0.87,4.36
QuasiTest__10.lus,Valid,0.50,1.31
QuasiTest__1.lus,Valid,0.52,1.35
QuasiTest__2.lus,Valid,0.52,1.39
QuasiTest__3.lus,Valid,0.62,1.68
QuasiTest__4.lus,Valid,0.56,1.47
QuasiTest__5.lus,Valid,0.51,1.35
QuasiTest__6.lus,Valid,0.60,1.57
QuasiTest__7.lus,Valid,0.49,1.35
QuasiTest__8.lus,Valid,0.52,1.37
QuasiTest__9.lus,Valid,0.60,1.58
QuasiTest.lus,Valid,0.75,2.21
readwrit.lus,Valid,0.55,1.71
reconfiguration_large_bound.lus,Error,0.24,0.39
reconfiguration_large.lus,Error,0.24,0.39
reconfiguration_medium_bounds.lus,Error,0.25,0.39
reconfiguration_medium.lus,Error,0.23,0.38
reconfiguration_small_bounds.lus,Error,0.25,0.39
reconfiguration_small.lus,Error,0.24,0.38
relatedCounters_large_bounds.lus,Timeout,300.13,1134.58
relatedCounters_large.lus,Timeout,300.14,1198.41
relatedCounters_medium_bounds.lus,Valid,61.27,243.65
relatedCounters_medium.lus,Timeout,300.12,939.59
relatedCounters_small_bounds.lus,Valid,3.36,20.12
relatedCounters_small.lus,Valid,3.95,23.83
rtp_10_e7_106_e7_2564.lus,Valid,1.32,6.64
rtp_10.lus,Valid,0.64,2.14
rtp_1.lus,Valid,0.69,1.98
rtp_2.lus,Valid,0.64,1.84
rtp_3.lus,Valid,0.53,1.68
rtp_4.lus,Valid,0.67,2.12
rtp_5_e7_3972.lus,Valid,1.22,6.25
rtp_5.lus,Valid,0.54,1.71
rtp_6.lus,Valid,0.64,2.13
rtp_7.lus,Valid,0.52,1.64
rtp_8.lus,Valid,0.63,2.14
rtp_9.lus,Valid,0.62,2.08
rtp_all_e7_2500.lus,Valid,2.87,18.01
rtp_all.lus,Valid,0.59,2.08
rtp_vt.lus,Valid,37.86,156.57
Sentinel__1.lus,Valid,0.60,1.91
Sentinel__2.lus,Valid,0.66,2.09
Sentinel__3.lus,Valid,0.67,2.01
Sentinel.lus,Valid,0.73,2.19
speed2_e7_223_e7_213.lus,Valid,0.47,1.38
speed2_e7_223_e8_329.lus,Valid,0.58,1.65
speed2_e7_496.lus,Valid,0.48,1.36
speed2_e8_449_e7_353.lus,Valid,0.45,1.32
speed2_e8_449_e8_517.lus,Valid,0.56,1.65
speed2_e8_449.lus,Valid,0.46,1.33
speed2.lus,Valid,0.46,1.37
speed_e7_207_e7_538.lus,Valid,0.45,1.24
speed_e7_207_e8_507.lus,Valid,0.48,1.29
speed_e7_207.lus,Valid,0.47,1.28
speed_e8_649_e7_709.lus,Valid,0.45,1.27
speed_e8_649.lus,Valid,0.54,1.41
stalmark_e7_27_e7_31.lus,Valid,0.55,1.52
stalmark_e7_27.lus,Valid,0.54,1.52
stalmark_e7_76.lus,Valid,0.53,1.52
stalmark_e8_48.lus,Invalid,0.58,1.37
stalmark_e8_64_e7_80.lus,Invalid,0.57,1.64
stalmark_e8_64_e8_207.lus,Invalid,0.78,1.66
stalmark.lus,Valid,0.57,1.54
steam_boiler_no_arr1_e4_23904_e4_2384.lus,Valid,0.84,2.95
steam_boiler_no_arr1.lus,Valid,0.69,2.76
steam_boiler_no_arr2_e1_17214_e5_18600.lus,Valid,0.68,2.47
steam_boiler_no_arr2_e3_514_e4_11150.lus,Valid,0.68,2.42
steam_boiler_no_arr2_e6_3003_e4_15091.lus,Valid,0.69,2.51
steam_boiler_no_arr2_e7_12307.lus,Valid,0.67,2.52
steam_boiler_no_arr2_e8_21449_e5_18210.lus,Valid,0.68,2.55
steam_boiler_no_arr2.lus,Valid,0.78,2.73
SW_1__1.lus,Valid,0.65,2.22
SW_1__2.lus,Invalid,0.67,2.39
SW_1__3.lus,Valid,0.93,4.11
SW_1__4.lus,Invalid,0.69,2.58
SW_1__5.lus,Valid,0.99,4.40
SW__1.lus,Valid,0.70,2.46
SW_1.lus:4:2:0:1.01,4.69
SW2__1.lus,Valid,0.78,2.94
SW2__2.lus,Valid,2.05,12.31
SW2__3.lus,Valid,2.38,14.69
SW2__4.lus,Valid,2.33,14.03
SW2__5.lus,Valid,2.81,18.09
SW2__6.lus,Valid,3.65,22.58
SW2__7.lus,Valid,0.84,3.52
SW2__8.lus,Valid,3.56,23.30
SW__2.lus,Valid,1.84,11.03
SW2.lus,Valid,0.96,4.58
SW__3.lus,Valid,2.40,14.56
SW__4.lus,Valid,2.53,16.30
SW__5.lus,Valid,3.00,19.22
SW__6.lus,Valid,0.92,3.63
SW__7.lus,Valid,2.96,19.48
swimmingpool_1_e7_1621.lus,Invalid,0.63,2.10
swimmingpool_1.lus,Invalid,0.64,2.32
swimmingpool_2.lus,Invalid,0.63,2.15
swimmingpool_3.lus,Invalid,0.55,1.80
swimmingpool_4_e7_2197.lus,Invalid,0.61,2.06
swimmingpool_4.lus,Invalid,0.68,2.17
swimmingpool_5.lus,Invalid,0.65,2.00
swimmingpool_6_e7_10_e7_341.lus,Invalid,0.68,2.36
swimmingpool_6_e7_399.lus,Invalid,0.63,2.21
swimmingpool_6.lus,Invalid,0.64,2.29
swimmingpool_7.lus,Invalid,0.74,2.41
swimmingpool_8.lus,Invalid,0.64,2.30
swimmingpool_9.lus,Invalid,0.65,2.43
switch2.lus,Invalid,0.51,1.30
switch.lus,Invalid,0.67,1.43
SW.lus,Valid,1.06,4.60
SW_props_no_lits__1.lus,Error,0.27,0.45
SW_props_no_lits__2.lus,Error,0.30,0.50
SW_props_no_lits__3.lus,Error,0.27,0.44
SW_props_no_lits__4.lus,Error,0.31,0.58
SW_props_no_lits__5.lus,Error,0.34,0.62
SW_props_no_lits__6.lus,Error,0.28,0.47
SW_props_no_lits.lus,Error,0.27,0.45
SYNAPSE_123_e2_1653.lus,Invalid,0.62,1.79
SYNAPSE_123_e3_302_e1_1141.lus,Invalid,0.64,1.94
SYNAPSE_123_e3_302.lus,Invalid,0.62,2.01
SYNAPSE_123_e7_837_e2_1394.lus,Invalid,0.68,2.09
SYNAPSE_123_e7_837_e3_135.lus,Invalid,0.63,2.06
SYNAPSE_123_e7_837_e7_1262.lus,Valid,2.61,16.36
SYNAPSE_123_e7_856.lus,Valid,2.71,16.99
SYNAPSE_123_e8_953_e1_1128.lus,Invalid,0.65,2.07
SYNAPSE_123_e8_953_e2_458.lus,Invalid,0.55,1.64
SYNAPSE_123_e8_953_e3_271.lus,Invalid,0.52,1.54
SYNAPSE_123_e8_953_e7_1465.lus,Valid,3.10,20.29
SYNAPSE_123_e8_953_e8_941.lus,Valid,0.60,1.89
SYNAPSE_123_e8_953.lus,Valid,0.59,1.69
SYNAPSE_123.lus,Valid,0.52,1.56
SYNAPSE_1.lus,Valid,0.48,1.37
SYNAPSE_2_e1_1239_e1_1331.lus,Invalid,0.58,1.73
SYNAPSE_2_e1_1239_e2_74.lus,Invalid,0.52,1.51
SYNAPSE_2_e1_1239.lus,Invalid,0.62,1.81
SYNAPSE_2_e3_216.lus,Invalid,0.51,1.52
SYNAPSE_2_e8_1118_e1_667.lus,Invalid,0.66,1.83
SYNAPSE_2_e8_1118_e2_237.lus,Invalid,0.55,1.68
SYNAPSE_2_e8_1118_e3_1216.lus,Invalid,0.53,1.54
SYNAPSE_2_e8_1118_e7_1043.lus,Valid,0.50,1.36
SYNAPSE_2_e8_1118_e8_1177.lus,Valid,0.47,1.29
SYNAPSE_2_e8_656.lus,Valid,0.49,1.29
SYNAPSE_2.lus,Valid,0.52,1.45
SYNAPSE_3_e1_1416_e1_1675.lus,Invalid,0.61,1.71
SYNAPSE_3_e1_1416_e2_753.lus,Invalid,0.51,1.65
SYNAPSE_3_e1_1416_e3_1191.lus,Invalid,0.53,1.65
SYNAPSE_3_e1_1416_e7_193.lus,Invalid,0.51,1.59
SYNAPSE_3_e1_1416.lus,Invalid,0.53,1.65
SYNAPSE_3_e3_1041.lus,Invalid,0.64,2.06
SYNAPSE_3_e7_1444_e7_638.lus,Valid,2.13,12.44
SYNAPSE_3_e7_425.lus,Valid,2.40,15.37
SYNAPSE_3_e8_1329_e1_1270.lus,Invalid,0.52,1.63
SYNAPSE_3_e8_1329_e2_236.lus,Invalid,0.53,1.58
SYNAPSE_3_e8_1329_e3_421.lus,Invalid,0.67,1.83
SYNAPSE_3_e8_1329_e7_1062.lus,Valid,2.27,13.68
SYNAPSE_3_e8_1329_e8_320.lus,Valid,0.48,1.41
SYNAPSE_3_e8_1708.lus,Valid,0.51,1.52
SYNAPSE_3.lus,Valid,0.62,1.92
SYNAPSE_4_e8_420_e7_572.lus,Valid,1.19,6.49
SYNAPSE_4_e8_420_e8_1525.lus,Valid,0.47,1.43
SYNAPSE_4_e8_974.lus,Valid,0.51,1.52
SYNAPSE_4.lus,Valid,0.58,1.60
SYNAPSE_5_e1_811_e1_823.lus,Invalid,0.53,1.68
SYNAPSE_5_e1_811_e2_1026.lus,Invalid,0.72,2.05
SYNAPSE_5_e1_811.lus,Invalid,0.53,1.62
SYNAPSE_5_e2_1525.lus,Valid,2.02,11.08
SYNAPSE_5.lus,Valid,2.02,11.04
SYNAPSE_6_e2_1439_e1_954.lus,Valid,1.90,11.02
SYNAPSE_6_e3_1666_e5_1558.lus,Valid,1.92,10.77
SYNAPSE_6_e7_938_e2_1012.lus,Valid,2.32,13.10
SYNAPSE_6_e8_1147_e2_1326.lus,Valid,2.08,11.90
SYNAPSE_6.lus,Valid,1.89,10.32
SYNAPSE_all_e3_1750.lus,Invalid,0.64,1.93
SYNAPSE_all_e3_1864_e3_495.lus,Invalid,0.65,1.86
SYNAPSE_all_e3_1864_e4_34.lus,Invalid,0.51,1.66
SYNAPSE_all_e3_1864_e5_1637.lus,Invalid,0.49,1.56
SYNAPSE_all_e3_1864_e7_251.lus,Invalid,0.61,1.96
SYNAPSE_all_e7_907_e7_1363.lus,Valid,2.29,14.74
SYNAPSE_all_e7_907.lus,Valid,3.20,21.26
SYNAPSE_all_e8_251_e1_1852.lus,Invalid,0.63,1.95
SYNAPSE_all_e8_251_e2_1053.lus,Invalid,0.52,1.61
SYNAPSE_all_e8_251_e3_1472.lus,Invalid,0.52,1.66
SYNAPSE_all_e8_251.lus,Valid,0.49,1.47
SYNAPSE_all.lus,Valid,0.52,1.48
SYNAPSE_i1.lus,Invalid,0.54,1.64
TaxiNet__1.lus,Valid,0.58,1.68
TaxiNet__2.lus,Valid,0.65,2.21
TaxiNet.lus,Valid,0.64,1.72
Thermostat__10.lus,Valid,0.83,3.47
Thermostat__11.lus,Valid,0.93,3.75
Thermostat__12.lus,Valid,0.81,3.33
Thermostat__13.lus,Valid,0.93,3.63
Thermostat__14.lus,Valid,0.81,3.51
Thermostat__15.lus,Valid,0.87,3.73
Thermostat__16.lus,Valid,0.82,3.36
Thermostat__17.lus,Valid,0.86,3.77
Thermostat__18.lus,Valid,0.85,3.92
Thermostat__19.lus,Valid,0.85,3.84
Thermostat__1.lus,Valid,0.53,1.69
Thermostat__2.lus,Valid,0.64,2.17
Thermostat__3.lus,Valid,0.52,1.58
Thermostat__4.lus,Valid,0.55,1.60
Thermostat__5.lus,Valid,0.82,3.29
Thermostat__6.lus,Valid,0.84,3.35
Thermostat__7.lus,Valid,0.83,3.39
Thermostat__8.lus,Valid,0.84,3.42
Thermostat__9.lus,Valid,0.83,3.61
Thermostat.lus,Valid,0.74,3.08
ticket3i_1_e7_1669.lus,Valid,2.88,19.17
ticket3i_1.lus,Valid,0.60,1.98
ticket3i_2.lus,Valid,0.60,2.01
ticket3i_3_e7_1312_e7_1495.lus,Invalid,0.67,2.21
ticket3i_3_e7_1312_e8_1916.lus,Valid,0.64,2.12
ticket3i_3_e7_99.lus,Invalid,0.69,2.31
ticket3i_3_e8_1703_e7_3491.lus,Invalid,0.66,2.35
ticket3i_3_e8_1703_e8_2560.lus,Valid,0.62,2.02
ticket3i_3_e8_1703.lus,Valid,0.62,2.02
ticket3i_3.lus,Valid,0.62,1.97
ticket3i_4_e7_1775_e7_3320.lus,Valid,1.50,8.63
ticket3i_4.lus,Valid,0.62,2.07
ticket3i_5_e7_3307.lus,Valid,1.60,9.42
ticket3i_5.lus,Valid,0.54,1.66
ticket3i_6_e7_1096_e7_2688.lus,Valid,1.58,8.25
ticket3i_6.lus,Valid,0.65,2.10
ticket3i_7_e1_2192_e1_1852.lus,Valid,5.07,34.30
ticket3i_7_e2_2724_e7_524.lus,Valid,3.09,19.74
ticket3i_7_e3_59_e7_2122.lus,Valid,3.91,26.33
ticket3i_7_e7_3176_e1_2924.lus,Valid,3.12,20.48
ticket3i_7_e7_3176.lus,Valid,2.74,17.80
ticket3i_7_e8_2126_e7_78.lus,Valid,3.21,20.90
ticket3i_7.lus,Valid,0.64,2.14
ticket3i_all_e1_2706_e7_1776.lus,Valid,3.45,22.49
ticket3i_all_e2_1117_e7_553.lus,Valid,3.18,21.13
ticket3i_all_e3_557_e7_3464.lus,Valid,3.76,24.54
ticket3i_all_e7_591.lus,Valid,3.00,19.27
ticket3i_all_e8_505_e7_2450.lus,Valid,5.55,37.31
ticket3i_all.lus,Valid,0.69,2.15
TopLevel_v6__1.lus,Valid,0.72,2.89
TopLevel_v6__2.lus,Valid,1.62,9.58
TopLevel_v6__3.lus,Valid,1.63,9.39
TopLevel_v6__4.lus,Valid,1.64,9.41
TopLevel_v6__5.lus,Valid,1.70,9.62
TopLevel_v6__6.lus,Valid,1.68,9.72
TopLevel_v6__7.lus,Valid,1.64,9.52
TopLevel_v6__8.lus,Valid,1.72,9.72
TopLevel_v6__9.lus,Valid,1.69,9.98
TopLevel_v6.lus,Valid,0.91,3.76
TopSystem__1.lus,Valid,0.54,1.55
TopSystem__2.lus,Valid,0.57,1.88
TopSystem.lus,Valid,0.61,1.66
traffic_e7_46_e7_171.lus,Invalid,0.47,1.31
traffic_e7_46.lus,Invalid,0.48,1.37
traffic.lus,Valid,0.49,1.35
tramway_e7_1834_e7_2363.lus,Valid,0.60,1.85
tramway_e7_1834_e8_3192.lus,Valid,1.29,7.21
tramway_e7_1834.lus,Valid,0.73,1.90
tramway.lus,Valid,1.28,7.11
triplexVoter_bounds.lus,Timeout,280.37,1213.65
triplexVoter.lus,Timeout,300.12,936.21
triplexVoter_str.lus,Valid,0.86,3.79
twisted_counters.lus,Valid,2.06,12.96
two_counters_e1_268.lus,Invalid,0.52,1.45
two_counters_e2_3.lus,Invalid,0.67,1.69
two_counters_e3_325.lus,Invalid,0.58,1.56
two_counters_e7_222.lus,Invalid,0.58,1.68
two_counters.lus,Valid,0.57,1.72
ums_e7_1700.lus,Invalid,0.83,2.49
ums_e8_1032.lus,Valid,1.11,4.28
ums.lus,Valid,0.60,2.09
Uptane__10.lus,Valid,30.02,127.65
Uptane__1.lus,Valid,13.11,34.56
Uptane__2.lus,Valid,133.85,546.39
Uptane__3.lus,Valid,28.64,122.37
Uptane__4.lus,Valid,28.29,127.82
Uptane__5.lus,Valid,99.61,377.44
Uptane__6.lus,Valid,21.38,90.70
Uptane__7.lus,Valid,21.46,86.75
Uptane__8.lus,Valid,22.82,93.49
Uptane__9.lus,Valid,137.08,489.18
Uptane.lus,Valid,83.34,390.03
WBS__10.lus,Valid,1.58,8.90
WBS__11.lus,Valid,1.59,8.89
WBS__12.lus,Valid,1.59,8.98
WBS__13.lus,Valid,1.47,8.50
WBS__14.lus,Valid,1.47,8.49
WBS__15.lus,Valid,1.65,8.97
WBS__16.lus,Valid,1.57,8.84
WBS__17.lus,Valid,1.40,7.79
WBS__18.lus,Valid,1.44,7.71
WBS__19.lus,Valid,1.66,8.91
WBS__1.lus,Valid,0.89,3.62
WBS__20.lus,Valid,1.52,8.11
WBS__21.lus,Valid,1.46,7.78
WBS__22.lus,Valid,1.51,8.07
WBS__23.lus,Valid,1.37,7.55
WBS__24.lus,Valid,1.36,7.75
WBS__25.lus,Valid,1.46,8.04
WBS__26.lus,Valid,1.52,8.08
WBS__27.lus,Valid,1.57,8.13
WBS__28.lus,Valid,1.50,8.47
WBS__29.lus,Valid,1.49,8.27
WBS__2.lus,Valid,0.75,2.99
WBS__30.lus,Valid,1.50,8.25
WBS__31.lus,Valid,1.56,8.44
WBS__32.lus,Valid,1.48,8.08
WBS__3.lus,Valid,0.88,3.82
WBS__4.lus,Valid,1.65,8.64
WBS__5.lus,Valid,1.51,8.30
WBS__6.lus,Valid,1.57,9.03
WBS__7.lus,Valid,1.68,9.10
WBS__8.lus,Valid,1.63,9.20
WBS__9.lus,Valid,1.57,8.88
WBS.lus,Valid,1.31,6.86
XyzToyDos__1.lus,Valid,0.52,1.51
XyzToyDos__2.lus,Valid,0.62,2.15
XyzToyDos__3.lus,Valid,0.53,1.60
XyzToyDos__4.lus,Valid,0.64,2.10
XyzToyDos__5.lus,Valid,0.66,2.29
XyzToyDos.lus,Valid,0.61,2.16
