_6counter2.smv,Invalid,0.05,0.02
_6countern.smv,Invalid,0.04,0.02
_6counters_e3_140_e8_149.smv,Valid,0.04,0.02
_6counters_e8_371_e1_448.smv,Valid,0.06,0.04
_6counters_e8_371_e2_80.smv,Valid,0.04,0.02
_6counters_e8_371_e3_224.smv,Valid,0.05,0.03
_6counters_e8_371_e7_304.smv,Invalid,0.07,0.05
_6counter.smv,Invalid,0.05,0.03
_6counters.smv,Invalid,0.13,0.11
Byzantine__1.smv,Valid,0.04,0.03
Byzantine__2.smv,Valid,0.04,0.03
ByzantineReal__1.smv,Valid,0.04,0.03
ByzantineReal__2.smv,Valid,0.05,0.03
ByzantineReal.smv,Valid,0.05,0.03
Byzantine.smv,Valid,0.05,0.04
car_1_e7_184_e3_299.smv,Valid,0.04,0.02
car_1.smv,Valid,0.04,0.02
car_2_e7_1027_e1_1047.smv,Valid,0.05,0.03
car_2_e7_1027_e7_359.smv,Valid,0.06,0.04
car_2_e8_491_e7_826.smv,Valid,0.05,0.03
car_2.smv,Valid,0.06,0.04
car_3_e1_586.smv,Invalid,0.07,0.05
car_3_e2_695.smv,Valid,0.05,0.02
car_3_e7_626_e1_305.smv,Invalid,0.07,0.04
car_3_e7_626.smv,Valid,0.05,0.03
car_3_e8_33_e1_856.smv,Invalid,0.08,0.05
car_3_e8_33_e2_1010.smv,Valid,0.04,0.02
car_3_e8_33_e7_220.smv,Valid,0.05,0.03
car_3_e8_33.smv,Valid,0.05,0.03
car_3.smv,Valid,0.05,0.03
car_4_e3_57_e4_1047.smv,Valid,0.04,0.02
car_4_e3_57_e5_999.smv,Invalid,0.05,0.02
car_4_e3_57_e6_784.smv,Valid,0.05,0.02
car_4_e3_57.smv,Invalid,0.05,0.03
car_4_e7_592_e3_442.smv,Invalid,0.05,0.02
car_4_e7_592_e7_265.smv,Valid,0.05,0.03
car_4_e7_592.smv,Valid,0.05,0.03
car_4_e8_118_e3_514.smv,Invalid,0.04,0.03
car_4_e8_118_e7_178.smv,Valid,0.05,0.03
car_4_e8_118.smv,Valid,0.05,0.03
car_4.smv,Valid,0.05,0.02
car_5_e2_405_e2_1083.smv,Invalid,0.17,0.14
car_5_e2_405_e3_473.smv,Invalid,0.18,0.16
car_5_e2_405_e8_1055.smv,Invalid,0.19,0.17
car_5_e3_11_e1_429.smv,Invalid,0.23,0.21
car_5_e3_11_e5_24.smv,Invalid,0.23,0.21
car_5_e3_661.smv,Invalid,0.24,0.21
car_5_e7_244_e1_823.smv,Valid,0.50,0.48
car_5_e7_244_e2_693.smv,Invalid,0.18,0.16
car_5_e7_244_e3_1071.smv,Invalid,0.25,0.23
car_5_e7_244.smv,Valid,0.58,0.56
car_5.smv,Valid,0.68,0.66
car_6_e1_152_e1_391.smv,Valid,0.48,0.46
car_6_e1_152.smv,Valid,0.63,0.61
car_6_e2_589_e2_506.smv,Invalid,0.20,0.18
car_6_e2_589_e3_349.smv,Invalid,0.20,0.17
car_6_e2_893.smv,Invalid,0.20,0.18
car_6_e3_294_e1_956.smv,Invalid,0.24,0.22
car_6_e3_294_e3_47.smv,Invalid,0.24,0.22
car_6_e3_294_e5_979.smv,Invalid,0.24,0.22
car_6.smv,Valid,0.71,0.69
car_all_e1_618_e3_303.smv,Invalid,0.10,0.08
car_all_e1_618.smv,Invalid,0.09,0.07
car_all_e2_142_e7_209.smv,Valid,0.07,0.05
car_all_e2_142.smv,Valid,0.07,0.05
car_all_e3_1068_e1_178.smv,Invalid,0.06,0.03
car_all_e3_1068_e2_13.smv,Invalid,0.05,0.03
car_all_e3_1068_e3_163.smv,Invalid,0.05,0.03
car_all_e3_1068_e4_275.smv,Valid,0.08,0.06
car_all_e3_1068_e5_882.smv,Invalid,0.03,0.01
car_all_e3_1068.smv,Invalid,0.05,0.03
car_all_e7_188_e7_743.smv,Valid,0.09,0.07
car_all_e8_856_e1_217.smv,Invalid,0.09,0.07
car_all_e8_856_e2_585.smv,Valid,0.07,0.05
car_all_e8_856_e3_180.smv,Invalid,0.05,0.03
car_all_e8_856_e7_578.smv,Valid,0.07,0.05
car_all_e8_856.smv,Valid,0.08,0.06
car_all.smv,Valid,0.08,0.06
ccp01.smv,Valid,37.26,37.23
ccp02.smv,Valid,37.74,37.72
ccp03.smv,Valid,35.51,35.48
ccp04.smv,Valid,19.16,19.14
ccp05.smv,Valid,0.17,0.14
ccp06.smv,Valid,0.18,0.16
ccp07.smv,Valid,0.17,0.15
ccp08.smv,Valid,7.93,7.91
ccp09.smv,Valid,0.16,0.14
ccp10.smv,Invalid,12.49,12.47
ccp11.smv,Invalid,105.85,105.80
ccp12.smv,Invalid,25.44,25.41
ccp13.smv,Invalid,110.54,110.48
ccp14.smv,Invalid,102.45,102.39
ccp15.smv,Valid,0.17,0.14
ccp16.smv,Valid,0.17,0.15
ccp17.smv,Valid,11.18,11.16
ccp18.smv,Valid,24.39,24.37
ccp19.smv,Valid,0.17,0.16
ccp20.smv,Valid,33.82,33.80
ccp21.smv,Invalid,17.01,16.97
ccp22.smv,Invalid,121.00,120.97
ccp23.smv,Invalid,74.35,74.32
ccp24.smv,Invalid,102.45,102.43
cd_e7_621_e7_669.smv,Invalid,0.22,0.21
cd_e7_8.smv,Invalid,0.20,0.18
cd.smv,Valid,0.33,0.32
channel_bounds.smv,Valid,0.17,0.15
channel.smv,Valid,0.17,0.15
channel_str.smv,Valid,0.19,0.17
channel_top.smv,Timeout,300.17,290.07
Clock__1.smv,Error,0.04,0.02
Clock__2.smv,Error,0.03,0.01
Clock__3.smv,Error,0.03,0.02
Clock.smv,Error,0.03,0.02
CollisionAvoidance__1.smv,Valid,0.11,0.09
CollisionAvoidance__2.smv,Invalid,0.13,0.10
CollisionAvoidance__3.smv,Invalid,0.12,0.09
CollisionAvoidance__4.smv,Invalid,0.12,0.10
CollisionAvoidance__5.smv,Invalid,0.11,0.09
CollisionAvoidance__6.smv,Invalid,0.11,0.09
CollisionAvoidance__7.smv,Invalid,0.11,0.09
CollisionAvoidance.smv:1:6:0:0.33,0.30
controlLaw.smv,Valid,0.04,0.02
cruise_controller_01.smv,Valid,7.89,7.86
cruise_controller_02.smv,Valid,6.75,6.73
cruise_controller_03.smv,Valid,9.05,9.02
cruise_controller_04.smv,Valid,6.51,6.48
cruise_controller_05.smv,Valid,0.13,0.10
cruise_controller_06.smv,Valid,0.15,0.13
cruise_controller_07.smv,Valid,0.12,0.10
cruise_controller_08.smv,Invalid,32.68,32.66
cruise_controller_09.smv,Invalid,4.25,4.23
cruise_controller_10.smv,Valid,4.95,4.93
cruise_controller_11.smv,Valid,0.14,0.12
cruise_controller_12.smv,Valid,2.88,2.86
cruise_controller_13.smv,Valid,0.14,0.12
cruise_controller_14.smv,Valid,1.87,1.85
cruise_controller_15.smv,Invalid,5.96,5.93
cruise_controller_16.smv,Invalid,31.40,31.38
cruise_controller_17.smv,Invalid,6.69,6.67
cruise_controller_18.smv,Valid,0.65,0.63
cruise_controller_19.smv,Valid,1.44,1.41
cruise_controller_20.smv,Invalid,5.27,5.24
cruise_controller_21.smv,Invalid,0.15,0.13
cruise_controller_22.smv,Invalid,6.80,6.78
cruise_controller_23.smv,Invalid,30.83,30.80
cruise_controller_24.smv,Valid,2.87,2.86
CruiseControllerCrv__10.smv,Error,0.04,0.02
CruiseControllerCrv__11.smv,Error,0.04,0.02
CruiseControllerCrv__12.smv,Error,0.04,0.02
CruiseControllerCrv__1.smv,Error,0.04,0.02
CruiseControllerCrv__2.smv,Error,0.04,0.02
CruiseControllerCrv__3.smv,Error,0.04,0.01
CruiseControllerCrv__4.smv,Error,0.04,0.02
CruiseControllerCrv__5.smv,Error,0.04,0.02
CruiseControllerCrv__6.smv,Error,0.04,0.02
CruiseControllerCrv__7.smv,Error,0.04,0.02
CruiseControllerCrv__8.smv,Error,0.04,0.01
CruiseControllerCrv__9.smv,Error,0.04,0.02
CruiseControllerCrv.smv,Error,0.03,0.02
DeepTaxi__1.smv,Valid,0.11,0.10
DeepTaxi__2.smv,Valid,0.12,0.10
DeepTaxi.smv,Valid,0.21,0.18
DeliveryDrone__1.smv,Valid,0.17,0.15
DeliveryDrone__2.smv,Invalid,0.11,0.10
DeliveryDrone__3.smv,Invalid,0.12,0.09
DeliveryDrone__4.smv,Invalid,0.12,0.10
DeliveryDrone__5.smv,Valid,0.95,0.93
DeliveryDrone__6.smv,Valid,0.43,0.40
DeliveryDrone__7.smv,Valid,1.76,1.74
DeliveryDrone.smv:4:3:0:3.17,3.15
DRAGON_10_e1_3587_e3_2749.smv,Valid,0.08,0.05
DRAGON_10_e1_3587_e7_872.smv,Invalid,0.07,0.05
DRAGON_10_e1_998.smv,Valid,0.08,0.07
DRAGON_10_e2_2785_e3_1744.smv,Valid,0.08,0.05
DRAGON_10_e2_402.smv,Valid,0.08,0.06
DRAGON_10_e3_144_e5_2046.smv,Valid,0.08,0.05
DRAGON_10_e3_144_e7_523.smv,Invalid,0.08,0.05
DRAGON_10_e3_3429.smv,Valid,0.08,0.06
DRAGON_10_e7_3861_e2_1020.smv,Invalid,0.07,0.05
DRAGON_10_e7_3861_e7_2180.smv,Invalid,0.07,0.05
DRAGON_10.smv,Valid,0.08,0.06
DRAGON_11_e1_2450_e1_5887.smv,Timeout,300.16,290.11
DRAGON_11_e1_2450_e2_1483.smv,Valid,161.84,161.76
DRAGON_11_e1_2450_e3_2330.smv,Valid,11.90,11.88
DRAGON_11_e1_2450_e7_5791.smv,Invalid,0.07,0.05
DRAGON_11_e1_2450.smv,Valid,6.48,6.45
DRAGON_11_e2_1678_e1_3565.smv,Valid,157.46,157.38
DRAGON_11_e2_5396_e3_282.smv,Valid,7.01,6.99
DRAGON_11_e3_382_e1_505.smv,Valid,3.13,3.10
DRAGON_11_e3_382_e4_4421.smv,Valid,3.08,3.06
DRAGON_11.smv,Valid,160.26,160.18
DRAGON_12_e1_4640_e7_128.smv,Invalid,0.08,0.06
DRAGON_12_e2_1618_e1_6030.smv,Valid,9.50,9.48
DRAGON_12_e2_1618_e2_138.smv,Valid,1.66,1.64
DRAGON_12_e2_1618_e3_2012.smv,Valid,2.14,2.12
DRAGON_12_e2_1618_e7_4732.smv,Invalid,0.07,0.05
DRAGON_12_e2_1618.smv,Valid,1.44,1.41
DRAGON_12.smv,Valid,9.50,9.48
DRAGON_13_e3_1418_e3_2761.smv,Valid,1.20,1.18
DRAGON_13_e7_2336_e1_541.smv,Invalid,0.07,0.05
DRAGON_13_e7_2336_e2_1255.smv,Invalid,0.07,0.05
DRAGON_13_e7_2336_e3_3117.smv,Invalid,0.07,0.05
DRAGON_13_e7_2336_e7_685.smv,Invalid,0.07,0.05
DRAGON_13_e7_2336.smv,Invalid,0.09,0.07
DRAGON_13.smv,Valid,1.06,1.04
DRAGON_14_e1_5710.smv,Timeout,300.15,290.07
DRAGON_14_e2_3606.smv,Timeout,300.15,290.00
DRAGON_14_e3_1259_e1_5798.smv,Timeout,300.14,290.03
DRAGON_14_e3_5120.smv,Timeout,300.16,290.09
DRAGON_14_e7_3162_e1_3998.smv,Invalid,2.67,2.65
DRAGON_14_e7_3162_e2_753.smv,Invalid,0.83,0.81
DRAGON_14_e7_3162_e3_4298.smv,Invalid,1.01,0.98
DRAGON_14_e7_3162_e7_3528.smv,Invalid,0.91,0.89
DRAGON_14_e7_3162.smv,Invalid,1.15,1.13
DRAGON_14.smv,Timeout,300.16,290.05
DRAGON_1_e1_14612_e1_268_e7_501.smv,Valid,0.08,0.06
DRAGON_1_e1_14612_e2_2653_e7_4370.smv,Valid,0.07,0.05
DRAGON_1_e1_3184_e7_1888.smv,Valid,0.08,0.05
DRAGON_1_e1_5070.smv,Valid,0.10,0.08
DRAGON_1_e2_1997_e7_3613_e2_3409.smv,Valid,0.07,0.05
DRAGON_1_e2_1997.smv,Valid,0.08,0.06
DRAGON_1_e3_11891_e7_4569_e4_4881.smv,Valid,0.08,0.05
DRAGON_1.smv,Valid,0.09,0.07
DRAGON_2_e1_2316.smv,Valid,0.12,0.10
DRAGON_2_e2_3183_e1_2644.smv,Valid,0.12,0.10
DRAGON_2_e2_3183_e2_3580.smv,Valid,0.14,0.11
DRAGON_2_e2_3183_e3_5972.smv,Valid,0.13,0.10
DRAGON_2_e2_4481.smv,Valid,0.12,0.10
DRAGON_2_e7_25_e1_154.smv,Invalid,0.08,0.06
DRAGON_2_e7_25_e2_5340.smv,Invalid,0.08,0.06
DRAGON_2_e7_25_e3_829.smv,Invalid,0.08,0.06
DRAGON_2_e7_25_e7_4469.smv,Invalid,0.08,0.06
DRAGON_2_e7_25_e8_3171.smv,Valid,0.09,0.07
DRAGON_2_e7_25.smv,Invalid,0.08,0.06
DRAGON_2.smv,Valid,0.12,0.10
DRAGON_3_e1_4783_e1_3755.smv,Valid,0.17,0.16
DRAGON_3_e1_4783_e2_158.smv,Valid,0.18,0.15
DRAGON_3_e1_4783_e3_511.smv,Valid,0.17,0.15
DRAGON_3_e1_4783_e7_4070.smv,Invalid,0.08,0.05
DRAGON_3_e1_4783.smv,Valid,0.17,0.16
DRAGON_3_e2_5343_e1_988.smv,Valid,0.18,0.16
DRAGON_3_e3_3846.smv,Valid,0.19,0.17
DRAGON_3_e3_5422_e1_2288.smv,Valid,0.18,0.16
DRAGON_3_e3_5422_e2_3135.smv,Valid,0.19,0.17
DRAGON_3_e7_4884.smv,Invalid,0.08,0.06
DRAGON_3.smv,Valid,0.17,0.15
DRAGON_4_e1_4312.smv,Valid,0.89,0.87
DRAGON_4_e2_2799_e1_1303.smv,Valid,0.92,0.89
DRAGON_4_e2_2799_e2_2251.smv,Valid,1.13,1.11
DRAGON_4_e2_2799_e3_1915.smv,Valid,0.97,0.95
DRAGON_4_e2_2799_e7_2499.smv,Invalid,0.19,0.16
DRAGON_4_e2_2799.smv,Valid,0.77,0.75
DRAGON_4_e3_1540_e1_5048.smv,Valid,1.15,1.13
DRAGON_4_e3_4133.smv,Valid,1.13,1.11
DRAGON_4_e7_2329_e3_4574.smv,Invalid,0.19,0.17
DRAGON_4_e7_2329_e7_3856.smv,Invalid,0.18,0.16
DRAGON_4_e7_2329.smv,Invalid,0.19,0.17
DRAGON_4.smv,Valid,0.92,0.90
DRAGON_5_e1_1835.smv,Valid,0.93,0.91
DRAGON_5_e2_3018_e2_936.smv,Valid,0.70,0.68
DRAGON_5_e7_2017_e1_5832.smv,Invalid,0.15,0.13
DRAGON_5_e7_2017_e2_664.smv,Invalid,0.18,0.16
DRAGON_5_e7_2017_e3_1763.smv,Invalid,0.24,0.22
DRAGON_5_e7_2017_e7_2326.smv,Invalid,0.21,0.19
DRAGON_5_e7_2017.smv,Invalid,0.16,0.13
DRAGON_5.smv,Valid,0.62,0.60
DRAGON_6_e7_5046_e7_3623.smv,Valid,0.08,0.06
DRAGON_6.smv,Valid,0.08,0.06
DRAGON_7_e2_2872_e2_5844.smv,Valid,0.09,0.07
DRAGON_7_e2_2872_e3_2640.smv,Valid,0.11,0.08
DRAGON_7_e7_3157_e2_2082.smv,Valid,0.10,0.07
DRAGON_7.smv,Valid,0.10,0.07
DRAGON_8_e2_3896_e3_3125.smv,Valid,1.35,1.33
DRAGON_8_e3_786_e7_4541.smv,Valid,0.93,0.91
DRAGON_8_e3_786.smv,Valid,1.65,1.63
DRAGON_8_e7_3752.smv,Valid,0.79,0.76
DRAGON_8.smv,Valid,1.44,1.42
DRAGON_9_e7_1843_e1_5434.smv,Valid,0.08,0.05
DRAGON_9_e7_1843_e2_1145.smv,Valid,0.08,0.05
DRAGON_9_e7_1843_e3_5316.smv,Valid,0.10,0.08
DRAGON_9_e7_1843_e7_2225.smv,Valid,0.07,0.06
DRAGON_9_e7_1843.smv,Valid,0.08,0.06
DRAGON_9.smv,Valid,0.07,0.05
DRAGON_all2_e2_2073_e8_3691.smv,Invalid,0.09,0.07
DRAGON_all2_e3_4612_e1_6463.smv,Valid,2.37,2.34
DRAGON_all2_e3_4612_e2_5774.smv,Valid,2.34,2.31
DRAGON_all2_e3_4612_e3_1543.smv,Valid,1.91,1.89
DRAGON_all2_e3_4612_e4_3719.smv,Valid,2.37,2.35
DRAGON_all2_e3_4612_e5_3642.smv,Valid,2.34,2.31
DRAGON_all2_e3_4612_e8_5861.smv,Invalid,0.09,0.07
DRAGON_all2_e7_5406_e1_6690.smv,Invalid,0.09,0.07
DRAGON_all2_e7_5406_e2_3084.smv,Invalid,0.09,0.06
DRAGON_all2_e7_5406_e3_506.smv,Invalid,0.09,0.07
DRAGON_all2_e7_5406_e7_6697.smv,Invalid,0.07,0.06
DRAGON_all2_e7_5406.smv,Invalid,0.09,0.07
DRAGON_all2_e8_4626.smv,Invalid,0.08,0.06
DRAGON_all2_e8_5504_e1_4719.smv,Invalid,0.09,0.06
DRAGON_all2_e8_5504_e7_579.smv,Invalid,0.09,0.07
DRAGON_all2.smv,Valid,1.61,1.59
DRAGON_all_e1_4022_e1_1759.smv,Valid,0.24,0.22
DRAGON_all_e1_4022_e2_267.smv,Valid,0.20,0.18
DRAGON_all_e1_4022_e3_3628.smv,Valid,0.24,0.22
DRAGON_all_e1_4022_e7_2886.smv,Invalid,0.08,0.05
DRAGON_all_e1_4037.smv,Valid,0.24,0.22
DRAGON_all_e2_6104_e1_6205.smv,Valid,0.20,0.18
DRAGON_all_e2_6104_e2_3308.smv,Valid,0.20,0.18
DRAGON_all_e2_6104_e3_2607.smv,Valid,0.22,0.20
DRAGON_all_e2_6104.smv,Valid,0.21,0.18
DRAGON_all_e3_4821_e1_1318.smv,Valid,0.24,0.23
DRAGON_all_e3_4821_e2_1089.smv,Valid,0.22,0.20
DRAGON_all_e3_4821_e4_1791.smv,Valid,0.24,0.22
DRAGON_all_e3_4821_e5_1536.smv,Valid,0.21,0.19
DRAGON_all_e3_5957.smv,Valid,0.22,0.20
DRAGON_all_e7_1941_e2_6086.smv,Invalid,0.10,0.07
DRAGON_all_e7_4065.smv,Invalid,0.10,0.07
DRAGON_all.smv,Valid,0.20,0.18
durationThm_1_e1_350.smv,Invalid,0.04,0.02
durationThm_1_e2_3.smv,Valid,0.04,0.02
durationThm_1_e3_389_e4_294.smv,Valid,0.04,0.02
durationThm_1_e3_389_e5_5.smv,Valid,0.04,0.02
durationThm_1_e3_389.smv,Valid,0.04,0.02
durationThm_1_e7_217_e1_89.smv,Invalid,0.04,0.02
durationThm_1_e7_217_e2_352.smv,Valid,0.05,0.03
durationThm_1_e7_217_e3_132.smv,Valid,0.05,0.03
durationThm_1_e7_217_e7_31.smv,Invalid,0.04,0.02
durationThm_1_e7_217.smv,Invalid,0.05,0.02
durationThm_1.smv,Valid,0.12,0.10
durationThm_2_e1_301.smv,Valid,0.40,0.39
durationThm_2_e2_63.smv,Valid,0.04,0.02
durationThm_2_e3_329_e4_1.smv,Valid,0.04,0.02
durationThm_2_e3_329_e5_124.smv,Valid,0.04,0.02
durationThm_2_e3_99.smv,Valid,0.04,0.02
durationThm_2_e7_145_e1_343.smv,Invalid,0.05,0.02
durationThm_2_e7_145_e2_169.smv,Valid,0.04,0.02
durationThm_2_e7_145_e3_222.smv,Valid,0.06,0.04
durationThm_2_e7_145_e7_154.smv,Invalid,0.04,0.02
durationThm_2_e7_145_e8_73.smv,Valid,0.10,0.08
durationThm_2_e7_149.smv,Invalid,0.04,0.02
durationThm_2.smv,Valid,0.10,0.07
durationThm_3_e1_36.smv,Invalid,0.05,0.03
durationThm_3_e2_63.smv,Valid,0.04,0.02
durationThm_3_e3_207.smv,Valid,0.04,0.02
durationThm_3_e3_442_e4_165.smv,Valid,0.04,0.02
durationThm_3_e3_442_e5_260.smv,Valid,0.04,0.02
durationThm_3_e7_334_e1_431.smv,Invalid,0.05,0.03
durationThm_3_e7_334_e2_62.smv,Valid,0.04,0.02
durationThm_3_e7_334_e3_42.smv,Valid,0.04,0.02
durationThm_3_e7_334_e7_118.smv,Invalid,0.04,0.02
durationThm_3_e7_334.smv,Invalid,0.05,0.04
durationThm_3.smv,Valid,0.11,0.09
ex3.smv,Valid,0.06,0.04
ex8_e7_74_e7_740.smv,Invalid,0.04,0.02
ex8_e7_74_e8_302.smv,Invalid,0.05,0.02
ex8_e7_74.smv,Invalid,0.05,0.03
ex8_e8_220_e7_249.smv,Invalid,0.05,0.03
ex8_e8_220.smv,Invalid,0.05,0.02
ex8.smv,Invalid,0.05,0.03
fast_1_e7_2044_e7_1287.smv,Invalid,0.05,0.03
fast_1_e7_2044.smv,Invalid,0.05,0.03
fast_1_e8_747_e7_692.smv,Invalid,0.05,0.03
fast_1_e8_747_e8_1041.smv,Valid,0.05,0.03
fast_1_e8_751.smv,Valid,0.05,0.03
fast_1.smv,Valid,0.05,0.03
fast_2_e7_2526_e7_2736.smv,Invalid,0.05,0.03
fast_2_e7_2526.smv,Invalid,0.05,0.03
fast_2_e8_460_e7_43.smv,Invalid,0.05,0.03
fast_2_e8_460_e8_1920.smv,Valid,0.06,0.04
fast_2_e8_976.smv,Valid,0.06,0.04
fast_2.smv,Valid,0.06,0.04
FCS__1.smv,Valid,0.15,0.13
FCS__2.smv,Valid,2.51,2.49
FCS__3.smv,Invalid,13.96,13.93
FCS.smv:2:1:0:16.58,16.55
FIREFLY_10_e7_919_e2_3192.smv,Valid,0.07,0.06
FIREFLY_10.smv,Valid,0.08,0.06
FIREFLY_11_e1_3457.smv,Valid,0.45,0.43
FIREFLY_11_e3_2076_e1_1270.smv,Valid,0.49,0.47
FIREFLY_11.smv,Valid,0.40,0.38
FIREFLY_1_e1_1092_e1_1486.smv,Invalid,0.22,0.20
FIREFLY_1_e1_1092_e2_1853.smv,Valid,0.08,0.06
FIREFLY_1_e1_1092_e3_389.smv,Invalid,0.22,0.19
FIREFLY_1_e1_1092_e7_1119.smv,Invalid,0.07,0.05
FIREFLY_1_e1_1092.smv,Invalid,0.20,0.18
FIREFLY_1.smv,Valid,0.08,0.06
FIREFLY_2_e3_151_e3_1540.smv,Invalid,0.18,0.16
FIREFLY_2.smv,Valid,0.14,0.12
FIREFLY_3_e2_2236_e1_2305.smv,Valid,0.12,0.09
FIREFLY_3_e2_2236_e2_1058.smv,Valid,0.12,0.10
FIREFLY_3_e2_2236_e3_2657.smv,Invalid,0.19,0.16
FIREFLY_3_e2_2236_e7_3681.smv,Valid,0.08,0.06
FIREFLY_3_e2_2236.smv,Valid,0.11,0.09
FIREFLY_3.smv,Valid,0.12,0.09
FIREFLY_4_e3_3511_e1_2375.smv,Invalid,0.50,0.48
FIREFLY_4_e3_3511_e2_1923.smv,Valid,0.47,0.45
FIREFLY_4_e3_3511_e3_422.smv,Valid,1.30,1.29
FIREFLY_4_e3_3511_e4_1464.smv,Invalid,0.50,0.48
FIREFLY_4_e3_3511_e5_3248.smv,Valid,0.47,0.45
FIREFLY_4_e3_3511_e7_3568.smv,Invalid,0.07,0.05
FIREFLY_4_e3_3511.smv,Valid,0.75,0.72
FIREFLY_4.smv,Valid,0.10,0.08
FIREFLY_5_e1_2552_e7_1169.smv,Valid,0.04,0.02
FIREFLY_5_e2_2229.smv,Valid,0.04,0.02
FIREFLY_5_e2_2884_e1_2678.smv,Valid,0.06,0.04
FIREFLY_5_e2_2884_e2_1492.smv,Valid,0.06,0.04
FIREFLY_5_e2_2884_e3_1882.smv,Valid,0.06,0.04
FIREFLY_5_e2_2884_e7_3594.smv,Valid,0.06,0.04
FIREFLY_5.smv,Valid,0.06,0.04
FIREFLY_6_e2_3302.smv,Valid,0.53,0.51
FIREFLY_6.smv,Valid,0.53,0.51
FIREFLY_7.smv,Valid,0.96,0.93
FIREFLY_8_e2_1711_e1_1489.smv,Valid,0.06,0.04
FIREFLY_8_e2_1711_e2_2673.smv,Valid,0.06,0.04
FIREFLY_8_e2_1711_e3_1753.smv,Valid,0.06,0.04
FIREFLY_8_e2_1711_e7_1962.smv,Invalid,0.06,0.04
FIREFLY_8_e2_1711.smv,Valid,0.07,0.05
FIREFLY_8.smv,Valid,0.07,0.04
FIREFLY_9_e7_170_e3_3647.smv,Valid,0.07,0.05
FIREFLY_9.smv,Valid,0.07,0.05
FIREFLY_a3_e1_3233_e1_3123.smv,Invalid,0.25,0.23
FIREFLY_a3_e1_3233_e2_2392.smv,Valid,0.18,0.15
FIREFLY_a3_e1_3233_e3_2970.smv,Valid,0.17,0.15
FIREFLY_a3_e1_3233_e7_906.smv,Invalid,0.07,0.05
FIREFLY_a3_e1_3233.smv,Invalid,0.24,0.22
FIREFLY_a3_e2_2086_e1_3235.smv,Valid,0.17,0.15
FIREFLY_a3_e2_2086_e2_2689.smv,Valid,0.16,0.14
FIREFLY_a3_e2_2086_e3_2542.smv,Valid,0.17,0.15
FIREFLY_a3_e2_2086_e7_2614.smv,Invalid,0.07,0.04
FIREFLY_a3_e2_2952.smv,Valid,0.17,0.15
FIREFLY_a3_e3_314_e1_1979.smv,Invalid,0.54,0.52
FIREFLY_a3_e3_314_e2_2812.smv,Valid,0.17,0.15
FIREFLY_a3_e3_314_e4_897.smv,Invalid,0.54,0.51
FIREFLY_a3.smv,Valid,0.17,0.15
FIREFLY_all_e1_1207_e1_1201.smv,Invalid,0.27,0.25
FIREFLY_all_e1_1207_e2_3220.smv,Valid,0.11,0.09
FIREFLY_all_e1_1207_e3_1928.smv,Invalid,0.27,0.25
FIREFLY_all_e1_1207_e7_156.smv,Invalid,0.07,0.05
FIREFLY_all_e1_3406.smv,Invalid,0.26,0.24
FIREFLY_all_e2_2924_e1_768.smv,Valid,0.15,0.13
FIREFLY_all_e2_2924_e2_1767.smv,Invalid,0.19,0.17
FIREFLY_all_e2_2924_e3_3946.smv,Invalid,0.23,0.21
FIREFLY_all_e2_2924_e7_3371.smv,Invalid,0.07,0.05
FIREFLY_all_e2_3678.smv,Invalid,0.28,0.26
FIREFLY_all_e3_1600_e1_667.smv,Invalid,0.21,0.19
FIREFLY_all_e3_1600_e2_676.smv,Invalid,0.25,0.22
FIREFLY_all_e3_1600_e3_2055.smv,Invalid,0.28,0.26
FIREFLY_all_e3_1600_e4_2415.smv,Invalid,0.21,0.18
FIREFLY_all_e3_1600_e5_84.smv,Invalid,0.25,0.23
FIREFLY_all_e3_1600_e7_1607.smv,Invalid,0.07,0.04
FIREFLY_all_e3_3496.smv,Invalid,0.19,0.17
FIREFLY_all_e7_1909.smv,Invalid,0.07,0.04
FIREFLY_all.smv,Valid,0.15,0.13
FIREFLY_luke_1a_e2_284_e1_2924.smv,Valid,0.39,0.37
FIREFLY_luke_1a_e2_284_e2_2755.smv,Valid,0.40,0.38
FIREFLY_luke_1a_e2_284_e3_3091.smv,Valid,0.42,0.40
FIREFLY_luke_1a_e2_284_e7_998.smv,Invalid,0.38,0.35
FIREFLY_luke_1a_e7_3042_e3_1213.smv,Valid,0.41,0.39
FIREFLY_luke_1a.smv,Valid,0.38,0.36
FIREFLY_luke_1b_e1_1139_e1_1565.smv,Invalid,0.19,0.16
FIREFLY_luke_1b_e1_1139_e2_2893.smv,Valid,0.08,0.06
FIREFLY_luke_1b_e1_1139_e3_1839.smv,Invalid,0.18,0.16
FIREFLY_luke_1b_e1_1691.smv,Invalid,0.15,0.12
FIREFLY_luke_1b_e2_3049_e1_946.smv,Valid,0.09,0.07
FIREFLY_luke_1b_e2_3049_e2_698.smv,Invalid,0.18,0.16
FIREFLY_luke_1b_e2_3049_e3_2697.smv,Invalid,0.13,0.12
FIREFLY_luke_1b_e2_3049.smv,Invalid,0.19,0.17
FIREFLY_luke_1b_e3_671_e1_725.smv,Invalid,0.17,0.14
FIREFLY_luke_1b_e3_671_e2_2131.smv,Invalid,0.19,0.18
FIREFLY_luke_1b_e3_671_e3_941.smv,Invalid,0.15,0.13
FIREFLY_luke_1b_e3_671_e4_147.smv,Invalid,0.18,0.15
FIREFLY_luke_1b_e3_671_e5_1637.smv,Invalid,0.21,0.19
FIREFLY_luke_1b_e3_671_e6_1974.smv,Valid,0.09,0.07
FIREFLY_luke_1b_e3_671_e7_1882.smv,Invalid,0.06,0.04
FIREFLY_luke_1b_e3_671.smv,Invalid,0.17,0.15
FIREFLY_luke_1b_e7_2574.smv,Invalid,0.06,0.04
FIREFLY_luke_1b_e7_3191_e1_1303.smv,Invalid,0.07,0.05
FIREFLY_luke_1b_e7_3191_e2_1864.smv,Invalid,0.07,0.04
FIREFLY_luke_1b_e7_3191_e7_2146.smv,Invalid,0.07,0.05
FIREFLY_luke_1b.smv,Valid,0.08,0.06
FIREFLY_luke_2_e2_1375_e1_418.smv,Valid,0.45,0.43
FIREFLY_luke_2_e7_1826_e8_126.smv,Valid,0.46,0.44
FIREFLY_luke_2.smv,Valid,0.45,0.42
FIREFLY_luke_3_e1_2217_e3_1200.smv,Valid,0.75,0.73
FIREFLY_luke_3.smv,Valid,0.90,0.87
FIREFLY_luke_4_e2_325.smv,Valid,0.42,0.39
FIREFLY_luke_4.smv,Valid,0.39,0.37
FIREFLY_luke_5.smv,Valid,1.17,1.15
FIREFLY_luke_rt_e1_913_e1_1993.smv,Invalid,0.15,0.12
FIREFLY_luke_rt_e1_913_e2_3353.smv,Valid,0.14,0.12
FIREFLY_luke_rt_e1_913_e3_2128.smv,Invalid,0.19,0.17
FIREFLY_luke_rt_e1_913_e7_1403.smv,Invalid,0.06,0.04
FIREFLY_luke_rt_e1_913.smv,Invalid,0.17,0.15
FIREFLY_luke_rt_e2_3460_e1_1455.smv,Valid,0.14,0.12
FIREFLY_luke_rt_e2_3460_e2_2670.smv,Invalid,0.17,0.15
FIREFLY_luke_rt_e2_3460_e3_1333.smv,Invalid,0.18,0.15
FIREFLY_luke_rt_e2_3460_e7_471.smv,Invalid,0.07,0.05
FIREFLY_luke_rt_e2_3460.smv,Invalid,0.18,0.15
FIREFLY_luke_rt_e3_1549.smv,Invalid,0.17,0.14
FIREFLY_luke_rt.smv,Valid,0.13,0.12
FIREFLY_rt_e3_1770_e2_637.smv,Valid,0.91,0.89
FIREFLY_rt.smv,Valid,0.70,0.67
FIREFLY_u1_e2_3403_e2_957.smv,Valid,0.72,0.69
FIREFLY_u1_e7_3318.smv,Invalid,0.19,0.17
FIREFLY_u1.smv,Valid,0.75,0.73
functionalChain_bounds_large.smv,Valid,113.85,113.83
functionalChain_bounds_medium.smv,Valid,101.02,100.94
functionalChain_bounds_small.smv,Valid,201.45,201.38
functionalChain_str_large.smv,Valid,128.13,128.06
functionalChain_str_medium.smv,Valid,209.31,209.25
functionalChain_str_small.smv,Valid,138.48,138.44
Gas.smv,Timeout,300.14,290.15
HacmsTiming__1.smv,Valid,0.18,0.16
HacmsTiming__2.smv,Invalid,0.75,0.72
HacmsTiming.smv:1:1:0:0.86,0.84
hysteresis_1.smv,Valid,0.04,0.02
hysteresis_2.smv,Valid,0.37,0.35
hysteresis_3.smv,Valid,0.38,0.37
hysteresis_all.smv,Valid,0.39,0.37
ILLINOIS_1.smv,Valid,0.06,0.04
ILLINOIS_2_e1_834_e1_1895.smv,Invalid,0.06,0.05
ILLINOIS_2_e1_834_e2_3395.smv,Valid,0.08,0.06
ILLINOIS_2_e1_834_e3_2931.smv,Invalid,0.06,0.04
ILLINOIS_2_e1_834_e7_3738.smv,Invalid,0.06,0.04
ILLINOIS_2_e1_834.smv,Invalid,0.06,0.04
ILLINOIS_2_e2_2367_e1_3182.smv,Valid,0.08,0.06
ILLINOIS_2_e2_2367_e2_1561.smv,Invalid,0.06,0.04
ILLINOIS_2_e2_2367_e3_1601.smv,Invalid,0.06,0.04
ILLINOIS_2_e2_2367_e7_2728.smv,Invalid,0.06,0.04
ILLINOIS_2_e2_876.smv,Invalid,0.06,0.04
ILLINOIS_2.smv,Valid,0.06,0.04
ILLINOIS_3_e3_2581_e1_1130.smv,Invalid,0.05,0.04
ILLINOIS_3_e3_2581_e2_2545.smv,Invalid,0.07,0.04
ILLINOIS_3_e3_2581_e3_979.smv,Invalid,0.07,0.05
ILLINOIS_3_e3_2581_e4_958.smv,Invalid,0.06,0.04
ILLINOIS_3_e3_2581_e5_4006.smv,Invalid,0.05,0.03
ILLINOIS_3_e3_2581_e7_3447.smv,Invalid,0.06,0.04
ILLINOIS_3_e3_2581.smv,Invalid,0.07,0.05
ILLINOIS_3.smv,Valid,0.09,0.07
ILLINOIS_4_e7_2651_e7_2847.smv,Valid,0.07,0.04
ILLINOIS_4.smv,Valid,0.06,0.04
ILLINOIS_5_e7_692_e7_2865.smv,Valid,0.06,0.04
ILLINOIS_5.smv,Valid,0.06,0.04
ILLINOIS_a1.smv,Valid,0.40,0.38
ILLINOIS_all.smv,Valid,0.14,0.13
ILLINOIS_r4a.smv,Valid,1.00,0.99
int32__6countern.smv,Invalid,0.04,0.02
int32__6counters_e3_140_e8_149.smv,Timeout,300.13,290.09
int32__6counters_e8_371_e1_448.smv,Timeout,300.15,290.08
int32__6counters_e8_371_e2_80.smv,Valid,0.02,0.00
int32__6counters_e8_371_e3_224.smv,Timeout,300.14,290.12
int32__6counters_e8_371_e7_304.smv,Invalid,0.09,0.08
int32__6counters.smv,Invalid,0.18,0.15
int32_car_1_e7_184_e3_299.smv,Valid,1.49,1.46
int32_car_1.smv,Valid,0.13,0.11
int32_car_2_e7_1027_e1_1047.smv,Valid,0.13,0.10
int32_car_2_e7_1027_e7_359.smv,Valid,0.13,0.11
int32_car_2_e8_491_e7_826.smv,Valid,0.13,0.10
int32_car_2.smv,Valid,0.12,0.10
int32_car_3_e1_586.smv,Invalid,0.17,0.16
int32_car_3_e2_695.smv,Valid,0.03,0.01
int32_car_3_e7_626_e1_305.smv,Invalid,0.19,0.16
int32_car_3_e7_626.smv,Valid,0.12,0.10
int32_car_3_e8_33_e1_856.smv,Invalid,0.19,0.17
int32_car_3_e8_33_e2_1010.smv,Valid,0.06,0.04
int32_car_3_e8_33_e7_220.smv,Valid,0.12,0.10
int32_car_3_e8_33.smv,Valid,0.11,0.09
int32_car_3.smv,Valid,0.11,0.08
int32_car_4_e3_57_e4_1047.smv,Valid,0.06,0.04
int32_car_4_e3_57_e5_999.smv,Invalid,0.06,0.04
int32_car_4_e3_57_e6_784.smv,Valid,0.11,0.08
int32_car_4_e3_57.smv,Invalid,0.07,0.05
int32_car_4_e7_592_e3_442.smv,Invalid,0.06,0.04
int32_car_4_e7_592_e7_265.smv,Valid,0.11,0.09
int32_car_4_e7_592.smv,Valid,0.11,0.09
int32_car_4_e8_118_e3_514.smv,Invalid,0.06,0.04
int32_car_4_e8_118_e7_178.smv,Valid,0.13,0.11
int32_car_4_e8_118.smv,Valid,0.11,0.09
int32_car_4.smv,Valid,0.11,0.09
int32_car_5_e2_405_e2_1083.smv,Invalid,0.39,0.37
int32_car_5_e2_405_e3_473.smv,Invalid,0.44,0.41
int32_car_5_e2_405_e8_1055.smv,Invalid,0.50,0.48
int32_car_5_e3_11_e1_429.smv,Invalid,1.62,1.60
int32_car_5_e3_11_e5_24.smv,Invalid,1.11,1.09
int32_car_5_e3_661.smv,Invalid,1.96,1.93
int32_car_5_e7_244_e1_823.smv,Valid,0.76,0.73
int32_car_5_e7_244_e2_693.smv,Invalid,0.43,0.41
int32_car_5_e7_244_e3_1071.smv,Invalid,1.87,1.85
int32_car_5_e7_244.smv,Valid,1.63,1.61
int32_car_5.smv,Valid,1.53,1.51
int32_car_6_e1_152_e1_391.smv,Valid,0.73,0.71
int32_car_6_e1_152.smv,Valid,0.94,0.92
int32_car_6_e2_589_e2_506.smv,Invalid,0.47,0.45
int32_car_6_e2_589_e3_349.smv,Invalid,0.52,0.50
int32_car_6_e2_893.smv,Invalid,0.52,0.50
int32_car_6_e3_294_e1_956.smv,Invalid,1.58,1.56
int32_car_6_e3_294_e3_47.smv,Invalid,2.55,2.53
int32_car_6_e3_294_e5_979.smv,Invalid,1.01,0.99
int32_car_6.smv,Valid,1.69,1.67
int32_car_all_e1_618_e3_303.smv,Invalid,0.24,0.22
int32_car_all_e1_618.smv,Invalid,0.18,0.16
int32_car_all_e2_142_e7_209.smv,Valid,0.14,0.12
int32_car_all_e2_142.smv,Valid,0.13,0.11
int32_car_all_e3_1068_e1_178.smv,Invalid,0.07,0.04
int32_car_all_e3_1068_e2_13.smv,Invalid,0.06,0.04
int32_car_all_e3_1068_e3_163.smv,Invalid,0.07,0.04
int32_car_all_e3_1068_e4_275.smv,Valid,0.14,0.12
int32_car_all_e3_1068_e5_882.smv,Invalid,0.07,0.05
int32_car_all_e3_1068.smv,Invalid,0.07,0.05
int32_car_all_e7_188_e7_743.smv,Valid,0.21,0.19
int32_car_all_e8_856_e1_217.smv,Invalid,0.19,0.17
int32_car_all_e8_856_e2_585.smv,Valid,0.13,0.10
int32_car_all_e8_856_e3_180.smv,Invalid,0.07,0.05
int32_car_all_e8_856_e7_578.smv,Valid,0.18,0.16
int32_car_all_e8_856.smv,Valid,0.16,0.15
int32_car_all.smv,Valid,0.17,0.16
int32_ccp01.smv,Valid,291.44,291.37
int32_ccp02.smv,Valid,261.75,261.73
int32_ccp03.smv,Valid,283.20,283.16
int32_ccp04.smv,Valid,239.12,239.07
int32_ccp05.smv,Valid,3.75,3.72
int32_ccp06.smv,Valid,3.83,3.80
int32_ccp07.smv,Valid,3.76,3.74
int32_ccp08.smv,Valid,195.06,195.00
int32_ccp09.smv,Valid,3.75,3.72
int32_ccp10.smv,Invalid,202.40,202.38
int32_ccp11.smv,Timeout,300.14,290.17
int32_ccp12.smv,Invalid,262.07,262.04
int32_ccp13.smv,Timeout,300.15,290.14
int32_ccp14.smv,Timeout,300.16,290.17
int32_ccp15.smv,Valid,3.83,3.81
int32_ccp16.smv,Valid,3.71,3.69
int32_ccp17.smv,Valid,190.26,190.23
int32_ccp18.smv,Valid,78.40,78.38
int32_ccp19.smv,Valid,3.80,3.78
int32_ccp20.smv,Timeout,300.14,290.15
int32_ccp21.smv,Invalid,252.55,252.48
int32_ccp22.smv,Timeout,300.14,290.19
int32_ccp23.smv,Timeout,300.15,290.16
int32_ccp24.smv,Timeout,300.14,290.13
int32_cd_e7_621_e7_669.smv,Invalid,0.76,0.74
int32_cd_e7_8.smv,Invalid,0.31,0.30
int32_cd.smv,Valid,3.44,3.42
int32_cruise_controller_01.smv,Valid,78.23,78.18
int32_cruise_controller_02.smv,Valid,74.67,74.64
int32_cruise_controller_03.smv,Valid,65.59,65.55
int32_cruise_controller_04.smv,Valid,74.40,74.37
int32_cruise_controller_05.smv,Valid,0.35,0.33
int32_cruise_controller_06.smv,Valid,0.34,0.32
int32_cruise_controller_07.smv,Valid,0.34,0.32
int32_cruise_controller_08.smv,Timeout,300.16,290.16
int32_cruise_controller_09.smv,Invalid,66.23,66.21
int32_cruise_controller_10.smv,Valid,60.61,60.59
int32_cruise_controller_11.smv,Valid,0.46,0.44
int32_cruise_controller_12.smv,Valid,25.37,25.35
int32_cruise_controller_13.smv,Valid,0.38,0.36
int32_cruise_controller_14.smv,Valid,32.39,32.37
int32_cruise_controller_15.smv,Invalid,51.60,51.57
int32_cruise_controller_16.smv,Timeout,300.15,290.14
int32_cruise_controller_17.smv,Invalid,53.05,53.03
int32_cruise_controller_18.smv,Valid,4.43,4.40
int32_cruise_controller_19.smv,Valid,14.98,14.95
int32_cruise_controller_20.smv,Invalid,70.39,70.37
int32_cruise_controller_21.smv,Invalid,0.38,0.36
int32_cruise_controller_22.smv,Invalid,35.53,35.51
int32_cruise_controller_23.smv,Timeout,300.17,290.13
int32_cruise_controller_24.smv,Valid,25.72,25.69
int32_DRAGON_10_e1_3587_e3_2749.smv,Timeout,300.14,290.10
int32_DRAGON_10_e1_3587_e7_872.smv,Invalid,0.22,0.20
int32_DRAGON_10_e1_998.smv,Timeout,300.13,290.12
int32_DRAGON_10_e2_2785_e3_1744.smv,Timeout,300.15,290.07
int32_DRAGON_10_e2_402.smv,Timeout,300.13,290.12
int32_DRAGON_10_e3_144_e5_2046.smv,Timeout,300.13,290.11
int32_DRAGON_10_e3_144_e7_523.smv,Invalid,0.23,0.20
int32_DRAGON_10_e3_3429.smv,Timeout,300.14,290.10
int32_DRAGON_10_e7_3861_e2_1020.smv,Invalid,0.23,0.21
int32_DRAGON_10_e7_3861_e7_2180.smv,Invalid,0.22,0.20
int32_DRAGON_10.smv,Timeout,300.15,290.10
int32_DRAGON_11_e1_2450_e1_5887.smv,Timeout,300.15,290.13
int32_DRAGON_11_e1_2450_e2_1483.smv,Timeout,300.14,290.11
int32_DRAGON_11_e1_2450_e3_2330.smv,Timeout,300.13,290.12
int32_DRAGON_11_e1_2450_e7_5791.smv,Invalid,0.20,0.18
int32_DRAGON_11_e1_2450.smv,Timeout,300.14,290.12
int32_DRAGON_11_e2_1678_e1_3565.smv,Timeout,300.13,290.12
int32_DRAGON_11_e2_5396_e3_282.smv,Timeout,300.15,290.14
int32_DRAGON_11_e3_382_e1_505.smv,Timeout,300.14,290.14
int32_DRAGON_11_e3_382_e4_4421.smv,Timeout,300.15,290.12
int32_DRAGON_11.smv,Timeout,300.13,290.10
int32_DRAGON_12_e1_4640_e7_128.smv,Invalid,0.23,0.20
int32_DRAGON_12_e2_1618_e1_6030.smv,Valid,33.02,32.99
int32_DRAGON_12_e2_1618_e2_138.smv,Valid,33.43,33.40
int32_DRAGON_12_e2_1618_e3_2012.smv,Valid,38.00,37.97
int32_DRAGON_12_e2_1618_e7_4732.smv,Invalid,0.20,0.18
int32_DRAGON_12_e2_1618.smv,Valid,49.44,49.41
int32_DRAGON_12.smv,Valid,32.63,32.61
int32_DRAGON_13_e3_1418_e3_2761.smv,Valid,17.60,17.58
int32_DRAGON_13_e7_2336_e1_541.smv,Invalid,0.23,0.21
int32_DRAGON_13_e7_2336_e2_1255.smv,Invalid,0.22,0.20
int32_DRAGON_13_e7_2336_e3_3117.smv,Invalid,0.24,0.22
int32_DRAGON_13_e7_2336_e7_685.smv,Invalid,0.25,0.23
int32_DRAGON_13_e7_2336.smv,Invalid,0.24,0.22
int32_DRAGON_13.smv,Valid,22.20,22.19
int32_DRAGON_14_e1_5710.smv,Timeout,300.14,290.06
int32_DRAGON_14_e2_3606.smv,Timeout,300.15,290.12
int32_DRAGON_14_e3_1259_e1_5798.smv,Timeout,300.13,290.12
int32_DRAGON_14_e3_5120.smv,Timeout,300.15,290.10
int32_DRAGON_14_e7_3162_e1_3998.smv,Invalid,76.76,76.71
int32_DRAGON_14_e7_3162_e2_753.smv,Invalid,17.83,17.81
int32_DRAGON_14_e7_3162_e3_4298.smv,Invalid,21.22,21.20
int32_DRAGON_14_e7_3162_e7_3528.smv,Invalid,16.30,16.29
int32_DRAGON_14_e7_3162.smv,Invalid,15.27,15.25
int32_DRAGON_14.smv,Timeout,300.15,290.10
int32_DRAGON_1_e1_14612_e1_268_e7_501.smv,Valid,0.37,0.35
int32_DRAGON_1_e1_14612_e2_2653_e7_4370.smv,Valid,0.29,0.27
int32_DRAGON_1_e1_3184_e7_1888.smv,Valid,0.31,0.28
int32_DRAGON_1_e1_5070.smv,Valid,0.41,0.39
int32_DRAGON_1_e2_1997_e7_3613_e2_3409.smv,Valid,0.36,0.34
int32_DRAGON_1_e2_1997.smv,Valid,0.36,0.34
int32_DRAGON_1_e3_11891_e7_4569_e4_4881.smv,Valid,0.35,0.32
int32_DRAGON_1.smv,Valid,0.54,0.52
int32_DRAGON_2_e1_2316.smv,Timeout,300.14,290.10
int32_DRAGON_2_e2_3183_e1_2644.smv,Timeout,300.14,290.11
int32_DRAGON_2_e2_3183_e2_3580.smv,Timeout,300.16,290.12
int32_DRAGON_2_e2_3183_e3_5972.smv,Timeout,300.14,290.07
int32_DRAGON_2_e2_4481.smv,Timeout,300.18,290.15
int32_DRAGON_2_e7_25_e1_154.smv,Invalid,0.34,0.32
int32_DRAGON_2_e7_25_e2_5340.smv,Invalid,0.31,0.29
int32_DRAGON_2_e7_25_e3_829.smv,Invalid,0.31,0.29
int32_DRAGON_2_e7_25_e7_4469.smv,Invalid,0.28,0.26
int32_DRAGON_2_e7_25_e8_3171.smv,Timeout,300.14,290.08
int32_DRAGON_2_e7_25.smv,Invalid,0.28,0.26
int32_DRAGON_2.smv,Timeout,300.16,290.10
int32_DRAGON_3_e1_4783_e1_3755.smv,Timeout,300.16,290.11
int32_DRAGON_3_e1_4783_e2_158.smv,Timeout,300.15,290.06
int32_DRAGON_3_e1_4783_e3_511.smv,Timeout,300.20,290.13
int32_DRAGON_3_e1_4783_e7_4070.smv,Invalid,0.25,0.23
int32_DRAGON_3_e1_4783.smv,Timeout,300.16,290.09
int32_DRAGON_3_e2_5343_e1_988.smv,Timeout,300.14,290.09
int32_DRAGON_3_e3_3846.smv,Timeout,300.17,290.10
int32_DRAGON_3_e3_5422_e1_2288.smv,Timeout,300.14,290.03
int32_DRAGON_3_e3_5422_e2_3135.smv,Timeout,300.15,290.09
int32_DRAGON_3_e7_4884.smv,Invalid,0.30,0.27
int32_DRAGON_3.smv,Timeout,300.16,290.08
int32_DRAGON_4_e1_4312.smv,Valid,11.70,11.68
int32_DRAGON_4_e2_2799_e1_1303.smv,Valid,15.36,15.33
int32_DRAGON_4_e2_2799_e2_2251.smv,Valid,12.49,12.46
int32_DRAGON_4_e2_2799_e3_1915.smv,Valid,14.81,14.79
int32_DRAGON_4_e2_2799_e7_2499.smv,Invalid,1.60,1.58
int32_DRAGON_4_e2_2799.smv,Valid,11.61,11.59
int32_DRAGON_4_e3_1540_e1_5048.smv,Valid,13.64,13.62
int32_DRAGON_4_e3_4133.smv,Valid,15.90,15.88
int32_DRAGON_4_e7_2329_e3_4574.smv,Invalid,1.68,1.66
int32_DRAGON_4_e7_2329_e7_3856.smv,Invalid,1.30,1.28
int32_DRAGON_4_e7_2329.smv,Invalid,3.79,3.77
int32_DRAGON_4.smv,Valid,15.37,15.35
int32_DRAGON_5_e1_1835.smv,Valid,24.23,24.20
int32_DRAGON_5_e2_3018_e2_936.smv,Valid,10.80,10.77
int32_DRAGON_5_e7_2017_e1_5832.smv,Invalid,2.68,2.65
int32_DRAGON_5_e7_2017_e2_664.smv,Invalid,0.97,0.94
int32_DRAGON_5_e7_2017_e3_1763.smv,Invalid,0.86,0.84
int32_DRAGON_5_e7_2017_e7_2326.smv,Invalid,0.75,0.73
int32_DRAGON_5_e7_2017.smv,Invalid,0.94,0.92
int32_DRAGON_5.smv,Valid,11.16,11.14
int32_DRAGON_6_e7_5046_e7_3623.smv,Valid,0.47,0.45
int32_DRAGON_6.smv,Valid,0.32,0.30
int32_DRAGON_7_e2_2872_e2_5844.smv,Timeout,300.14,290.12
int32_DRAGON_7_e2_2872_e3_2640.smv,Timeout,300.14,290.13
int32_DRAGON_7_e7_3157_e2_2082.smv,Timeout,300.14,290.08
int32_DRAGON_7.smv,Timeout,300.13,290.13
int32_DRAGON_8_e2_3896_e3_3125.smv,Valid,31.53,31.51
int32_DRAGON_8_e3_786_e7_4541.smv,Timeout,300.16,290.15
int32_DRAGON_8_e3_786.smv,Valid,17.99,17.96
int32_DRAGON_8_e7_3752.smv,Timeout,300.16,290.15
int32_DRAGON_8.smv,Valid,14.17,14.14
int32_DRAGON_9_e7_1843_e1_5434.smv,Timeout,300.16,290.11
int32_DRAGON_9_e7_1843_e2_1145.smv,Timeout,300.13,290.12
int32_DRAGON_9_e7_1843_e3_5316.smv,Timeout,300.14,290.11
int32_DRAGON_9_e7_1843_e7_2225.smv,Timeout,300.16,290.09
int32_DRAGON_9_e7_1843.smv,Timeout,300.15,290.15
int32_DRAGON_9.smv,Valid,26.24,26.22
int32_DRAGON_all2_e2_2073_e8_3691.smv,Invalid,0.59,0.57
int32_DRAGON_all2_e3_4612_e1_6463.smv,Timeout,300.16,290.12
int32_DRAGON_all2_e3_4612_e2_5774.smv,Timeout,300.14,290.13
int32_DRAGON_all2_e3_4612_e3_1543.smv,Timeout,300.14,290.10
int32_DRAGON_all2_e3_4612_e4_3719.smv,Timeout,300.16,290.08
int32_DRAGON_all2_e3_4612_e5_3642.smv,Timeout,300.15,290.09
int32_DRAGON_all2_e3_4612_e8_5861.smv,Invalid,0.60,0.59
int32_DRAGON_all2_e7_5406_e1_6690.smv,Invalid,0.26,0.23
int32_DRAGON_all2_e7_5406_e2_3084.smv,Invalid,0.37,0.35
int32_DRAGON_all2_e7_5406_e3_506.smv,Invalid,0.37,0.35
int32_DRAGON_all2_e7_5406_e7_6697.smv,Invalid,0.31,0.28
int32_DRAGON_all2_e7_5406.smv,Invalid,0.46,0.44
int32_DRAGON_all2_e8_4626.smv,Invalid,0.58,0.56
int32_DRAGON_all2_e8_5504_e1_4719.smv,Invalid,0.60,0.58
int32_DRAGON_all2_e8_5504_e7_579.smv,Invalid,0.33,0.31
int32_DRAGON_all2.smv,Timeout,300.16,290.09
int32_DRAGON_all_e1_4022_e1_1759.smv,Timeout,300.16,290.15
int32_DRAGON_all_e1_4022_e2_267.smv,Timeout,300.14,290.12
int32_DRAGON_all_e1_4022_e3_3628.smv,Timeout,300.15,290.06
int32_DRAGON_all_e1_4022_e7_2886.smv,Invalid,0.27,0.26
int32_DRAGON_all_e1_4037.smv,Timeout,300.15,290.05
int32_DRAGON_all_e2_6104_e1_6205.smv,Timeout,300.16,290.10
int32_DRAGON_all_e2_6104_e2_3308.smv,Timeout,300.17,290.13
int32_DRAGON_all_e2_6104_e3_2607.smv,Timeout,300.14,290.05
int32_DRAGON_all_e2_6104.smv,Timeout,300.15,290.14
int32_DRAGON_all_e3_4821_e1_1318.smv,Timeout,300.14,290.11
int32_DRAGON_all_e3_4821_e2_1089.smv,Timeout,300.16,290.11
int32_DRAGON_all_e3_4821_e4_1791.smv,Timeout,300.14,290.14
int32_DRAGON_all_e3_4821_e5_1536.smv,Timeout,300.16,290.11
int32_DRAGON_all_e3_5957.smv,Timeout,300.16,290.09
int32_DRAGON_all_e7_1941_e2_6086.smv,Invalid,0.45,0.43
int32_DRAGON_all_e7_4065.smv,Invalid,0.45,0.43
int32_DRAGON_all.smv,Timeout,300.14,290.11
int32_durationThm_1_e1_350.smv,Invalid,0.04,0.02
int32_durationThm_1_e2_3.smv,Invalid,0.07,0.05
int32_durationThm_1_e3_389_e4_294.smv,Invalid,0.06,0.05
int32_durationThm_1_e3_389_e5_5.smv,Invalid,0.06,0.05
int32_durationThm_1_e3_389.smv,Invalid,0.07,0.04
int32_durationThm_1_e7_217_e1_89.smv,Invalid,0.06,0.04
int32_durationThm_1_e7_217_e2_352.smv,Invalid,0.07,0.05
int32_durationThm_1_e7_217_e3_132.smv,Invalid,0.08,0.05
int32_durationThm_1_e7_217_e7_31.smv,Invalid,0.06,0.04
int32_durationThm_1_e7_217.smv,Invalid,0.07,0.05
int32_durationThm_1.smv,Invalid,0.07,0.05
int32_durationThm_2_e1_301.smv,Timeout,300.16,290.12
int32_durationThm_2_e2_63.smv,Valid,0.08,0.05
int32_durationThm_2_e3_329_e4_1.smv,Valid,0.07,0.05
int32_durationThm_2_e3_329_e5_124.smv,Timeout,300.14,290.11
int32_durationThm_2_e3_99.smv,Timeout,300.15,290.08
int32_durationThm_2_e7_145_e1_343.smv,Invalid,0.07,0.05
int32_durationThm_2_e7_145_e2_169.smv,Valid,0.12,0.10
int32_durationThm_2_e7_145_e3_222.smv,Timeout,300.15,290.09
int32_durationThm_2_e7_145_e7_154.smv,Invalid,0.07,0.04
int32_durationThm_2_e7_145_e8_73.smv,Timeout,300.14,290.07
int32_durationThm_2_e7_149.smv,Invalid,0.08,0.06
int32_durationThm_2.smv,Timeout,300.15,290.09
int32_durationThm_3_e1_36.smv,Invalid,0.06,0.04
int32_durationThm_3_e2_63.smv,Invalid,0.06,0.03
int32_durationThm_3_e3_207.smv,Invalid,0.07,0.05
int32_durationThm_3_e3_442_e4_165.smv,Invalid,0.06,0.03
int32_durationThm_3_e3_442_e5_260.smv,Invalid,0.06,0.04
int32_durationThm_3_e7_334_e1_431.smv,Invalid,0.06,0.04
int32_durationThm_3_e7_334_e2_62.smv,Invalid,0.06,0.03
int32_durationThm_3_e7_334_e3_42.smv,Invalid,0.06,0.04
int32_durationThm_3_e7_334_e7_118.smv,Invalid,0.06,0.03
int32_durationThm_3_e7_334.smv,Invalid,0.06,0.04
int32_durationThm_3.smv,Invalid,0.05,0.03
int32_ex3.smv,Timeout,300.15,290.11
int32_ex8_e7_74_e7_740.smv,Invalid,0.06,0.04
int32_ex8_e7_74_e8_302.smv,Invalid,0.06,0.04
int32_ex8_e7_74.smv,Invalid,0.07,0.04
int32_ex8_e8_220_e7_249.smv,Invalid,0.07,0.05
int32_ex8_e8_220.smv,Invalid,0.06,0.04
int32_ex8.smv,Invalid,0.07,0.04
int32_fast_1_e7_2044_e7_1287.smv,Invalid,0.05,0.02
int32_fast_1_e7_2044.smv,Invalid,0.05,0.04
int32_fast_1_e8_747_e7_692.smv,Invalid,0.05,0.03
int32_fast_1_e8_747_e8_1041.smv,Valid,0.06,0.04
int32_fast_1_e8_751.smv,Valid,0.06,0.03
int32_fast_1.smv,Valid,0.06,0.04
int32_fast_2_e7_2526_e7_2736.smv,Invalid,0.05,0.03
int32_fast_2_e7_2526.smv,Invalid,0.05,0.03
int32_fast_2_e8_460_e7_43.smv,Invalid,0.05,0.03
int32_fast_2_e8_460_e8_1920.smv,Valid,0.07,0.05
int32_fast_2_e8_976.smv,Valid,0.07,0.05
int32_fast_2.smv,Valid,0.07,0.05
int32_FIREFLY_10_e7_919_e2_3192.smv,Timeout,300.16,290.13
int32_FIREFLY_10.smv,Valid,12.20,12.19
int32_FIREFLY_11_e1_3457.smv,Valid,5.21,5.19
int32_FIREFLY_11_e3_2076_e1_1270.smv,Valid,4.50,4.48
int32_FIREFLY_11.smv,Valid,5.35,5.33
int32_FIREFLY_1_e1_1092_e1_1486.smv,Invalid,38.96,38.94
int32_FIREFLY_1_e1_1092_e2_1853.smv,Timeout,300.13,290.08
int32_FIREFLY_1_e1_1092_e3_389.smv,Invalid,13.12,13.11
int32_FIREFLY_1_e1_1092_e7_1119.smv,Invalid,0.24,0.22
int32_FIREFLY_1_e1_1092.smv,Invalid,17.60,17.58
int32_FIREFLY_1.smv,Timeout,300.15,290.08
int32_FIREFLY_2_e3_151_e3_1540.smv,Invalid,6.26,6.24
int32_FIREFLY_2.smv,Timeout,300.14,290.06
int32_FIREFLY_3_e2_2236_e1_2305.smv,Valid,53.20,53.17
int32_FIREFLY_3_e2_2236_e2_1058.smv,Timeout,300.14,290.11
int32_FIREFLY_3_e2_2236_e3_2657.smv,Invalid,1.30,1.28
int32_FIREFLY_3_e2_2236_e7_3681.smv,Timeout,300.14,290.11
int32_FIREFLY_3_e2_2236.smv,Timeout,300.15,290.12
int32_FIREFLY_3.smv,Valid,52.97,52.94
int32_FIREFLY_4_e3_3511_e1_2375.smv,Invalid,162.51,162.39
int32_FIREFLY_4_e3_3511_e2_1923.smv,Valid,254.17,254.11
int32_FIREFLY_4_e3_3511_e3_422.smv,Timeout,300.17,290.13
int32_FIREFLY_4_e3_3511_e4_1464.smv,Invalid,176.06,176.04
int32_FIREFLY_4_e3_3511_e5_3248.smv,Valid,252.14,252.08
int32_FIREFLY_4_e3_3511_e7_3568.smv,Invalid,0.15,0.13
int32_FIREFLY_4_e3_3511.smv,Timeout,300.16,290.12
int32_FIREFLY_4.smv,Timeout,300.14,290.03
int32_FIREFLY_5_e1_2552_e7_1169.smv,Timeout,300.13,290.11
int32_FIREFLY_5_e2_2229.smv,Valid,13.78,13.76
int32_FIREFLY_5_e2_2884_e1_2678.smv,Valid,8.02,7.99
int32_FIREFLY_5_e2_2884_e2_1492.smv,Valid,8.10,8.08
int32_FIREFLY_5_e2_2884_e3_1882.smv,Valid,13.05,13.02
int32_FIREFLY_5_e2_2884_e7_3594.smv,Timeout,300.14,290.11
int32_FIREFLY_5.smv,Valid,7.93,7.91
int32_FIREFLY_6_e2_3302.smv,Valid,7.66,7.64
int32_FIREFLY_6.smv,Valid,6.66,6.64
int32_FIREFLY_7.smv,Valid,30.11,30.09
int32_FIREFLY_8_e2_1711_e1_1489.smv,Valid,0.60,0.57
int32_FIREFLY_8_e2_1711_e2_2673.smv,Valid,0.33,0.30
int32_FIREFLY_8_e2_1711_e3_1753.smv,Valid,0.29,0.27
int32_FIREFLY_8_e2_1711_e7_1962.smv,Invalid,0.16,0.13
int32_FIREFLY_8_e2_1711.smv,Valid,0.62,0.60
int32_FIREFLY_8.smv,Valid,0.61,0.59
int32_FIREFLY_9_e7_170_e3_3647.smv,Valid,0.74,0.71
int32_FIREFLY_9.smv,Valid,0.63,0.61
int32_FIREFLY_a3_e1_3233_e1_3123.smv,Invalid,4.65,4.62
int32_FIREFLY_a3_e1_3233_e2_2392.smv,Timeout,300.15,290.09
int32_FIREFLY_a3_e1_3233_e3_2970.smv,Timeout,300.16,290.11
int32_FIREFLY_a3_e1_3233_e7_906.smv,Invalid,0.22,0.20
int32_FIREFLY_a3_e1_3233.smv,Invalid,53.84,53.82
int32_FIREFLY_a3_e2_2086_e1_3235.smv,Timeout,300.13,290.08
int32_FIREFLY_a3_e2_2086_e2_2689.smv,Timeout,300.15,290.11
int32_FIREFLY_a3_e2_2086_e3_2542.smv,Timeout,300.15,290.12
int32_FIREFLY_a3_e2_2086_e7_2614.smv,Invalid,0.23,0.20
int32_FIREFLY_a3_e2_2952.smv,Timeout,300.13,290.03
int32_FIREFLY_a3_e3_314_e1_1979.smv,Invalid,38.86,38.84
int32_FIREFLY_a3_e3_314_e2_2812.smv,Timeout,300.15,290.07
int32_FIREFLY_a3_e3_314_e4_897.smv,Invalid,38.92,38.88
int32_FIREFLY_a3.smv,Timeout,300.14,290.11
int32_FIREFLY_all_e1_1207_e1_1201.smv,Invalid,5.59,5.57
int32_FIREFLY_all_e1_1207_e2_3220.smv,Timeout,300.14,290.07
int32_FIREFLY_all_e1_1207_e3_1928.smv,Invalid,39.92,39.89
int32_FIREFLY_all_e1_1207_e7_156.smv,Invalid,0.28,0.25
int32_FIREFLY_all_e1_3406.smv,Invalid,3.66,3.64
int32_FIREFLY_all_e2_2924_e1_768.smv,Timeout,300.14,290.08
int32_FIREFLY_all_e2_2924_e2_1767.smv,Invalid,4.38,4.36
int32_FIREFLY_all_e2_2924_e3_3946.smv,Invalid,4.76,4.74
int32_FIREFLY_all_e2_2924_e7_3371.smv,Invalid,0.23,0.21
int32_FIREFLY_all_e2_3678.smv,Invalid,39.89,39.87
int32_FIREFLY_all_e3_1600_e1_667.smv,Invalid,11.82,11.80
int32_FIREFLY_all_e3_1600_e2_676.smv,Invalid,5.83,5.82
int32_FIREFLY_all_e3_1600_e3_2055.smv,Invalid,47.11,47.08
int32_FIREFLY_all_e3_1600_e4_2415.smv,Invalid,11.70,11.68
int32_FIREFLY_all_e3_1600_e5_84.smv,Invalid,5.82,5.80
int32_FIREFLY_all_e3_1600_e7_1607.smv,Invalid,0.26,0.24
int32_FIREFLY_all_e3_3496.smv,Invalid,4.69,4.66
int32_FIREFLY_all_e7_1909.smv,Invalid,0.22,0.19
int32_FIREFLY_all.smv,Timeout,300.14,290.10
int32_FIREFLY_luke_1a_e2_284_e1_2924.smv,Valid,4.77,4.75
int32_FIREFLY_luke_1a_e2_284_e2_2755.smv,Valid,5.66,5.63
int32_FIREFLY_luke_1a_e2_284_e3_3091.smv,Valid,4.81,4.79
int32_FIREFLY_luke_1a_e2_284_e7_998.smv,Invalid,3.43,3.40
int32_FIREFLY_luke_1a_e7_3042_e3_1213.smv,Timeout,300.14,290.07
int32_FIREFLY_luke_1a.smv,Valid,4.80,4.77
int32_FIREFLY_luke_1b_e1_1139_e1_1565.smv,Invalid,30.03,30.01
int32_FIREFLY_luke_1b_e1_1139_e2_2893.smv,Timeout,300.14,290.07
int32_FIREFLY_luke_1b_e1_1139_e3_1839.smv,Invalid,27.57,27.54
int32_FIREFLY_luke_1b_e1_1691.smv,Invalid,44.39,44.38
int32_FIREFLY_luke_1b_e2_3049_e1_946.smv,Timeout,300.14,290.01
int32_FIREFLY_luke_1b_e2_3049_e2_698.smv,Invalid,3.48,3.46
int32_FIREFLY_luke_1b_e2_3049_e3_2697.smv,Invalid,18.88,18.86
int32_FIREFLY_luke_1b_e2_3049.smv,Invalid,27.59,27.57
int32_FIREFLY_luke_1b_e3_671_e1_725.smv,Invalid,32.14,32.12
int32_FIREFLY_luke_1b_e3_671_e2_2131.smv,Invalid,18.99,18.96
int32_FIREFLY_luke_1b_e3_671_e3_941.smv,Invalid,7.02,7.01
int32_FIREFLY_luke_1b_e3_671_e4_147.smv,Invalid,31.55,31.52
int32_FIREFLY_luke_1b_e3_671_e5_1637.smv,Invalid,18.97,18.94
int32_FIREFLY_luke_1b_e3_671_e6_1974.smv,Timeout,300.15,290.09
int32_FIREFLY_luke_1b_e3_671_e7_1882.smv,Invalid,0.23,0.21
int32_FIREFLY_luke_1b_e3_671.smv,Invalid,15.80,15.78
int32_FIREFLY_luke_1b_e7_2574.smv,Invalid,0.22,0.19
int32_FIREFLY_luke_1b_e7_3191_e1_1303.smv,Invalid,0.20,0.17
int32_FIREFLY_luke_1b_e7_3191_e2_1864.smv,Invalid,0.22,0.20
int32_FIREFLY_luke_1b_e7_3191_e7_2146.smv,Invalid,0.22,0.20
int32_FIREFLY_luke_1b.smv,Timeout,300.13,290.09
int32_FIREFLY_luke_2_e2_1375_e1_418.smv,Valid,6.22,6.19
int32_FIREFLY_luke_2_e7_1826_e8_126.smv,Valid,6.20,6.18
int32_FIREFLY_luke_2.smv,Valid,6.21,6.19
int32_FIREFLY_luke_3_e1_2217_e3_1200.smv,Valid,10.11,10.09
int32_FIREFLY_luke_3.smv,Valid,9.02,9.00
int32_FIREFLY_luke_4_e2_325.smv,Valid,5.84,5.81
int32_FIREFLY_luke_4.smv,Valid,4.76,4.73
int32_FIREFLY_luke_5.smv,Timeout,300.15,290.11
int32_FIREFLY_luke_rt_e1_913_e1_1993.smv,Invalid,49.78,49.75
int32_FIREFLY_luke_rt_e1_913_e2_3353.smv,Timeout,300.13,290.05
int32_FIREFLY_luke_rt_e1_913_e3_2128.smv,Invalid,42.76,42.74
int32_FIREFLY_luke_rt_e1_913_e7_1403.smv,Invalid,0.25,0.23
int32_FIREFLY_luke_rt_e1_913.smv,Invalid,15.02,14.98
int32_FIREFLY_luke_rt_e2_3460_e1_1455.smv,Timeout,300.14,290.10
int32_FIREFLY_luke_rt_e2_3460_e2_2670.smv,Invalid,130.03,129.98
int32_FIREFLY_luke_rt_e2_3460_e3_1333.smv,Invalid,7.33,7.30
int32_FIREFLY_luke_rt_e2_3460_e7_471.smv,Invalid,0.25,0.23
int32_FIREFLY_luke_rt_e2_3460.smv,Invalid,42.72,42.69
int32_FIREFLY_luke_rt_e3_1549.smv,Invalid,5.36,5.34
int32_FIREFLY_luke_rt.smv,Timeout,300.15,290.09
int32_FIREFLY_rt_e3_1770_e2_637.smv,Timeout,300.16,290.10
int32_FIREFLY_rt.smv,Timeout,300.15,290.12
int32_FIREFLY_u1_e2_3403_e2_957.smv,Valid,6.08,6.05
int32_FIREFLY_u1_e7_3318.smv,Invalid,1.26,1.24
int32_FIREFLY_u1.smv,Valid,10.46,10.44
int32_Gas.smv,Timeout,300.14,290.12
int32_hysteresis_1.smv,Valid,0.05,0.03
int32_hysteresis_2.smv,Valid,1.48,1.46
int32_hysteresis_3.smv,Valid,1.60,1.58
int32_hysteresis_all.smv,Valid,1.61,1.59
int32_ILLINOIS_1.smv,Valid,0.26,0.25
int32_ILLINOIS_2_e1_834_e1_1895.smv,Invalid,0.18,0.16
int32_ILLINOIS_2_e1_834_e2_3395.smv,Timeout,300.17,290.13
int32_ILLINOIS_2_e1_834_e3_2931.smv,Invalid,0.18,0.16
int32_ILLINOIS_2_e1_834_e7_3738.smv,Invalid,0.24,0.22
int32_ILLINOIS_2_e1_834.smv,Invalid,0.18,0.15
int32_ILLINOIS_2_e2_2367_e1_3182.smv,Timeout,300.15,290.09
int32_ILLINOIS_2_e2_2367_e2_1561.smv,Invalid,0.17,0.15
int32_ILLINOIS_2_e2_2367_e3_1601.smv,Invalid,0.19,0.17
int32_ILLINOIS_2_e2_2367_e7_2728.smv,Invalid,0.20,0.18
int32_ILLINOIS_2_e2_876.smv,Invalid,0.20,0.18
int32_ILLINOIS_2.smv,Timeout,300.14,290.05
int32_ILLINOIS_3_e3_2581_e1_1130.smv,Invalid,0.13,0.11
int32_ILLINOIS_3_e3_2581_e2_2545.smv,Invalid,0.13,0.11
int32_ILLINOIS_3_e3_2581_e3_979.smv,Invalid,0.23,0.21
int32_ILLINOIS_3_e3_2581_e4_958.smv,Invalid,0.12,0.10
int32_ILLINOIS_3_e3_2581_e5_4006.smv,Invalid,0.13,0.10
int32_ILLINOIS_3_e3_2581_e7_3447.smv,Invalid,0.18,0.17
int32_ILLINOIS_3_e3_2581.smv,Invalid,0.37,0.35
int32_ILLINOIS_3.smv,Timeout,300.13,290.04
int32_ILLINOIS_4_e7_2651_e7_2847.smv,Timeout,300.15,290.11
int32_ILLINOIS_4.smv,Valid,12.68,12.66
int32_ILLINOIS_5_e7_692_e7_2865.smv,Valid,0.43,0.41
int32_ILLINOIS_5.smv,Valid,0.26,0.24
int32_ILLINOIS_a1.smv,Valid,7.59,7.56
int32_ILLINOIS_all.smv,Timeout,300.15,290.13
int32_ILLINOIS_r4a.smv,Valid,9.10,9.07
int32_MESI_1_e2_162_e7_1545.smv,Valid,1.09,1.06
int32_MESI_1.smv,Valid,0.25,0.24
int32_MESI_2.smv,Valid,0.14,0.12
int32_MESI_3_e1_2517_e8_2163.smv,Valid,39.03,39.01
int32_MESI_3_e2_819_e1_1145.smv,Valid,52.68,52.65
int32_MESI_3_e2_819_e2_562.smv,Invalid,0.18,0.16
int32_MESI_3_e2_819_e3_2698.smv,Invalid,0.16,0.14
int32_MESI_3_e2_819_e4_1595.smv,Valid,53.32,53.29
int32_MESI_3_e2_819_e5_2554.smv,Invalid,0.17,0.15
int32_MESI_3_e2_819_e6_1459.smv,Valid,31.51,31.49
int32_MESI_3_e2_819_e7_1665.smv,Invalid,0.16,0.14
int32_MESI_3_e2_819_e8_1896.smv,Invalid,0.17,0.14
int32_MESI_3_e2_819.smv,Invalid,0.12,0.11
int32_MESI_3_e3_2669.smv,Valid,47.62,47.59
int32_MESI_3.smv,Valid,53.22,53.19
int32_MESI_4_e7_1140_e7_433.smv,Valid,0.62,0.60
int32_MESI_4.smv,Valid,0.34,0.32
int32_MESI_all_e4_1147_e7_497.smv,Valid,1.20,1.16
int32_MESI_all.smv,Valid,0.70,0.68
int32_MESI_i1_e2_1758_e8_12.smv,Invalid,0.12,0.10
int32_MESI_i1_e2_2656.smv,Invalid,0.11,0.09
int32_MESI_i1_e3_2145_e1_2667.smv,Invalid,0.12,0.10
int32_MESI_i1_e3_2145_e2_2228.smv,Invalid,0.14,0.12
int32_MESI_i1_e3_2145_e3_977.smv,Invalid,0.12,0.10
int32_MESI_i1_e3_2145_e4_1717.smv,Invalid,0.13,0.11
int32_MESI_i1_e3_2145_e5_2391.smv,Invalid,0.13,0.11
int32_MESI_i1_e3_2145_e7_1847.smv,Invalid,0.12,0.10
int32_MESI_i1_e3_2145_e8_2325.smv,Invalid,0.09,0.07
int32_MESI_i1_e3_2145.smv,Invalid,0.13,0.10
int32_MESI_i1_e4_1986_e1_1519.smv,Invalid,9.08,9.05
int32_MESI_i1_e4_1986.smv,Invalid,0.12,0.10
int32_MESI_i1.smv,Invalid,0.13,0.11
int32_MESI_i2.smv,Invalid,0.46,0.44
int32_MESI_i3_e1_447_e1_1292.smv,Valid,8.91,8.89
int32_MESI_i3_e1_447_e2_1098.smv,Invalid,0.11,0.09
int32_MESI_i3_e1_447_e3_1180.smv,Valid,3.67,3.65
int32_MESI_i3_e1_447_e5_2444.smv,Invalid,0.11,0.09
int32_MESI_i3_e1_447_e6_2281.smv,Timeout,300.13,290.12
int32_MESI_i3_e1_447_e7_2194.smv,Invalid,0.78,0.75
int32_MESI_i3_e1_447.smv,Invalid,2.10,2.08
int32_MESI_i3.smv,Invalid,0.11,0.08
int32_MESI_i4_e4_1689.smv,Invalid,2.02,2.00
int32_MESI_i4_e6_2175.smv,Valid,9.89,9.87
int32_MESI_i4_e7_1017_e6_1132.smv,Valid,10.21,10.19
int32_MESI_i4_e8_1381_e1_1837.smv,Invalid,1.58,1.56
int32_MESI_i4_e8_1381_e4_313.smv,Invalid,1.57,1.55
int32_MESI_i4.smv,Invalid,0.82,0.80
int32_metros_1_e1_846_e1_1317.smv,Valid,0.33,0.31
int32_metros_1_e1_846_e2_1394.smv,Valid,0.34,0.31
int32_metros_1_e1_846_e3_1060.smv,Valid,0.36,0.33
int32_metros_1_e1_846_e7_397.smv,Timeout,300.14,290.11
int32_metros_1_e2_1102_e1_317.smv,Valid,0.29,0.27
int32_metros_1_e2_1102_e2_943.smv,Valid,0.32,0.30
int32_metros_1_e2_1102_e3_961.smv,Valid,0.37,0.35
int32_metros_1_e2_1102_e7_1163.smv,Timeout,300.13,290.09
int32_metros_1_e2_627.smv,Valid,0.34,0.31
int32_metros_1_e7_1255_e7_12.smv,Timeout,300.14,290.10
int32_metros_1_e7_606.smv,Timeout,300.14,290.11
int32_metros_1_e8_725_e1_919.smv,Valid,0.08,0.06
int32_metros_1_e8_725_e2_1144.smv,Valid,0.08,0.06
int32_metros_1_e8_725_e3_556.smv,Valid,0.08,0.06
int32_metros_1_e8_725.smv,Valid,0.09,0.06
int32_metros_1.smv,Valid,0.35,0.33
int32_metros_2_e1_1116_e1_556.smv,Invalid,12.83,12.81
int32_metros_2_e1_1116_e2_617.smv,Valid,2.87,2.84
int32_metros_2_e1_1116_e3_287.smv,Invalid,1.09,1.07
int32_metros_2_e1_1116_e7_1440.smv,Invalid,8.62,8.59
int32_metros_2_e1_190.smv,Timeout,300.13,290.09
int32_metros_2_e2_704_e1_389.smv,Invalid,6.93,6.90
int32_metros_2_e2_704_e2_13.smv,Valid,2.90,2.87
int32_metros_2_e2_704_e3_76.smv,Invalid,0.96,0.94
int32_metros_2_e2_704_e7_810.smv,Invalid,7.89,7.87
int32_metros_2_e2_968.smv,Invalid,43.72,43.69
int32_metros_2_e3_112.smv,Invalid,111.78,111.75
int32_metros_2.smv,Timeout,300.12,290.12
int32_metros_3_e3_1275_e1_1350.smv,Invalid,142.35,142.33
int32_metros_3_e3_1275_e2_454.smv,Timeout,300.13,290.09
int32_metros_3_e3_1275_e3_640.smv,Timeout,300.12,290.11
int32_metros_3_e3_1275_e4_164.smv,Timeout,300.15,290.16
int32_metros_3_e3_1275_e5_846.smv,Timeout,300.13,290.11
int32_metros_3_e3_1275_e6_1315.smv,Timeout,300.12,290.09
int32_metros_3_e3_1275_e7_529.smv,Timeout,300.13,290.11
int32_metros_3_e3_1275.smv,Timeout,300.14,290.09
int32_metros_3_e4_987_e1_1115.smv,Timeout,300.13,290.14
int32_metros_3_e4_987_e2_80.smv,Invalid,246.89,246.78
int32_metros_3_e4_987_e3_291.smv,Timeout,300.12,290.13
int32_metros_3_e4_987.smv,Timeout,300.14,290.13
int32_metros_3.smv,Timeout,300.13,290.06
int32_metros_4_e1_821_e5_911.smv,Timeout,300.14,290.10
int32_metros_4_e1_917.smv,Timeout,300.13,290.11
int32_metros_4_e2_968_e1_956.smv,Invalid,38.80,38.78
int32_metros_4_e2_968_e2_1166.smv,Timeout,300.13,290.10
int32_metros_4_e2_968_e3_931.smv,Timeout,300.13,290.10
int32_metros_4_e2_968_e4_801.smv,Timeout,300.14,290.10
int32_metros_4_e2_968_e5_991.smv,Timeout,300.13,290.14
int32_metros_4_e2_968_e6_236.smv,Invalid,19.05,19.02
int32_metros_4_e2_968_e7_860.smv,Invalid,164.67,164.60
int32_metros_4_e2_968.smv,Invalid,125.84,125.78
int32_metros_4_e3_1025.smv,Invalid,289.10,289.00
int32_metros_4_e3_1091_e1_1044.smv,Invalid,36.16,36.14
int32_metros_4_e3_1091_e2_1317.smv,Timeout,300.13,290.11
int32_metros_4_e3_1091_e3_522.smv,Timeout,300.14,290.11
int32_metros_4_e3_1091_e4_232.smv,Invalid,132.14,132.11
int32_metros_4_e5_1150.smv,Timeout,300.13,290.13
int32_metros_4.smv,Timeout,300.14,290.12
int32_metros_5_e4_1208_e1_337.smv,Timeout,300.13,290.12
int32_metros_5.smv,Timeout,300.15,290.11
int32_microwave01.smv,Timeout,300.15,290.13
int32_microwave02.smv,Valid,0.49,0.46
int32_microwave03.smv,Timeout,300.16,290.13
int32_microwave04.smv,Timeout,300.17,290.12
int32_microwave05.smv,Timeout,300.14,290.12
int32_microwave06.smv,Timeout,300.14,290.10
int32_microwave07.smv,Timeout,300.14,290.13
int32_microwave08.smv,Timeout,300.17,290.11
int32_microwave09.smv,Timeout,300.15,290.10
int32_microwave10.smv,Timeout,300.16,290.10
int32_microwave11.smv,Timeout,300.15,290.13
int32_microwave12.smv,Timeout,300.13,290.11
int32_microwave13.smv,Timeout,300.14,290.07
int32_microwave14.smv,Timeout,300.14,290.08
int32_microwave15.smv,Valid,0.49,0.47
int32_microwave16.smv,Valid,0.53,0.50
int32_microwave17.smv,Timeout,300.15,290.13
int32_microwave18.smv,Invalid,31.63,31.61
int32_microwave19.smv,Valid,206.60,206.57
int32_microwave20.smv,Invalid,0.82,0.79
int32_microwave21.smv,Timeout,300.17,290.14
int32_microwave22.smv,Timeout,300.18,290.12
int32_microwave23.smv,Invalid,20.75,20.72
int32_microwave24.smv,Timeout,300.14,290.11
int32_microwave25.smv,Invalid,0.87,0.85
int32_microwave26.smv,Timeout,300.17,290.10
int32_microwave27.smv,Timeout,300.14,290.12
int32_microwave28.smv,Invalid,38.44,38.41
int32_microwave29.smv,Timeout,300.14,290.12
int32_microwave30.smv,Timeout,300.16,290.11
int32_microwave31.smv,Invalid,213.38,213.34
int32_microwave32.smv,Timeout,300.14,290.12
int32_microwave33.smv,Timeout,300.16,290.11
int32_microwave34.smv,Timeout,300.15,290.13
int32_microwave35.smv,Timeout,300.14,290.17
int32_microwave36.smv,Invalid,135.60,135.57
int32_microwave37.smv,Timeout,300.15,290.11
int32_microwave38.smv,Timeout,300.16,290.12
int32_microwave39.smv,Timeout,300.17,290.11
int32_microwave40.smv,Invalid,0.66,0.63
int32_MOESI_1_e2_982_e7_492.smv,Valid,0.63,0.60
int32_MOESI_1_e3_1884_e7_1875.smv,Valid,0.50,0.48
int32_MOESI_1.smv,Valid,0.44,0.42
int32_MOESI_2_e1_1753_e1_1510.smv,Invalid,0.20,0.19
int32_MOESI_2_e1_1753_e2_615.smv,Invalid,0.24,0.21
int32_MOESI_2_e1_1753_e3_2021.smv,Invalid,31.41,31.39
int32_MOESI_2_e1_1753.smv,Timeout,300.15,290.06
int32_MOESI_2_e2_155.smv,Timeout,300.13,290.13
int32_MOESI_2_e2_1599_e1_2383.smv,Invalid,0.20,0.18
int32_MOESI_2_e2_1599_e2_1815.smv,Invalid,0.20,0.18
int32_MOESI_2_e2_1599_e3_1658.smv,Timeout,300.15,290.05
int32_MOESI_2_e2_1599_e8_1334.smv,Timeout,300.16,290.13
int32_MOESI_2_e3_929_e1_2319.smv,Invalid,0.23,0.21
int32_MOESI_2_e3_929_e2_2421.smv,Invalid,0.22,0.20
int32_MOESI_2_e3_929_e3_2294.smv,Invalid,4.67,4.64
int32_MOESI_2_e3_929_e4_578.smv,Timeout,300.13,290.02
int32_MOESI_2_e3_929_e5_1826.smv,Timeout,300.14,290.11
int32_MOESI_2_e3_929_e6_2707.smv,Timeout,300.13,290.06
int32_MOESI_2_e3_929_e7_619.smv,Invalid,0.20,0.19
int32_MOESI_2_e3_929_e8_1167.smv,Timeout,300.14,290.10
int32_MOESI_2_e3_929.smv,Timeout,300.13,290.04
int32_MOESI_2_e7_2607.smv,Invalid,0.20,0.18
int32_MOESI_2_e7_2910_e1_1021.smv,Invalid,0.17,0.15
int32_MOESI_2_e7_2910_e2_611.smv,Invalid,0.19,0.17
int32_MOESI_2_e7_2910_e7_1804.smv,Invalid,0.23,0.20
int32_MOESI_2_e8_101.smv,Timeout,300.13,290.04
int32_MOESI_2_e8_926_e1_1065.smv,Timeout,300.15,290.09
int32_MOESI_2_e8_926_e7_961.smv,Invalid,0.20,0.18
int32_MOESI_2_e8_926_e8_2138.smv,Timeout,300.15,290.08
int32_MOESI_2.smv,Timeout,300.13,290.13
int32_MOESI_all_e3_2032_e3_2788.smv,Invalid,1.23,1.21
int32_MOESI_all.smv,Timeout,300.14,290.11
int32_peterson_1_e7_4234.smv,Timeout,300.15,290.15
int32_peterson_1.smv,Valid,7.54,7.52
int32_peterson_2.smv,Valid,7.38,7.36
int32_peterson_3.smv,Valid,11.22,11.20
int32_peterson_4.smv,Valid,10.05,10.03
int32_peterson_all.smv,Valid,34.13,34.10
int32_peterson_vt.smv,Timeout,300.20,290.12
int32_PRODUCER_CONSUMER_1.smv,Valid,0.31,0.29
int32_PRODUCER_CONSUMER_2.smv,Valid,0.12,0.09
int32_PRODUCER_CONSUMER_3.smv,Valid,0.11,0.09
int32_PRODUCER_CONSUMER_all.smv,Valid,0.16,0.14
int32_PRODUCER_CONSUMER_vt_e2_1352.smv,Timeout,300.14,290.11
int32_PRODUCER_CONSUMER_vt_e3_507.smv,Timeout,300.14,290.08
int32_PRODUCER_CONSUMER_vt_e7_1059_e8_1111.smv,Timeout,300.14,290.11
int32_PRODUCER_CONSUMER_vt.smv,Timeout,300.14,290.11
int32_PRODUCER_CONSUMMER_luke_1.smv,Invalid,0.09,0.07
int32_PRODUCER_CONSUMMER_luke_2_e7_1068_e8_1019.smv,Timeout,300.15,290.12
int32_PRODUCER_CONSUMMER_luke_2.smv,Timeout,300.14,290.08
int32_readwrit.smv,Timeout,300.14,290.14
int32_rtp_10_e7_106_e7_2564.smv,Timeout,300.15,290.13
int32_rtp_10.smv,Valid,1.41,1.39
int32_rtp_1.smv,Valid,0.24,0.22
int32_rtp_2.smv,Valid,0.27,0.25
int32_rtp_3.smv,Valid,1.82,1.79
int32_rtp_4.smv,Valid,0.77,0.75
int32_rtp_5_e7_3972.smv,Timeout,300.23,290.14
int32_rtp_5.smv,Valid,0.52,0.50
int32_rtp_6.smv,Valid,0.73,0.70
int32_rtp_7.smv,Valid,0.96,0.94
int32_rtp_8.smv,Valid,0.83,0.81
int32_rtp_9.smv,Valid,1.42,1.37
int32_rtp_all_e7_2500.smv,Timeout,300.20,290.09
int32_rtp_all.smv,Valid,9.37,9.34
int32_rtp_vt.smv,Valid,39.13,39.10
int32_speed2_e7_223_e7_213.smv,Timeout,300.15,290.10
int32_speed2_e7_223_e8_329.smv,Timeout,300.13,290.11
int32_speed2_e7_496.smv,Timeout,300.13,290.13
int32_speed2_e8_449_e7_353.smv,Timeout,300.13,290.11
int32_speed2_e8_449_e8_517.smv,Valid,0.09,0.07
int32_speed2_e8_449.smv,Valid,0.09,0.07
int32_speed2.smv,Timeout,300.15,290.13
int32_speed_e7_207_e7_538.smv,Valid,0.05,0.03
int32_speed_e7_207_e8_507.smv,Valid,0.05,0.03
int32_speed_e7_207.smv,Valid,0.05,0.03
int32_speed_e8_649_e7_709.smv,Valid,0.05,0.03
int32_speed_e8_649.smv,Valid,0.05,0.03
int32_steam_boiler_no_arr1_e4_23904_e4_2384.smv,Timeout,300.12,290.13
int32_steam_boiler_no_arr1.smv,Timeout,300.14,290.13
int32_steam_boiler_no_arr2_e1_17214_e5_18600.smv,Valid,0.07,0.05
int32_steam_boiler_no_arr2_e3_514_e4_11150.smv,Valid,0.07,0.05
int32_steam_boiler_no_arr2_e6_3003_e4_15091.smv,Valid,0.07,0.05
int32_steam_boiler_no_arr2_e7_12307.smv,Valid,0.07,0.05
int32_steam_boiler_no_arr2_e8_21449_e5_18210.smv,Valid,0.07,0.05
int32_steam_boiler_no_arr2.smv,Valid,0.07,0.05
int32_swimmingpool_1_e7_1621.smv,Timeout,300.17,290.06
int32_swimmingpool_1.smv,Timeout,300.20,290.09
int32_swimmingpool_2.smv,Invalid,0.11,0.09
int32_swimmingpool_3.smv,Invalid,0.79,0.76
int32_swimmingpool_4_e7_2197.smv,Invalid,1.82,1.80
int32_swimmingpool_4.smv,Invalid,2.06,2.03
int32_swimmingpool_5.smv,Invalid,1.90,1.88
int32_swimmingpool_6_e7_10_e7_341.smv,Invalid,12.34,12.31
int32_swimmingpool_6_e7_399.smv,Invalid,14.94,14.92
int32_swimmingpool_6.smv,Invalid,6.67,6.66
int32_swimmingpool_7.smv,Invalid,17.17,17.14
int32_swimmingpool_8.smv,Invalid,16.68,16.65
int32_swimmingpool_9.smv,Invalid,149.03,148.99
int32_SYNAPSE_123_e2_1653.smv,Invalid,0.19,0.17
int32_SYNAPSE_123_e3_302_e1_1141.smv,Invalid,1.04,1.02
int32_SYNAPSE_123_e3_302.smv,Invalid,2.76,2.74
int32_SYNAPSE_123_e7_837_e2_1394.smv,Invalid,0.19,0.17
int32_SYNAPSE_123_e7_837_e3_135.smv,Invalid,3.94,3.91
int32_SYNAPSE_123_e7_837_e7_1262.smv,Timeout,300.13,290.10
int32_SYNAPSE_123_e7_856.smv,Valid,69.55,69.51
int32_SYNAPSE_123_e8_953_e1_1128.smv,Invalid,0.18,0.16
int32_SYNAPSE_123_e8_953_e2_458.smv,Invalid,0.15,0.13
int32_SYNAPSE_123_e8_953_e3_271.smv,Invalid,3.34,3.32
int32_SYNAPSE_123_e8_953_e7_1465.smv,Timeout,300.14,290.11
int32_SYNAPSE_123_e8_953_e8_941.smv,Valid,131.46,131.42
int32_SYNAPSE_123_e8_953.smv,Valid,121.45,121.42
int32_SYNAPSE_123.smv,Valid,148.22,148.18
int32_SYNAPSE_1.smv,Valid,0.11,0.08
int32_SYNAPSE_2_e1_1239_e1_1331.smv,Invalid,0.09,0.08
int32_SYNAPSE_2_e1_1239_e2_74.smv,Invalid,0.13,0.11
int32_SYNAPSE_2_e1_1239.smv,Invalid,0.09,0.08
int32_SYNAPSE_2_e3_216.smv,Invalid,1.69,1.67
int32_SYNAPSE_2_e8_1118_e1_667.smv,Invalid,0.12,0.10
int32_SYNAPSE_2_e8_1118_e2_237.smv,Invalid,0.10,0.09
int32_SYNAPSE_2_e8_1118_e3_1216.smv,Invalid,0.68,0.66
int32_SYNAPSE_2_e8_1118_e7_1043.smv,Valid,81.58,81.56
int32_SYNAPSE_2_e8_1118_e8_1177.smv,Valid,143.06,143.01
int32_SYNAPSE_2_e8_656.smv,Valid,97.30,97.24
int32_SYNAPSE_2.smv,Valid,66.85,66.82
int32_SYNAPSE_3_e1_1416_e1_1675.smv,Invalid,0.15,0.13
int32_SYNAPSE_3_e1_1416_e2_753.smv,Invalid,0.14,0.11
int32_SYNAPSE_3_e1_1416_e3_1191.smv,Invalid,0.14,0.11
int32_SYNAPSE_3_e1_1416_e7_193.smv,Invalid,0.17,0.15
int32_SYNAPSE_3_e1_1416.smv,Invalid,0.14,0.11
int32_SYNAPSE_3_e3_1041.smv,Invalid,1.99,1.96
int32_SYNAPSE_3_e7_1444_e7_638.smv,Valid,94.46,94.43
int32_SYNAPSE_3_e7_425.smv,Valid,188.41,188.32
int32_SYNAPSE_3_e8_1329_e1_1270.smv,Invalid,0.12,0.09
int32_SYNAPSE_3_e8_1329_e2_236.smv,Invalid,0.10,0.08
int32_SYNAPSE_3_e8_1329_e3_421.smv,Invalid,10.81,10.80
int32_SYNAPSE_3_e8_1329_e7_1062.smv,Valid,62.53,62.48
int32_SYNAPSE_3_e8_1329_e8_320.smv,Valid,229.85,229.81
int32_SYNAPSE_3_e8_1708.smv,Valid,139.85,139.79
int32_SYNAPSE_3.smv,Valid,78.89,78.86
int32_SYNAPSE_4_e8_420_e7_572.smv,Valid,0.22,0.19
int32_SYNAPSE_4_e8_420_e8_1525.smv,Valid,0.20,0.18
int32_SYNAPSE_4_e8_974.smv,Valid,0.24,0.21
int32_SYNAPSE_4.smv,Valid,0.21,0.19
int32_SYNAPSE_5_e1_811_e1_823.smv,Invalid,0.75,0.73
int32_SYNAPSE_5_e1_811_e2_1026.smv,Invalid,1.10,1.07
int32_SYNAPSE_5_e1_811.smv,Invalid,0.53,0.51
int32_SYNAPSE_5_e2_1525.smv,Timeout,300.14,290.07
int32_SYNAPSE_5.smv,Timeout,300.13,290.09
int32_SYNAPSE_6_e2_1439_e1_954.smv,Timeout,300.14,290.09
int32_SYNAPSE_6_e3_1666_e5_1558.smv,Timeout,300.14,290.12
int32_SYNAPSE_6_e7_938_e2_1012.smv,Timeout,300.13,290.07
int32_SYNAPSE_6_e8_1147_e2_1326.smv,Timeout,300.15,290.12
int32_SYNAPSE_6.smv,Timeout,300.13,290.12
int32_SYNAPSE_all_e3_1750.smv,Invalid,5.71,5.69
int32_SYNAPSE_all_e3_1864_e3_495.smv,Invalid,5.49,5.47
int32_SYNAPSE_all_e3_1864_e4_34.smv,Invalid,0.18,0.16
int32_SYNAPSE_all_e3_1864_e5_1637.smv,Invalid,0.25,0.23
int32_SYNAPSE_all_e3_1864_e7_251.smv,Invalid,5.21,5.19
int32_SYNAPSE_all_e7_907_e7_1363.smv,Valid,107.13,107.11
int32_SYNAPSE_all_e7_907.smv,Valid,72.15,72.09
int32_SYNAPSE_all_e8_251_e1_1852.smv,Invalid,0.12,0.10
int32_SYNAPSE_all_e8_251_e2_1053.smv,Invalid,0.13,0.11
int32_SYNAPSE_all_e8_251_e3_1472.smv,Invalid,4.93,4.91
int32_SYNAPSE_all_e8_251.smv,Valid,117.61,117.58
int32_SYNAPSE_all.smv,Timeout,300.14,290.10
int32_SYNAPSE_i1.smv,Invalid,0.09,0.07
int32_ticket3i_1_e7_1669.smv,Valid,0.37,0.35
int32_ticket3i_1.smv,Valid,0.39,0.37
int32_ticket3i_2.smv,Invalid,8.02,7.99
int32_ticket3i_3_e7_1312_e7_1495.smv,Invalid,0.15,0.13
int32_ticket3i_3_e7_1312_e8_1916.smv,Invalid,0.17,0.15
int32_ticket3i_3_e7_99.smv,Invalid,0.15,0.13
int32_ticket3i_3_e8_1703_e7_3491.smv,Invalid,0.15,0.13
int32_ticket3i_3_e8_1703_e8_2560.smv,Invalid,0.15,0.13
int32_ticket3i_3_e8_1703.smv,Invalid,0.17,0.15
int32_ticket3i_3.smv,Invalid,0.15,0.12
int32_ticket3i_4_e7_1775_e7_3320.smv,Valid,0.27,0.25
int32_ticket3i_4.smv,Valid,0.25,0.23
int32_ticket3i_5_e7_3307.smv,Valid,0.28,0.26
int32_ticket3i_5.smv,Valid,0.31,0.29
int32_ticket3i_6_e7_1096_e7_2688.smv,Valid,0.30,0.28
int32_ticket3i_6.smv,Valid,0.26,0.24
int32_ticket3i_7_e1_2192_e1_1852.smv,Valid,0.58,0.56
int32_ticket3i_7_e2_2724_e7_524.smv,Valid,0.61,0.59
int32_ticket3i_7_e3_59_e7_2122.smv,Valid,0.60,0.58
int32_ticket3i_7_e7_3176_e1_2924.smv,Valid,0.66,0.62
int32_ticket3i_7_e7_3176.smv,Valid,0.62,0.60
int32_ticket3i_7_e8_2126_e7_78.smv,Valid,0.64,0.62
int32_ticket3i_7.smv,Valid,0.52,0.49
int32_ticket3i_all_e1_2706_e7_1776.smv,Valid,0.61,0.59
int32_ticket3i_all_e2_1117_e7_553.smv,Valid,0.82,0.80
int32_ticket3i_all_e3_557_e7_3464.smv,Valid,0.77,0.75
int32_ticket3i_all_e7_591.smv,Valid,0.84,0.82
int32_ticket3i_all_e8_505_e7_2450.smv,Valid,0.78,0.76
int32_ticket3i_all.smv,Valid,1.01,0.99
int32_traffic_e7_46_e7_171.smv,Invalid,0.06,0.03
int32_traffic_e7_46.smv,Invalid,0.05,0.03
int32_traffic.smv,Valid,0.12,0.10
int32_twisted_counters.smv,Valid,0.21,0.19
int32_two_counters_e1_268.smv,Invalid,0.04,0.02
int32_two_counters_e2_3.smv,Invalid,0.05,0.03
int32_two_counters_e3_325.smv,Invalid,0.06,0.04
int32_two_counters_e7_222.smv,Invalid,0.04,0.02
int32_two_counters.smv,Valid,0.06,0.05
MESI_1_e2_162_e7_1545.smv,Valid,0.05,0.03
MESI_1.smv,Valid,0.05,0.03
MESI_2.smv,Valid,0.05,0.04
MESI_3_e1_2517_e8_2163.smv,Valid,0.13,0.12
MESI_3_e2_819_e1_1145.smv,Valid,0.15,0.13
MESI_3_e2_819_e2_562.smv,Invalid,0.06,0.04
MESI_3_e2_819_e3_2698.smv,Invalid,0.06,0.04
MESI_3_e2_819_e4_1595.smv,Valid,0.13,0.11
MESI_3_e2_819_e5_2554.smv,Invalid,0.06,0.03
MESI_3_e2_819_e6_1459.smv,Valid,0.14,0.12
MESI_3_e2_819_e7_1665.smv,Invalid,0.06,0.04
MESI_3_e2_819_e8_1896.smv,Invalid,0.06,0.04
MESI_3_e2_819.smv,Invalid,0.06,0.04
MESI_3_e3_2669.smv,Valid,0.11,0.09
MESI_3.smv,Valid,0.15,0.12
MESI_4_e7_1140_e7_433.smv,Valid,0.05,0.03
MESI_4.smv,Valid,0.05,0.03
MESI_all_e4_1147_e7_497.smv,Valid,0.07,0.04
MESI_all.smv,Valid,0.07,0.05
MESI_i1_e2_1758_e8_12.smv,Invalid,0.05,0.03
MESI_i1_e2_2656.smv,Invalid,0.06,0.03
MESI_i1_e3_2145_e1_2667.smv,Invalid,0.05,0.03
MESI_i1_e3_2145_e2_2228.smv,Invalid,0.05,0.03
MESI_i1_e3_2145_e3_977.smv,Invalid,0.06,0.04
MESI_i1_e3_2145_e4_1717.smv,Invalid,0.05,0.03
MESI_i1_e3_2145_e5_2391.smv,Invalid,0.03,0.01
MESI_i1_e3_2145_e7_1847.smv,Invalid,0.05,0.03
MESI_i1_e3_2145_e8_2325.smv,Invalid,0.05,0.04
MESI_i1_e3_2145.smv,Invalid,0.05,0.03
MESI_i1_e4_1986_e1_1519.smv,Invalid,0.11,0.09
MESI_i1_e4_1986.smv,Invalid,0.05,0.03
MESI_i1.smv,Invalid,0.05,0.03
MESI_i2.smv,Invalid,0.13,0.11
MESI_i3_e1_447_e1_1292.smv,Valid,0.21,0.18
MESI_i3_e1_447_e2_1098.smv,Invalid,0.05,0.03
MESI_i3_e1_447_e3_1180.smv,Valid,0.15,0.13
MESI_i3_e1_447_e5_2444.smv,Invalid,0.05,0.03
MESI_i3_e1_447_e6_2281.smv,Valid,0.22,0.20
MESI_i3_e1_447_e7_2194.smv,Invalid,0.18,0.16
MESI_i3_e1_447.smv,Invalid,0.18,0.16
MESI_i3.smv,Invalid,0.05,0.03
MESI_i4_e4_1689.smv,Invalid,0.23,0.21
MESI_i4_e6_2175.smv,Valid,1.22,1.20
MESI_i4_e7_1017_e6_1132.smv,Valid,0.96,0.94
MESI_i4_e8_1381_e1_1837.smv,Invalid,0.25,0.23
MESI_i4_e8_1381_e4_313.smv,Invalid,0.26,0.24
MESI_i4.smv,Invalid,0.22,0.20
metros_1_e1_846_e1_1317.smv,Valid,0.08,0.06
metros_1_e1_846_e2_1394.smv,Valid,0.09,0.06
metros_1_e1_846_e3_1060.smv,Valid,0.08,0.07
metros_1_e1_846_e7_397.smv,Valid,5.47,5.45
metros_1_e2_1102_e1_317.smv,Valid,0.09,0.06
metros_1_e2_1102_e2_943.smv,Valid,0.08,0.05
metros_1_e2_1102_e3_961.smv,Valid,0.09,0.07
metros_1_e2_1102_e7_1163.smv,Valid,0.89,0.87
metros_1_e2_627.smv,Valid,0.08,0.07
metros_1_e7_1255_e7_12.smv,Valid,0.59,0.57
metros_1_e7_606.smv,Valid,4.74,4.72
metros_1_e8_725_e1_919.smv,Valid,0.05,0.03
metros_1_e8_725_e2_1144.smv,Valid,0.04,0.02
metros_1_e8_725_e3_556.smv,Valid,0.05,0.03
metros_1_e8_725.smv,Valid,0.05,0.03
metros_1.smv,Valid,0.09,0.07
metros_2_e1_1116_e1_556.smv,Invalid,1.07,1.05
metros_2_e1_1116_e2_617.smv,Valid,0.12,0.10
metros_2_e1_1116_e3_287.smv,Invalid,0.53,0.51
metros_2_e1_1116_e7_1440.smv,Invalid,1.19,1.16
metros_2_e1_190.smv,Valid,2.43,2.40
metros_2_e2_704_e1_389.smv,Invalid,0.90,0.89
metros_2_e2_704_e2_13.smv,Valid,0.13,0.11
metros_2_e2_704_e3_76.smv,Invalid,0.36,0.35
metros_2_e2_704_e7_810.smv,Invalid,1.07,1.05
metros_2_e2_968.smv,Invalid,4.57,4.55
metros_2_e3_112.smv,Invalid,1.61,1.59
metros_2.smv,Valid,51.33,51.32
metros_3_e3_1275_e1_1350.smv,Invalid,3.72,3.70
metros_3_e3_1275_e2_454.smv,Valid,0.06,0.04
metros_3_e3_1275_e3_640.smv,Valid,0.06,0.04
metros_3_e3_1275_e4_164.smv,Invalid,15.17,15.15
metros_3_e3_1275_e5_846.smv,Invalid,10.55,10.53
metros_3_e3_1275_e6_1315.smv,Timeout,300.16,290.10
metros_3_e3_1275_e7_529.smv,Invalid,14.17,14.15
metros_3_e3_1275.smv,Invalid,12.68,12.64
metros_3_e4_987_e1_1115.smv,Timeout,300.19,290.11
metros_3_e4_987_e2_80.smv,Invalid,15.88,15.86
metros_3_e4_987_e3_291.smv,Invalid,11.03,11.01
metros_3_e4_987.smv,Timeout,300.16,290.06
metros_3.smv,Timeout,300.15,290.03
metros_4_e1_821_e5_911.smv,Timeout,300.16,290.15
metros_4_e1_917.smv,Timeout,300.23,290.08
metros_4_e2_968_e1_956.smv,Invalid,4.05,1.98
metros_4_e2_968_e2_1166.smv,Valid,0.06,0.04
metros_4_e2_968_e3_931.smv,Valid,0.07,0.04
metros_4_e2_968_e4_801.smv,Invalid,5.77,5.75
metros_4_e2_968_e5_991.smv,Invalid,7.33,7.31
metros_4_e2_968_e6_236.smv,Invalid,1.44,1.42
metros_4_e2_968_e7_860.smv,Invalid,4.70,4.68
metros_4_e2_968.smv,Invalid,5.90,5.88
metros_4_e3_1025.smv,Invalid,6.12,6.10
metros_4_e3_1091_e1_1044.smv,Invalid,2.13,2.10
metros_4_e3_1091_e2_1317.smv,Valid,0.06,0.04
metros_4_e3_1091_e3_522.smv,Valid,0.07,0.04
metros_4_e3_1091_e4_232.smv,Invalid,5.93,5.90
metros_4_e5_1150.smv,Timeout,300.18,290.10
metros_4.smv,Timeout,300.18,290.02
metros_5_e4_1208_e1_337.smv,Timeout,300.17,290.09
metros_5.smv,Timeout,300.15,290.08
microwave01.smv,Valid,5.29,5.27
microwave02.smv,Valid,0.11,0.09
microwave03.smv,Valid,0.12,0.09
microwave04.smv,Valid,0.11,0.08
microwave05.smv,Valid,10.30,10.28
microwave06.smv,Timeout,300.15,287.73
microwave07.smv,Timeout,300.15,290.05
microwave08.smv,Timeout,300.14,290.13
microwave09.smv,Timeout,300.17,289.39
microwave10.smv,Valid,3.36,3.34
microwave11.smv,Timeout,300.16,290.08
microwave12.smv,Valid,3.94,3.92
microwave13.smv,Valid,2.99,2.96
microwave14.smv,Invalid,5.62,5.60
microwave15.smv,Valid,0.10,0.08
microwave16.smv,Valid,0.09,0.08
microwave17.smv,Valid,4.20,4.18
microwave18.smv,Invalid,1.45,1.42
microwave19.smv,Valid,4.32,4.29
microwave20.smv,Invalid,0.11,0.10
microwave21.smv,Invalid,0.10,0.08
microwave22.smv,Valid,4.61,4.59
microwave23.smv,Valid,0.10,0.08
microwave24.smv,Valid,0.10,0.08
microwave25.smv,Valid,0.27,0.26
microwave26.smv,Error,0.05,0.03
microwave27.smv,Valid,0.31,0.29
microwave28.smv,Valid,0.10,0.08
microwave29.smv,Valid,0.10,0.08
microwave30.smv,Valid,0.10,0.08
microwave31.smv,Invalid,5.76,5.75
microwave32.smv,Invalid,5.26,5.23
microwave33.smv,Invalid,6.32,6.30
microwave34.smv,Invalid,5.34,5.32
microwave35.smv,Invalid,5.93,5.91
microwave36.smv,Invalid,5.60,5.57
microwave37.smv,Invalid,5.32,5.30
microwave38.smv,Invalid,4.87,4.85
microwave39.smv,Invalid,4.77,4.74
microwave40.smv,Valid,0.33,0.31
Mode_Logic.kind__100.smv,Invalid,0.72,0.70
Mode_Logic.kind__101.smv,Invalid,0.74,0.72
Mode_Logic.kind__102.smv,Invalid,0.74,0.72
Mode_Logic.kind__103.smv,Invalid,0.75,0.73
Mode_Logic.kind__104.smv,Invalid,0.75,0.73
Mode_Logic.kind__105.smv,Invalid,0.75,0.73
Mode_Logic.kind__106.smv,Invalid,0.74,0.72
Mode_Logic.kind__107.smv,Invalid,0.74,0.72
Mode_Logic.kind__108.smv,Invalid,0.75,0.72
Mode_Logic.kind__109.smv,Invalid,0.74,0.72
Mode_Logic.kind__10.smv,Invalid,0.74,0.72
Mode_Logic.kind__110.smv,Invalid,0.75,0.73
Mode_Logic.kind__111.smv,Invalid,0.74,0.71
Mode_Logic.kind__112.smv,Invalid,0.75,0.72
Mode_Logic.kind__113.smv,Invalid,0.73,0.70
Mode_Logic.kind__114.smv,Invalid,0.77,0.75
Mode_Logic.kind__115.smv,Invalid,0.73,0.71
Mode_Logic.kind__116.smv,Invalid,0.74,0.72
Mode_Logic.kind__117.smv,Invalid,0.74,0.71
Mode_Logic.kind__118.smv,Invalid,0.75,0.72
Mode_Logic.kind__11.smv,Invalid,0.75,0.72
Mode_Logic.kind__12.smv,Invalid,0.74,0.71
Mode_Logic.kind__13.smv,Invalid,0.74,0.72
Mode_Logic.kind__14.smv,Invalid,0.75,0.73
Mode_Logic.kind__15.smv,Invalid,0.74,0.72
Mode_Logic.kind__16.smv,Invalid,0.74,0.71
Mode_Logic.kind__17.smv,Invalid,0.74,0.72
Mode_Logic.kind__18.smv,Invalid,0.75,0.73
Mode_Logic.kind__19.smv,Invalid,0.76,0.74
Mode_Logic.kind__1.smv,Invalid,0.75,0.73
Mode_Logic.kind__20.smv,Invalid,0.78,0.76
Mode_Logic.kind__21.smv,Invalid,0.74,0.72
Mode_Logic.kind__22.smv,Invalid,0.74,0.71
Mode_Logic.kind__23.smv,Invalid,0.73,0.70
Mode_Logic.kind__24.smv,Invalid,0.74,0.72
Mode_Logic.kind__25.smv,Invalid,0.75,0.72
Mode_Logic.kind__26.smv,Invalid,0.75,0.72
Mode_Logic.kind__27.smv,Invalid,0.71,0.69
Mode_Logic.kind__28.smv,Invalid,0.74,0.72
Mode_Logic.kind__29.smv,Invalid,0.74,0.72
Mode_Logic.kind__2.smv,Invalid,0.75,0.73
Mode_Logic.kind__30.smv,Invalid,0.74,0.72
Mode_Logic.kind__31.smv,Invalid,0.75,0.73
Mode_Logic.kind__32.smv,Invalid,0.73,0.71
Mode_Logic.kind__33.smv,Invalid,0.74,0.72
Mode_Logic.kind__34.smv,Invalid,0.74,0.72
Mode_Logic.kind__35.smv,Invalid,0.74,0.72
Mode_Logic.kind__36.smv,Invalid,0.74,0.71
Mode_Logic.kind__37.smv,Invalid,0.74,0.71
Mode_Logic.kind__38.smv,Invalid,0.74,0.72
Mode_Logic.kind__39.smv,Invalid,0.74,0.72
Mode_Logic.kind__3.smv,Invalid,0.74,0.71
Mode_Logic.kind__40.smv,Invalid,0.73,0.71
Mode_Logic.kind__41.smv,Invalid,0.74,0.72
Mode_Logic.kind__42.smv,Invalid,0.74,0.72
Mode_Logic.kind__43.smv,Invalid,0.71,0.69
Mode_Logic.kind__44.smv,Invalid,0.75,0.73
Mode_Logic.kind__45.smv,Invalid,0.75,0.72
Mode_Logic.kind__46.smv,Invalid,0.74,0.72
Mode_Logic.kind__47.smv,Invalid,0.75,0.72
Mode_Logic.kind__48.smv,Invalid,0.74,0.71
Mode_Logic.kind__49.smv,Invalid,0.74,0.72
Mode_Logic.kind__4.smv,Invalid,0.74,0.72
Mode_Logic.kind__50.smv,Invalid,0.75,0.72
Mode_Logic.kind__51.smv,Invalid,0.75,0.73
Mode_Logic.kind__52.smv,Invalid,0.75,0.74
Mode_Logic.kind__53.smv,Invalid,0.75,0.73
Mode_Logic.kind__54.smv,Invalid,0.75,0.73
Mode_Logic.kind__55.smv,Invalid,0.77,0.75
Mode_Logic.kind__56.smv,Invalid,0.75,0.73
Mode_Logic.kind__57.smv,Invalid,0.74,0.72
Mode_Logic.kind__58.smv,Invalid,0.81,0.79
Mode_Logic.kind__59.smv,Invalid,0.73,0.71
Mode_Logic.kind__5.smv,Invalid,0.75,0.73
Mode_Logic.kind__60.smv,Invalid,0.77,0.75
Mode_Logic.kind__61.smv,Invalid,0.76,0.74
Mode_Logic.kind__62.smv,Invalid,0.75,0.73
Mode_Logic.kind__63.smv,Invalid,0.75,0.73
Mode_Logic.kind__64.smv,Invalid,0.74,0.72
Mode_Logic.kind__65.smv,Invalid,0.77,0.74
Mode_Logic.kind__66.smv,Invalid,0.77,0.75
Mode_Logic.kind__67.smv,Invalid,0.75,0.73
Mode_Logic.kind__68.smv,Invalid,0.74,0.72
Mode_Logic.kind__69.smv,Invalid,0.73,0.72
Mode_Logic.kind__6.smv,Invalid,0.74,0.73
Mode_Logic.kind__70.smv,Invalid,0.77,0.74
Mode_Logic.kind__71.smv,Invalid,0.74,0.72
Mode_Logic.kind__72.smv,Invalid,0.74,0.72
Mode_Logic.kind__73.smv,Invalid,0.74,0.72
Mode_Logic.kind__74.smv,Invalid,0.74,0.72
Mode_Logic.kind__75.smv,Invalid,0.74,0.72
Mode_Logic.kind__76.smv,Invalid,0.75,0.73
Mode_Logic.kind__77.smv,Invalid,0.74,0.72
Mode_Logic.kind__78.smv,Invalid,0.73,0.71
Mode_Logic.kind__79.smv,Invalid,0.77,0.75
Mode_Logic.kind__7.smv,Invalid,0.75,0.72
Mode_Logic.kind__80.smv,Invalid,0.75,0.72
Mode_Logic.kind__81.smv,Invalid,0.74,0.72
Mode_Logic.kind__82.smv,Invalid,0.75,0.73
Mode_Logic.kind__83.smv,Invalid,0.74,0.72
Mode_Logic.kind__84.smv,Invalid,0.74,0.72
Mode_Logic.kind__85.smv,Invalid,0.75,0.73
Mode_Logic.kind__86.smv,Invalid,0.74,0.72
Mode_Logic.kind__87.smv,Invalid,0.75,0.72
Mode_Logic.kind__88.smv,Invalid,0.74,0.72
Mode_Logic.kind__89.smv,Invalid,0.74,0.72
Mode_Logic.kind__8.smv,Invalid,0.73,0.71
Mode_Logic.kind__90.smv,Invalid,0.74,0.72
Mode_Logic.kind__91.smv,Invalid,0.74,0.72
Mode_Logic.kind__92.smv,Invalid,0.74,0.72
Mode_Logic.kind__93.smv,Invalid,0.73,0.71
Mode_Logic.kind__94.smv,Invalid,0.74,0.72
Mode_Logic.kind__95.smv,Invalid,0.75,0.73
Mode_Logic.kind__96.smv,Invalid,0.72,0.70
Mode_Logic.kind__97.smv,Invalid,0.74,0.72
Mode_Logic.kind__98.smv,Invalid,0.74,0.72
Mode_Logic.kind__99.smv,Invalid,0.77,0.74
Mode_Logic.kind__9.smv,Invalid,0.74,0.72
Mode_Logic.kind.smv,Invalid,0.75,0.73
MOESI_1_e2_982_e7_492.smv,Valid,0.09,0.07
MOESI_1_e3_1884_e7_1875.smv,Valid,0.10,0.08
MOESI_1.smv,Valid,0.10,0.08
MOESI_2_e1_1753_e1_1510.smv,Invalid,0.06,0.04
MOESI_2_e1_1753_e2_615.smv,Invalid,0.06,0.04
MOESI_2_e1_1753_e3_2021.smv,Invalid,0.23,0.21
MOESI_2_e1_1753.smv,Valid,0.07,0.05
MOESI_2_e2_155.smv,Valid,0.07,0.05
MOESI_2_e2_1599_e1_2383.smv,Invalid,0.04,0.02
MOESI_2_e2_1599_e2_1815.smv,Invalid,0.06,0.03
MOESI_2_e2_1599_e3_1658.smv,Invalid,0.12,0.09
MOESI_2_e2_1599_e8_1334.smv,Valid,0.07,0.05
MOESI_2_e3_929_e1_2319.smv,Invalid,0.06,0.03
MOESI_2_e3_929_e2_2421.smv,Invalid,0.06,0.04
MOESI_2_e3_929_e3_2294.smv,Invalid,0.11,0.09
MOESI_2_e3_929_e4_578.smv,Valid,0.06,0.04
MOESI_2_e3_929_e5_1826.smv,Valid,0.07,0.04
MOESI_2_e3_929_e6_2707.smv,Valid,0.06,0.05
MOESI_2_e3_929_e7_619.smv,Invalid,0.05,0.03
MOESI_2_e3_929_e8_1167.smv,Valid,0.07,0.04
MOESI_2_e3_929.smv,Valid,0.06,0.05
MOESI_2_e7_2607.smv,Invalid,0.06,0.04
MOESI_2_e7_2910_e1_1021.smv,Invalid,0.06,0.04
MOESI_2_e7_2910_e2_611.smv,Invalid,0.06,0.03
MOESI_2_e7_2910_e7_1804.smv,Invalid,0.06,0.03
MOESI_2_e8_101.smv,Valid,0.07,0.05
MOESI_2_e8_926_e1_1065.smv,Valid,0.07,0.05
MOESI_2_e8_926_e7_961.smv,Invalid,0.06,0.04
MOESI_2_e8_926_e8_2138.smv,Valid,0.07,0.05
MOESI_2.smv,Valid,0.06,0.04
MOESI_all_e3_2032_e3_2788.smv,Invalid,0.10,0.08
MOESI_all.smv,Valid,0.13,0.11
MultipleFanInToEventPort__1.smv,Valid,0.05,0.03
MultipleFanInToEventPort__2.smv,Valid,0.04,0.02
MultipleFanInToEventPort__3.smv,Valid,0.14,0.12
MultipleFanInToEventPort.smv,Valid,0.14,0.12
MultipleFanInToPort__1.smv,Valid,0.05,0.03
MultipleFanInToPort__2.smv,Valid,0.06,0.04
MultipleFanInToPort.smv,Valid,0.06,0.04
peterson_1_e7_4234.smv,Valid,0.13,0.10
peterson_1.smv,Valid,0.13,0.11
peterson_2.smv,Valid,0.13,0.11
peterson_3.smv,Valid,0.14,0.12
peterson_4.smv,Valid,0.12,0.10
peterson_all.smv,Valid,0.28,0.26
peterson_vt.smv,Invalid,8.64,8.61
PRODUCER_CONSUMER_1.smv,Valid,0.05,0.03
PRODUCER_CONSUMER_2.smv,Valid,0.05,0.03
PRODUCER_CONSUMER_3.smv,Valid,0.05,0.03
PRODUCER_CONSUMER_all.smv,Valid,0.05,0.03
PRODUCER_CONSUMER_vt_e2_1352.smv,Timeout,300.14,290.10
PRODUCER_CONSUMER_vt_e3_507.smv,Timeout,300.12,290.10
PRODUCER_CONSUMER_vt_e7_1059_e8_1111.smv,Timeout,300.13,290.09
PRODUCER_CONSUMER_vt.smv,Timeout,300.13,290.09
PRODUCER_CONSUMMER_luke_1.smv,Invalid,0.05,0.03
PRODUCER_CONSUMMER_luke_2_e7_1068_e8_1019.smv,Timeout,300.13,290.11
PRODUCER_CONSUMMER_luke_2.smv,Timeout,300.14,290.07
production_cell_e7_207_e7_41.smv,Invalid,0.05,0.02
production_cell_e7_207_e8_241.smv,Valid,0.08,0.06
production_cell_e7_21.smv,Invalid,0.04,0.03
production_cell_e8_6_e7_651.smv,Invalid,0.05,0.02
production_cell_e8_6_e8_427.smv,Invalid,0.05,0.03
production_cell_e8_6.smv,Valid,0.07,0.05
production_cell.smv,Valid,0.08,0.06
QuasiTest__10.smv,Valid,0.04,0.02
QuasiTest__1.smv,Valid,0.04,0.02
QuasiTest__2.smv,Valid,0.05,0.03
QuasiTest__3.smv,Valid,0.04,0.02
QuasiTest__4.smv,Valid,0.04,0.02
QuasiTest__5.smv,Valid,0.04,0.02
QuasiTest__6.smv,Valid,0.04,0.02
QuasiTest__7.smv,Valid,0.04,0.02
QuasiTest__8.smv,Valid,0.04,0.02
QuasiTest__9.smv,Valid,0.04,0.02
QuasiTest.smv,Valid,0.11,0.09
readwrit.smv,Valid,0.11,0.10
reconfiguration_large_bound.smv,Valid,251.82,251.69
reconfiguration_large.smv,Valid,199.75,199.64
reconfiguration_medium_bounds.smv,Valid,30.62,30.59
reconfiguration_medium.smv,Valid,13.67,13.64
reconfiguration_small_bounds.smv,Valid,9.40,9.37
reconfiguration_small.smv,Valid,8.65,8.63
relatedCounters_large_bounds.smv,Timeout,300.17,290.09
relatedCounters_large.smv,Timeout,300.15,290.03
relatedCounters_medium_bounds.smv,Valid,14.77,14.75
relatedCounters_medium.smv,Valid,11.46,11.44
relatedCounters_small_bounds.smv,Valid,0.40,0.38
relatedCounters_small.smv,Valid,0.37,0.34
rtp_10_e7_106_e7_2564.smv,Valid,0.07,0.05
rtp_10.smv,Valid,0.07,0.05
rtp_1.smv,Valid,0.07,0.05
rtp_2.smv,Valid,0.08,0.07
rtp_3.smv,Valid,0.07,0.05
rtp_4.smv,Valid,0.07,0.04
rtp_5_e7_3972.smv,Valid,0.07,0.05
rtp_5.smv,Valid,0.07,0.05
rtp_6.smv,Valid,0.07,0.05
rtp_7.smv,Valid,0.07,0.05
rtp_8.smv,Valid,0.07,0.04
rtp_9.smv,Valid,0.07,0.04
rtp_all_e7_2500.smv,Valid,0.26,0.24
rtp_all.smv,Valid,0.26,0.25
rtp_vt.smv,Valid,4.42,4.40
Sentinel__1.smv,Error,0.03,0.01
Sentinel__2.smv,Error,0.03,0.01
Sentinel__3.smv,Error,0.03,0.01
Sentinel.smv,Error,0.03,0.02
speed2_e7_223_e7_213.smv,Valid,0.05,0.03
speed2_e7_223_e8_329.smv,Valid,0.06,0.04
speed2_e7_496.smv,Valid,0.06,0.04
speed2_e8_449_e7_353.smv,Valid,0.06,0.04
speed2_e8_449_e8_517.smv,Valid,0.05,0.03
speed2_e8_449.smv,Valid,0.05,0.03
speed2.smv,Valid,0.06,0.04
speed_e7_207_e7_538.smv,Valid,0.04,0.02
speed_e7_207_e8_507.smv,Valid,0.04,0.02
speed_e7_207.smv,Valid,0.04,0.02
speed_e8_649_e7_709.smv,Valid,0.04,0.02
speed_e8_649.smv,Valid,0.04,0.02
stalmark_e7_27_e7_31.smv,Valid,0.03,0.01
stalmark_e7_27.smv,Valid,0.02,0.01
stalmark_e7_76.smv,Valid,0.04,0.02
stalmark_e8_48.smv,Invalid,0.04,0.01
stalmark_e8_64_e7_80.smv,Invalid,0.04,0.01
stalmark_e8_64_e8_207.smv,Invalid,0.04,0.02
stalmark.smv,Valid,0.04,0.02
steam_boiler_no_arr1_e4_23904_e4_2384.smv,Timeout,300.14,290.15
steam_boiler_no_arr1.smv,Timeout,300.15,290.15
steam_boiler_no_arr2_e1_17214_e5_18600.smv,Valid,0.05,0.03
steam_boiler_no_arr2_e3_514_e4_11150.smv,Valid,0.05,0.03
steam_boiler_no_arr2_e6_3003_e4_15091.smv,Valid,0.05,0.03
steam_boiler_no_arr2_e7_12307.smv,Valid,0.05,0.03
steam_boiler_no_arr2_e8_21449_e5_18210.smv,Valid,0.06,0.04
steam_boiler_no_arr2.smv,Valid,0.05,0.03
SW_1__1.smv,Valid,0.09,0.07
SW_1__2.smv,Invalid,0.10,0.08
SW_1__3.smv,Valid,0.12,0.10
SW_1__4.smv,Invalid,0.10,0.08
SW_1__5.smv,Valid,0.12,0.09
SW__1.smv,Valid,0.17,0.15
SW_1.smv:3:2:0:0.26,0.24
SW2__1.smv,Valid,0.16,0.15
SW2__2.smv,Valid,0.26,0.24
SW2__3.smv,Valid,0.29,0.27
SW2__4.smv,Valid,0.27,0.25
SW2__5.smv,Valid,0.36,0.34
SW2__6.smv,Valid,0.35,0.33
SW2__7.smv,Valid,0.40,0.37
SW2__8.smv,Valid,0.42,0.40
SW__2.smv,Valid,0.27,0.25
SW2.smv,Valid,1.80,1.78
SW__3.smv,Valid,0.27,0.25
SW__4.smv,Valid,0.36,0.35
SW__5.smv,Valid,0.35,0.33
SW__6.smv,Valid,0.41,0.38
SW__7.smv,Valid,0.39,0.37
swimmingpool_1_e7_1621.smv,Invalid,0.17,0.15
swimmingpool_1.smv,Invalid,1.36,1.34
swimmingpool_2.smv,Invalid,0.05,0.03
swimmingpool_3.smv,Invalid,0.11,0.09
swimmingpool_4_e7_2197.smv,Invalid,0.19,0.17
swimmingpool_4.smv,Invalid,0.16,0.14
swimmingpool_5.smv,Invalid,0.19,0.17
swimmingpool_6_e7_10_e7_341.smv,Invalid,0.79,0.77
swimmingpool_6_e7_399.smv,Invalid,0.39,0.37
swimmingpool_6.smv,Invalid,0.40,0.38
swimmingpool_7.smv,Invalid,1.06,1.04
swimmingpool_8.smv,Invalid,4.47,4.45
swimmingpool_9.smv,Invalid,9.18,9.15
switch2.smv,Invalid,0.04,0.02
switch.smv,Invalid,0.04,0.02
SW_props_no_lits__1.smv,Timeout,0.66,0.04
SW_props_no_lits__2.smv,Timeout,0.68,0.04
SW_props_no_lits__3.smv,Timeout,0.71,0.05
SW_props_no_lits__4.smv,Timeout,0.05,0.00
SW_props_no_lits__5.smv,Timeout,0.65,0.04
SW_props_no_lits__6.smv,Timeout,0.70,0.04
SW_props_no_lits.smv,Timeout,0.67,0.04
SW.smv,Valid,1.59,1.57
SYNAPSE_123_e2_1653.smv,Invalid,0.05,0.03
SYNAPSE_123_e3_302_e1_1141.smv,Invalid,0.13,0.11
SYNAPSE_123_e3_302.smv,Invalid,0.15,0.13
SYNAPSE_123_e7_837_e2_1394.smv,Invalid,0.05,0.03
SYNAPSE_123_e7_837_e3_135.smv,Invalid,0.16,0.13
SYNAPSE_123_e7_837_e7_1262.smv,Valid,0.09,0.07
SYNAPSE_123_e7_856.smv,Valid,0.09,0.08
SYNAPSE_123_e8_953_e1_1128.smv,Invalid,0.06,0.03
SYNAPSE_123_e8_953_e2_458.smv,Invalid,0.05,0.03
SYNAPSE_123_e8_953_e3_271.smv,Invalid,0.12,0.10
SYNAPSE_123_e8_953_e7_1465.smv,Valid,0.06,0.04
SYNAPSE_123_e8_953_e8_941.smv,Valid,0.08,0.07
SYNAPSE_123_e8_953.smv,Valid,0.09,0.06
SYNAPSE_123.smv,Valid,0.09,0.07
SYNAPSE_1.smv,Valid,0.05,0.03
SYNAPSE_2_e1_1239_e1_1331.smv,Invalid,0.05,0.03
SYNAPSE_2_e1_1239_e2_74.smv,Invalid,0.05,0.02
SYNAPSE_2_e1_1239.smv,Invalid,0.03,0.02
SYNAPSE_2_e3_216.smv,Invalid,0.10,0.07
SYNAPSE_2_e8_1118_e1_667.smv,Invalid,0.05,0.03
SYNAPSE_2_e8_1118_e2_237.smv,Invalid,0.05,0.03
SYNAPSE_2_e8_1118_e3_1216.smv,Invalid,0.07,0.05
SYNAPSE_2_e8_1118_e7_1043.smv,Valid,0.05,0.03
SYNAPSE_2_e8_1118_e8_1177.smv,Valid,0.05,0.03
SYNAPSE_2_e8_656.smv,Valid,0.05,0.03
SYNAPSE_2.smv,Valid,0.04,0.03
SYNAPSE_3_e1_1416_e1_1675.smv,Invalid,0.05,0.03
SYNAPSE_3_e1_1416_e2_753.smv,Invalid,0.05,0.03
SYNAPSE_3_e1_1416_e3_1191.smv,Invalid,0.03,0.02
SYNAPSE_3_e1_1416_e7_193.smv,Invalid,0.05,0.03
SYNAPSE_3_e1_1416.smv,Invalid,0.05,0.03
SYNAPSE_3_e3_1041.smv,Invalid,0.12,0.10
SYNAPSE_3_e7_1444_e7_638.smv,Valid,0.08,0.06
SYNAPSE_3_e7_425.smv,Valid,0.07,0.05
SYNAPSE_3_e8_1329_e1_1270.smv,Invalid,0.05,0.03
SYNAPSE_3_e8_1329_e2_236.smv,Invalid,0.05,0.03
SYNAPSE_3_e8_1329_e3_421.smv,Invalid,0.11,0.08
SYNAPSE_3_e8_1329_e7_1062.smv,Valid,0.06,0.04
SYNAPSE_3_e8_1329_e8_320.smv,Valid,0.07,0.05
SYNAPSE_3_e8_1708.smv,Valid,0.07,0.05
SYNAPSE_3.smv,Valid,0.07,0.05
SYNAPSE_4_e8_420_e7_572.smv,Valid,0.06,0.04
SYNAPSE_4_e8_420_e8_1525.smv,Valid,0.07,0.06
SYNAPSE_4_e8_974.smv,Valid,0.08,0.06
SYNAPSE_4.smv,Valid,0.06,0.04
SYNAPSE_5_e1_811_e1_823.smv,Invalid,0.12,0.10
SYNAPSE_5_e1_811_e2_1026.smv,Invalid,0.11,0.09
SYNAPSE_5_e1_811.smv,Invalid,0.11,0.09
SYNAPSE_5_e2_1525.smv,Valid,0.23,0.20
SYNAPSE_5.smv,Valid,0.29,0.27
SYNAPSE_6_e2_1439_e1_954.smv,Valid,0.15,0.13
SYNAPSE_6_e3_1666_e5_1558.smv,Valid,0.68,0.65
SYNAPSE_6_e7_938_e2_1012.smv,Valid,0.22,0.20
SYNAPSE_6_e8_1147_e2_1326.smv,Valid,0.16,0.14
SYNAPSE_6.smv,Valid,0.15,0.12
SYNAPSE_all_e3_1750.smv,Invalid,0.16,0.14
SYNAPSE_all_e3_1864_e3_495.smv,Invalid,0.15,0.13
SYNAPSE_all_e3_1864_e4_34.smv,Invalid,0.05,0.03
SYNAPSE_all_e3_1864_e5_1637.smv,Invalid,0.06,0.04
SYNAPSE_all_e3_1864_e7_251.smv,Invalid,0.12,0.10
SYNAPSE_all_e7_907_e7_1363.smv,Valid,0.09,0.07
SYNAPSE_all_e7_907.smv,Valid,0.09,0.07
SYNAPSE_all_e8_251_e1_1852.smv,Invalid,0.06,0.03
SYNAPSE_all_e8_251_e2_1053.smv,Invalid,0.06,0.04
SYNAPSE_all_e8_251_e3_1472.smv,Invalid,0.13,0.11
SYNAPSE_all_e8_251.smv,Valid,0.09,0.06
SYNAPSE_all.smv,Valid,0.10,0.08
SYNAPSE_i1.smv,Invalid,0.05,0.03
TaxiNet__1.smv,Valid,0.04,0.02
TaxiNet__2.smv,Valid,0.05,0.03
TaxiNet.smv,Valid,0.06,0.03
Thermostat__10.smv,Valid,0.08,0.06
Thermostat__11.smv,Valid,0.06,0.05
Thermostat__12.smv,Valid,0.07,0.05
Thermostat__13.smv,Valid,0.07,0.05
Thermostat__14.smv,Valid,0.06,0.04
Thermostat__15.smv,Valid,0.06,0.04
Thermostat__16.smv,Valid,0.08,0.06
Thermostat__17.smv,Valid,0.08,0.05
Thermostat__18.smv,Valid,0.07,0.05
Thermostat__19.smv,Valid,0.08,0.06
Thermostat__1.smv,Valid,0.05,0.03
Thermostat__2.smv,Valid,0.07,0.04
Thermostat__3.smv,Valid,0.05,0.02
Thermostat__4.smv,Valid,0.05,0.03
Thermostat__5.smv,Valid,0.06,0.04
Thermostat__6.smv,Valid,0.06,0.04
Thermostat__7.smv,Valid,0.06,0.04
Thermostat__8.smv,Valid,0.07,0.05
Thermostat__9.smv,Valid,0.09,0.07
Thermostat.smv,Valid,0.39,0.36
ticket3i_1_e7_1669.smv,Valid,0.10,0.07
ticket3i_1.smv,Valid,0.10,0.08
ticket3i_2.smv,Valid,0.08,0.06
ticket3i_3_e7_1312_e7_1495.smv,Invalid,0.07,0.05
ticket3i_3_e7_1312_e8_1916.smv,Valid,0.10,0.08
ticket3i_3_e7_99.smv,Invalid,0.07,0.05
ticket3i_3_e8_1703_e7_3491.smv,Invalid,0.06,0.04
ticket3i_3_e8_1703_e8_2560.smv,Valid,0.08,0.06
ticket3i_3_e8_1703.smv,Valid,0.08,0.05
ticket3i_3.smv,Valid,0.10,0.09
ticket3i_4_e7_1775_e7_3320.smv,Valid,0.08,0.06
ticket3i_4.smv,Valid,0.08,0.05
ticket3i_5_e7_3307.smv,Valid,0.08,0.06
ticket3i_5.smv,Valid,0.08,0.06
ticket3i_6_e7_1096_e7_2688.smv,Valid,0.09,0.07
ticket3i_6.smv,Valid,0.08,0.06
ticket3i_7_e1_2192_e1_1852.smv,Valid,0.15,0.13
ticket3i_7_e2_2724_e7_524.smv,Valid,0.13,0.11
ticket3i_7_e3_59_e7_2122.smv,Valid,0.13,0.11
ticket3i_7_e7_3176_e1_2924.smv,Valid,0.13,0.11
ticket3i_7_e7_3176.smv,Valid,0.15,0.13
ticket3i_7_e8_2126_e7_78.smv,Valid,0.15,0.13
ticket3i_7.smv,Valid,0.13,0.11
ticket3i_all_e1_2706_e7_1776.smv,Valid,0.15,0.12
ticket3i_all_e2_1117_e7_553.smv,Valid,0.15,0.13
ticket3i_all_e3_557_e7_3464.smv,Valid,0.11,0.10
ticket3i_all_e7_591.smv,Valid,0.17,0.15
ticket3i_all_e8_505_e7_2450.smv,Valid,0.16,0.14
ticket3i_all.smv,Valid,0.15,0.12
TopLevel_v6__1.smv,Valid,0.29,0.27
TopLevel_v6__2.smv,Valid,3.69,3.67
TopLevel_v6__3.smv,Valid,32.69,32.67
TopLevel_v6__4.smv,Valid,32.56,32.53
TopLevel_v6__5.smv,Valid,3.10,3.08
TopLevel_v6__6.smv,Valid,4.43,4.41
TopLevel_v6__7.smv,Valid,24.80,24.78
TopLevel_v6__8.smv,Valid,9.56,9.54
TopLevel_v6__9.smv,Valid,3.35,3.33
TopLevel_v6.smv,Valid,114.58,114.55
TopSystem__1.smv,Valid,0.04,0.02
TopSystem__2.smv,Valid,0.05,0.03
TopSystem.smv,Valid,0.04,0.02
traffic_e7_46_e7_171.smv,Invalid,0.04,0.02
traffic_e7_46.smv,Invalid,0.04,0.02
traffic.smv,Valid,0.05,0.03
tramway_e7_1834_e7_2363.smv,Valid,0.04,0.03
tramway_e7_1834_e8_3192.smv,Valid,0.10,0.08
tramway_e7_1834.smv,Valid,0.06,0.04
tramway.smv,Valid,0.10,0.08
triplexVoter_bounds.smv,Timeout,300.17,290.10
triplexVoter.smv,Timeout,300.16,290.03
triplexVoter_str.smv,Valid,2.11,2.08
twisted_counters.smv,Valid,0.12,0.09
two_counters_e1_268.smv,Invalid,0.04,0.02
two_counters_e2_3.smv,Invalid,0.04,0.02
two_counters_e3_325.smv,Invalid,0.04,0.02
two_counters_e7_222.smv,Invalid,0.04,0.02
two_counters.smv,Valid,0.08,0.05
ums_e7_1700.smv,Invalid,0.27,0.26
ums_e8_1032.smv,Valid,0.06,0.04
ums.smv,Valid,0.06,0.04
Uptane__10.smv,Valid,0.04,0.02
Uptane__1.smv,Valid,0.04,0.02
Uptane__2.smv,Valid,0.04,0.02
Uptane__3.smv,Valid,0.04,0.02
Uptane__4.smv,Valid,0.04,0.02
Uptane__5.smv,Valid,0.05,0.03
Uptane__6.smv,Valid,0.04,0.02
Uptane__7.smv,Valid,0.04,0.03
Uptane__8.smv,Valid,0.04,0.03
Uptane__9.smv,Valid,0.04,0.02
Uptane.smv,Valid,0.04,0.02
WBS__10.smv,Valid,0.61,0.59
WBS__11.smv,Valid,0.60,0.58
WBS__12.smv,Valid,0.59,0.56
WBS__13.smv,Valid,0.62,0.60
WBS__14.smv,Valid,0.58,0.56
WBS__15.smv,Valid,0.66,0.64
WBS__16.smv,Valid,0.59,0.57
WBS__17.smv,Valid,0.31,0.29
WBS__18.smv,Valid,0.31,0.29
WBS__19.smv,Valid,0.30,0.28
WBS__1.smv,Valid,0.10,0.08
WBS__20.smv,Valid,0.30,0.28
WBS__21.smv,Valid,0.31,0.29
WBS__22.smv,Valid,0.31,0.29
WBS__23.smv,Valid,0.31,0.29
WBS__24.smv,Valid,0.25,0.22
WBS__25.smv,Valid,0.31,0.29
WBS__26.smv,Valid,0.30,0.28
WBS__27.smv,Valid,0.32,0.30
WBS__28.smv,Valid,0.31,0.29
WBS__29.smv,Valid,0.30,0.28
WBS__2.smv,Valid,0.11,0.08
WBS__30.smv,Valid,0.31,0.28
WBS__31.smv,Valid,0.29,0.28
WBS__32.smv,Valid,0.31,0.29
WBS__3.smv,Valid,0.78,0.75
WBS__4.smv,Valid,0.31,0.29
WBS__5.smv,Valid,0.27,0.24
WBS__6.smv,Valid,0.31,0.29
WBS__7.smv,Valid,0.62,0.59
WBS__8.smv,Valid,0.64,0.61
WBS__9.smv,Valid,0.61,0.59
WBS.smv,Valid,10.10,10.08
XyzToyDos__1.smv,Valid,0.05,0.02
XyzToyDos__2.smv,Valid,0.06,0.04
XyzToyDos__3.smv,Valid,0.08,0.06
XyzToyDos__4.smv,Valid,0.08,0.06
XyzToyDos__5.smv,Valid,0.06,0.04
XyzToyDos.smv,Valid,0.15,0.13
