_6counter.smv,Invalid,0.05,0.03
_6counter2.smv,Invalid,0.06,0.04
_6countern.smv,Invalid,0.04,0.03
_6counters_e3_140_e8_149.smv,Valid,0.05,0.03
_6counters_e8_371_e1_448.smv,Valid,0.07,0.05
_6counters_e8_371_e2_80.smv,Valid,0.04,0.02
_6counters_e8_371_e3_224.smv,Valid,0.05,0.03
_6counters_e8_371_e7_304.smv,Invalid,0.08,0.06
_6counters.smv,Invalid,0.14,0.12
Byzantine__1.smv,Valid,0.06,0.04
Byzantine__2.smv,Valid,0.07,0.03
Byzantine.smv,Valid,0.07,0.05
ByzantineReal__1.smv,Valid,0.07,0.04
ByzantineReal__2.smv,Valid,0.06,0.03
ByzantineReal.smv,Valid,0.07,0.05
car_1_e7_184_e3_299.smv,Valid,0.05,0.04
car_1.smv,Valid,0.05,0.03
car_2_e7_1027_e1_1047.smv,Valid,0.06,0.04
car_2_e7_1027_e7_359.smv,Valid,0.07,0.05
car_2_e8_491_e7_826.smv,Valid,0.06,0.04
car_2.smv,Valid,0.06,0.04
car_3_e1_586.smv,Invalid,0.08,0.05
car_3_e2_695.smv,Valid,0.05,0.02
car_3_e7_626_e1_305.smv,Invalid,0.08,0.05
car_3_e7_626.smv,Valid,0.06,0.04
car_3_e8_33_e1_856.smv,Invalid,0.08,0.05
car_3_e8_33_e2_1010.smv,Valid,0.05,0.03
car_3_e8_33_e7_220.smv,Valid,0.06,0.04
car_3_e8_33.smv,Valid,0.06,0.04
car_3.smv,Valid,0.06,0.04
car_4_e3_57_e4_1047.smv,Valid,0.05,0.03
car_4_e3_57_e5_999.smv,Invalid,0.06,0.04
car_4_e3_57_e6_784.smv,Valid,0.05,0.03
car_4_e3_57.smv,Invalid,0.06,0.04
car_4_e7_592_e3_442.smv,Invalid,0.06,0.04
car_4_e7_592_e7_265.smv,Valid,0.05,0.03
car_4_e7_592.smv,Valid,0.06,0.03
car_4_e8_118_e3_514.smv,Invalid,0.06,0.04
car_4_e8_118_e7_178.smv,Valid,0.05,0.03
car_4_e8_118.smv,Valid,0.06,0.04
car_4.smv,Valid,0.05,0.03
car_5_e2_405_e2_1083.smv,Invalid,0.18,0.16
car_5_e2_405_e3_473.smv,Invalid,0.18,0.16
car_5_e2_405_e8_1055.smv,Invalid,0.2,0.18
car_5_e3_11_e1_429.smv,Invalid,0.25,0.23
car_5_e3_11_e5_24.smv,Invalid,0.25,0.24
car_5_e3_661.smv,Invalid,0.25,0.22
car_5_e7_244_e1_823.smv,Valid,0.52,0.5
car_5_e7_244_e2_693.smv,Invalid,0.2,0.17
car_5_e7_244_e3_1071.smv,Invalid,0.27,0.24
car_5_e7_244.smv,Valid,0.61,0.59
car_5.smv,Valid,0.72,0.7
car_6_e1_152_e1_391.smv,Valid,0.5,0.47
car_6_e1_152.smv,Valid,0.65,0.63
car_6_e2_589_e2_506.smv,Invalid,0.22,0.19
car_6_e2_589_e3_349.smv,Invalid,0.22,0.19
car_6_e2_893.smv,Invalid,0.24,0.23
car_6_e3_294_e1_956.smv,Invalid,0.25,0.23
car_6_e3_294_e3_47.smv,Invalid,0.25,0.22
car_6_e3_294_e5_979.smv,Invalid,0.25,0.22
car_6.smv,Valid,0.75,0.73
car_all_e1_618_e3_303.smv,Invalid,0.11,0.09
car_all_e1_618.smv,Invalid,0.1,0.08
car_all_e2_142_e7_209.smv,Valid,0.08,0.07
car_all_e2_142.smv,Valid,0.08,0.06
car_all_e3_1068_e1_178.smv,Invalid,0.06,0.04
car_all_e3_1068_e2_13.smv,Invalid,0.06,0.04
car_all_e3_1068_e3_163.smv,Invalid,0.06,0.03
car_all_e3_1068_e4_275.smv,Valid,0.08,0.06
car_all_e3_1068_e5_882.smv,Invalid,0.06,0.03
car_all_e3_1068.smv,Invalid,0.06,0.04
car_all_e7_188_e7_743.smv,Valid,0.1,0.08
car_all_e8_856_e1_217.smv,Invalid,0.1,0.07
car_all_e8_856_e2_585.smv,Valid,0.08,0.06
car_all_e8_856_e3_180.smv,Invalid,0.06,0.04
car_all_e8_856_e7_578.smv,Valid,0.09,0.07
car_all_e8_856.smv,Valid,0.09,0.07
car_all.smv,Valid,0.09,0.07
ccp01.smv,Valid,27.64,27.62
ccp02.smv,Valid,30.74,30.71
ccp03.smv,Valid,25.98,25.96
ccp04.smv,Valid,21.75,21.73
ccp05.smv,Valid,0.2,0.17
ccp06.smv,Valid,0.21,0.19
ccp07.smv,Valid,0.21,0.18
ccp08.smv,Valid,10.57,10.54
ccp09.smv,Valid,0.2,0.18
ccp10.smv,Invalid,13.43,13.41
ccp11.smv,Valid,42.48,42.46
ccp12.smv,Invalid,23.08,23.07
ccp13.smv,Valid,15.75,15.73
ccp14.smv,Valid,13.18,13.16
ccp15.smv,Valid,0.21,0.18
ccp16.smv,Valid,0.2,0.18
ccp17.smv,Valid,10.42,10.41
ccp18.smv,Valid,17.68,17.66
ccp19.smv,Valid,0.2,0.17
ccp20.smv,Valid,28.45,28.42
ccp21.smv,Invalid,18.53,18.5
ccp22.smv,Invalid,101.56,101.52
ccp23.smv,Invalid,76.9,76.87
ccp24.smv,Valid,13.82,13.8
cd_e7_621_e7_669.smv,Invalid,0.25,0.23
cd_e7_8.smv,Invalid,0.23,0.21
cd.smv,Valid,0.35,0.32
channel_bounds.smv,Invalid,215.44,215.34
channel_str.smv,Invalid,225.93,225.84
channel_top.smv,Invalid,291.66,291.56
channel.smv,Invalid,227.15,227.04
Clock__1.smv,Error,0.57,0.06
Clock__2.smv,Error,0.56,0.06
Clock__3.smv,Error,0.55,0.05
Clock.smv,Error,0.56,0.05
CollisionAvoidance__1.smv,Valid,0.18,0.15
CollisionAvoidance__2.smv,Valid,0.21,0.18
CollisionAvoidance__3.smv,Valid,0.24,0.22
CollisionAvoidance__4.smv,Invalid,0.19,0.16
CollisionAvoidance__5.smv,Invalid,0.18,0.16
CollisionAvoidance__6.smv,Invalid,0.19,0.17
CollisionAvoidance__7.smv,Invalid,0.19,0.16
CollisionAvoidance.smv,Invalid,0.65,0.64
controlLaw.smv,Invalid,0.05,0.03
cruise_controller_01.smv,Valid,6.6,6.57
cruise_controller_02.smv,Valid,6.59,6.57
cruise_controller_03.smv,Valid,6.56,6.54
cruise_controller_04.smv,Valid,6.5,6.47
cruise_controller_05.smv,Valid,0.16,0.14
cruise_controller_06.smv,Valid,0.17,0.14
cruise_controller_07.smv,Valid,0.18,0.16
cruise_controller_08.smv,Valid,6.19,6.17
cruise_controller_09.smv,Invalid,4.06,4.03
cruise_controller_10.smv,Valid,5.73,5.71
cruise_controller_11.smv,Valid,0.16,0.14
cruise_controller_12.smv,Valid,2.76,2.74
cruise_controller_13.smv,Valid,0.16,0.14
cruise_controller_14.smv,Valid,1.87,1.85
cruise_controller_15.smv,Invalid,4.31,4.29
cruise_controller_16.smv,Valid,10.29,10.27
cruise_controller_17.smv,Invalid,7.66,7.63
cruise_controller_18.smv,Valid,1.61,1.59
cruise_controller_19.smv,Valid,0.86,0.84
cruise_controller_20.smv,Invalid,6.53,6.51
cruise_controller_21.smv,Invalid,0.17,0.15
cruise_controller_22.smv,Invalid,5.05,5.03
cruise_controller_23.smv,Valid,5.53,5.51
cruise_controller_24.smv,Valid,2.73,2.71
CruiseControllerCrv__1.smv,Valid,0.42,0.39
CruiseControllerCrv__10.smv,Valid,0.54,0.51
CruiseControllerCrv__11.smv,Valid,0.48,0.45
CruiseControllerCrv__12.smv,Invalid,2.06,2.04
CruiseControllerCrv__2.smv,Valid,0.08,0.06
CruiseControllerCrv__3.smv,Valid,0.48,0.46
CruiseControllerCrv__4.smv,Valid,0.4,0.38
CruiseControllerCrv__5.smv,Valid,1.36,1.34
CruiseControllerCrv__6.smv,Valid,0.09,0.07
CruiseControllerCrv__7.smv,Valid,0.4,0.37
CruiseControllerCrv__8.smv,Valid,0.62,0.6
CruiseControllerCrv__9.smv,Valid,0.61,0.59
CruiseControllerCrv.smv,Invalid,6.62,6.6
DeepTaxi__1.smv,Valid,0.13,0.1
DeepTaxi__2.smv,Valid,0.13,0.1
DeepTaxi.smv,Valid,0.21,0.18
DeliveryDrone__1.smv,Valid,0.21,0.19
DeliveryDrone__2.smv,Invalid,0.16,0.13
DeliveryDrone__3.smv,Invalid,0.15,0.13
DeliveryDrone__4.smv,Invalid,0.16,0.14
DeliveryDrone__5.smv,Valid,1.02,0.99
DeliveryDrone__6.smv,Valid,0.43,0.41
DeliveryDrone__7.smv,Valid,1.99,1.97
DeliveryDrone.smv,Invalid,3.44,3.42
DRAGON_1_e1_14612_e1_268_e7_501.smv,Valid,0.09,0.06
DRAGON_1_e1_14612_e2_2653_e7_4370.smv,Valid,0.08,0.06
DRAGON_1_e1_3184_e7_1888.smv,Valid,0.08,0.07
DRAGON_1_e1_5070.smv,Valid,0.12,0.1
DRAGON_1_e2_1997_e7_3613_e2_3409.smv,Valid,0.1,0.08
DRAGON_1_e2_1997.smv,Valid,0.09,0.07
DRAGON_1_e3_11891_e7_4569_e4_4881.smv,Valid,0.09,0.07
DRAGON_1.smv,Valid,0.1,0.09
DRAGON_10_e1_3587_e3_2749.smv,Valid,0.1,0.08
DRAGON_10_e1_3587_e7_872.smv,Invalid,0.08,0.07
DRAGON_10_e1_998.smv,Valid,0.1,0.07
DRAGON_10_e2_2785_e3_1744.smv,Valid,0.09,0.08
DRAGON_10_e2_402.smv,Valid,0.09,0.07
DRAGON_10_e3_144_e5_2046.smv,Valid,0.09,0.07
DRAGON_10_e3_144_e7_523.smv,Invalid,0.09,0.07
DRAGON_10_e3_3429.smv,Valid,0.09,0.07
DRAGON_10_e7_3861_e2_1020.smv,Invalid,0.09,0.07
DRAGON_10_e7_3861_e7_2180.smv,Invalid,0.09,0.07
DRAGON_10.smv,Valid,0.09,0.07
DRAGON_11_e1_2450_e1_5887.smv,Valid,11.91,11.88
DRAGON_11_e1_2450_e2_1483.smv,Timeout,300.15,290.03
DRAGON_11_e1_2450_e3_2330.smv,Valid,7.11,7.09
DRAGON_11_e1_2450_e7_5791.smv,Invalid,0.09,0.06
DRAGON_11_e1_2450.smv,Valid,5.99,5.96
DRAGON_11_e2_1678_e1_3565.smv,Timeout,300.15,290.07
DRAGON_11_e2_5396_e3_282.smv,Valid,11.16,11.14
DRAGON_11_e3_382_e1_505.smv,Valid,3.15,3.12
DRAGON_11_e3_382_e4_4421.smv,Valid,3.15,3.12
DRAGON_11.smv,Timeout,300.16,290.1
DRAGON_12_e1_4640_e7_128.smv,Invalid,0.09,0.07
DRAGON_12_e2_1618_e1_6030.smv,Valid,19.67,19.65
DRAGON_12_e2_1618_e2_138.smv,Valid,1.62,1.61
DRAGON_12_e2_1618_e3_2012.smv,Valid,1.99,1.97
DRAGON_12_e2_1618_e7_4732.smv,Invalid,0.09,0.07
DRAGON_12_e2_1618.smv,Valid,1.89,1.87
DRAGON_12.smv,Valid,19.73,19.71
DRAGON_13_e3_1418_e3_2761.smv,Valid,2,1.99
DRAGON_13_e7_2336_e1_541.smv,Invalid,0.09,0.07
DRAGON_13_e7_2336_e2_1255.smv,Invalid,0.09,0.07
DRAGON_13_e7_2336_e3_3117.smv,Invalid,0.09,0.07
DRAGON_13_e7_2336_e7_685.smv,Invalid,0.09,0.07
DRAGON_13_e7_2336.smv,Invalid,0.1,0.07
DRAGON_13.smv,Valid,1.09,1.07
DRAGON_14_e1_5710.smv,Timeout,300.15,290.04
DRAGON_14_e2_3606.smv,Timeout,300.15,290.04
DRAGON_14_e3_1259_e1_5798.smv,Timeout,300.16,290.11
DRAGON_14_e3_5120.smv,Timeout,300.14,290.08
DRAGON_14_e7_3162_e1_3998.smv,Invalid,2.74,2.72
DRAGON_14_e7_3162_e2_753.smv,Invalid,0.85,0.83
DRAGON_14_e7_3162_e3_4298.smv,Invalid,1.04,1.01
DRAGON_14_e7_3162_e7_3528.smv,Invalid,0.95,0.93
DRAGON_14_e7_3162.smv,Invalid,1.16,1.14
DRAGON_14.smv,Timeout,300.16,290.09
DRAGON_2_e1_2316.smv,Valid,0.13,0.11
DRAGON_2_e2_3183_e1_2644.smv,Valid,0.14,0.12
DRAGON_2_e2_3183_e2_3580.smv,Valid,0.14,0.11
DRAGON_2_e2_3183_e3_5972.smv,Valid,0.14,0.12
DRAGON_2_e2_4481.smv,Valid,0.14,0.12
DRAGON_2_e7_25_e1_154.smv,Invalid,0.1,0.07
DRAGON_2_e7_25_e2_5340.smv,Invalid,0.09,0.07
DRAGON_2_e7_25_e3_829.smv,Invalid,0.1,0.08
DRAGON_2_e7_25_e7_4469.smv,Invalid,0.1,0.08
DRAGON_2_e7_25_e8_3171.smv,Valid,0.12,0.1
DRAGON_2_e7_25.smv,Invalid,0.1,0.08
DRAGON_2.smv,Valid,0.14,0.12
DRAGON_3_e1_4783_e1_3755.smv,Valid,0.18,0.16
DRAGON_3_e1_4783_e2_158.smv,Valid,0.19,0.17
DRAGON_3_e1_4783_e3_511.smv,Valid,0.19,0.17
DRAGON_3_e1_4783_e7_4070.smv,Invalid,0.09,0.08
DRAGON_3_e1_4783.smv,Valid,0.19,0.17
DRAGON_3_e2_5343_e1_988.smv,Valid,0.19,0.16
DRAGON_3_e3_3846.smv,Valid,0.2,0.18
DRAGON_3_e3_5422_e1_2288.smv,Valid,0.22,0.19
DRAGON_3_e3_5422_e2_3135.smv,Valid,0.2,0.18
DRAGON_3_e7_4884.smv,Invalid,0.1,0.08
DRAGON_3.smv,Valid,0.18,0.16
DRAGON_4_e1_4312.smv,Valid,0.92,0.9
DRAGON_4_e2_2799_e1_1303.smv,Valid,0.97,0.95
DRAGON_4_e2_2799_e2_2251.smv,Valid,1.15,1.13
DRAGON_4_e2_2799_e3_1915.smv,Valid,1.01,0.98
DRAGON_4_e2_2799_e7_2499.smv,Invalid,0.21,0.19
DRAGON_4_e2_2799.smv,Valid,0.79,0.77
DRAGON_4_e3_1540_e1_5048.smv,Valid,1.17,1.15
DRAGON_4_e3_4133.smv,Valid,1.13,1.11
DRAGON_4_e7_2329_e3_4574.smv,Invalid,0.21,0.19
DRAGON_4_e7_2329_e7_3856.smv,Invalid,0.19,0.17
DRAGON_4_e7_2329.smv,Invalid,0.2,0.18
DRAGON_4.smv,Valid,0.94,0.92
DRAGON_5_e1_1835.smv,Valid,0.95,0.93
DRAGON_5_e2_3018_e2_936.smv,Valid,0.72,0.7
DRAGON_5_e7_2017_e1_5832.smv,Invalid,0.17,0.15
DRAGON_5_e7_2017_e2_664.smv,Invalid,0.24,0.22
DRAGON_5_e7_2017_e3_1763.smv,Invalid,0.28,0.26
DRAGON_5_e7_2017_e7_2326.smv,Invalid,0.24,0.22
DRAGON_5_e7_2017.smv,Invalid,0.17,0.15
DRAGON_5.smv,Valid,0.64,0.61
DRAGON_6_e7_5046_e7_3623.smv,Valid,0.1,0.07
DRAGON_6.smv,Valid,0.09,0.07
DRAGON_7_e2_2872_e2_5844.smv,Valid,0.1,0.08
DRAGON_7_e2_2872_e3_2640.smv,Valid,0.12,0.09
DRAGON_7_e7_3157_e2_2082.smv,Valid,0.11,0.09
DRAGON_7.smv,Valid,0.11,0.08
DRAGON_8_e2_3896_e3_3125.smv,Valid,1.39,1.37
DRAGON_8_e3_786_e7_4541.smv,Valid,0.99,0.96
DRAGON_8_e3_786.smv,Valid,1.68,1.65
DRAGON_8_e7_3752.smv,Valid,0.81,0.79
DRAGON_8.smv,Valid,1.48,1.46
DRAGON_9_e7_1843_e1_5434.smv,Valid,0.09,0.07
DRAGON_9_e7_1843_e2_1145.smv,Valid,0.09,0.07
DRAGON_9_e7_1843_e3_5316.smv,Valid,0.11,0.09
DRAGON_9_e7_1843_e7_2225.smv,Valid,0.1,0.07
DRAGON_9_e7_1843.smv,Valid,0.09,0.07
DRAGON_9.smv,Valid,0.07,0.05
DRAGON_all_e1_4022_e1_1759.smv,Valid,0.26,0.23
DRAGON_all_e1_4022_e2_267.smv,Valid,0.22,0.2
DRAGON_all_e1_4022_e3_3628.smv,Valid,0.26,0.24
DRAGON_all_e1_4022_e7_2886.smv,Invalid,0.09,0.08
DRAGON_all_e1_4037.smv,Valid,0.25,0.23
DRAGON_all_e2_6104_e1_6205.smv,Valid,0.21,0.18
DRAGON_all_e2_6104_e2_3308.smv,Valid,0.22,0.19
DRAGON_all_e2_6104_e3_2607.smv,Valid,0.22,0.2
DRAGON_all_e2_6104.smv,Valid,0.22,0.2
DRAGON_all_e3_4821_e1_1318.smv,Valid,0.26,0.24
DRAGON_all_e3_4821_e2_1089.smv,Valid,0.22,0.2
DRAGON_all_e3_4821_e4_1791.smv,Valid,0.26,0.24
DRAGON_all_e3_4821_e5_1536.smv,Valid,0.22,0.19
DRAGON_all_e3_5957.smv,Valid,0.22,0.2
DRAGON_all_e7_1941_e2_6086.smv,Invalid,0.11,0.08
DRAGON_all_e7_4065.smv,Invalid,0.11,0.09
DRAGON_all.smv,Valid,0.21,0.18
DRAGON_all2_e2_2073_e8_3691.smv,Invalid,0.11,0.09
DRAGON_all2_e3_4612_e1_6463.smv,Valid,2.4,2.38
DRAGON_all2_e3_4612_e2_5774.smv,Valid,2.39,2.36
DRAGON_all2_e3_4612_e3_1543.smv,Valid,1.95,1.92
DRAGON_all2_e3_4612_e4_3719.smv,Valid,2.42,2.4
DRAGON_all2_e3_4612_e5_3642.smv,Valid,2.38,2.36
DRAGON_all2_e3_4612_e8_5861.smv,Invalid,0.11,0.09
DRAGON_all2_e7_5406_e1_6690.smv,Invalid,0.11,0.09
DRAGON_all2_e7_5406_e2_3084.smv,Invalid,0.1,0.08
DRAGON_all2_e7_5406_e3_506.smv,Invalid,0.11,0.08
DRAGON_all2_e7_5406_e7_6697.smv,Invalid,0.11,0.09
DRAGON_all2_e7_5406.smv,Invalid,0.11,0.09
DRAGON_all2_e8_4626.smv,Invalid,0.11,0.09
DRAGON_all2_e8_5504_e1_4719.smv,Invalid,0.11,0.09
DRAGON_all2_e8_5504_e7_579.smv,Invalid,0.1,0.08
DRAGON_all2.smv,Valid,1.65,1.62
durationThm_1_e1_350.smv,Invalid,0.04,0.03
durationThm_1_e2_3.smv,Valid,0.05,0.03
durationThm_1_e3_389_e4_294.smv,Valid,0.05,0.03
durationThm_1_e3_389_e5_5.smv,Valid,0.05,0.03
durationThm_1_e3_389.smv,Valid,0.05,0.03
durationThm_1_e7_217_e1_89.smv,Invalid,0.05,0.03
durationThm_1_e7_217_e2_352.smv,Valid,0.05,0.03
durationThm_1_e7_217_e3_132.smv,Valid,0.06,0.04
durationThm_1_e7_217_e7_31.smv,Invalid,0.05,0.03
durationThm_1_e7_217.smv,Invalid,0.05,0.03
durationThm_1.smv,Valid,0.13,0.11
durationThm_2_e1_301.smv,Valid,0.43,0.41
durationThm_2_e2_63.smv,Valid,0.05,0.03
durationThm_2_e3_329_e4_1.smv,Valid,0.05,0.03
durationThm_2_e3_329_e5_124.smv,Valid,0.05,0.03
durationThm_2_e3_99.smv,Valid,0.05,0.03
durationThm_2_e7_145_e1_343.smv,Invalid,0.05,0.03
durationThm_2_e7_145_e2_169.smv,Valid,0.05,0.03
durationThm_2_e7_145_e3_222.smv,Valid,0.06,0.04
durationThm_2_e7_145_e7_154.smv,Invalid,0.05,0.03
durationThm_2_e7_145_e8_73.smv,Valid,0.11,0.09
durationThm_2_e7_149.smv,Invalid,0.06,0.03
durationThm_2.smv,Valid,0.11,0.09
durationThm_3_e1_36.smv,Invalid,0.06,0.03
durationThm_3_e2_63.smv,Valid,0.05,0.02
durationThm_3_e3_207.smv,Valid,0.05,0.03
durationThm_3_e3_442_e4_165.smv,Valid,0.05,0.02
durationThm_3_e3_442_e5_260.smv,Valid,0.05,0.03
durationThm_3_e7_334_e1_431.smv,Invalid,0.06,0.03
durationThm_3_e7_334_e2_62.smv,Valid,0.05,0.03
durationThm_3_e7_334_e3_42.smv,Valid,0.05,0.03
durationThm_3_e7_334_e7_118.smv,Invalid,0.05,0.03
durationThm_3_e7_334.smv,Invalid,0.06,0.05
durationThm_3.smv,Valid,0.12,0.1
ex3.smv,Valid,0.07,0.05
ex8_e7_74_e7_740.smv,Invalid,0.05,0.03
ex8_e7_74_e8_302.smv,Invalid,0.05,0.03
ex8_e7_74.smv,Invalid,0.05,0.03
ex8_e8_220_e7_249.smv,Invalid,0.06,0.03
ex8_e8_220.smv,Invalid,0.05,0.03
ex8.smv,Invalid,0.06,0.04
fast_1_e7_2044_e7_1287.smv,Invalid,0.06,0.04
fast_1_e7_2044.smv,Invalid,0.06,0.03
fast_1_e8_747_e7_692.smv,Invalid,0.06,0.03
fast_1_e8_747_e8_1041.smv,Valid,0.07,0.06
fast_1_e8_751.smv,Valid,0.06,0.04
fast_1.smv,Valid,0.06,0.04
fast_2_e7_2526_e7_2736.smv,Invalid,0.06,0.04
fast_2_e7_2526.smv,Invalid,0.06,0.04
fast_2_e8_460_e7_43.smv,Invalid,0.06,0.04
fast_2_e8_460_e8_1920.smv,Valid,0.07,0.05
fast_2_e8_976.smv,Valid,0.07,0.05
fast_2.smv,Valid,0.07,0.05
FCS__1.smv,Valid,0.17,0.15
FCS__2.smv,Valid,3.04,3.02
FCS__3.smv,Invalid,11.8,11.78
FCS.smv,Invalid,14.98,14.95
FIREFLY_1_e1_1092_e1_1486.smv,Invalid,0.24,0.22
FIREFLY_1_e1_1092_e2_1853.smv,Valid,0.1,0.07
FIREFLY_1_e1_1092_e3_389.smv,Invalid,0.22,0.2
FIREFLY_1_e1_1092_e7_1119.smv,Invalid,0.08,0.06
FIREFLY_1_e1_1092.smv,Invalid,0.21,0.18
FIREFLY_1.smv,Valid,0.1,0.08
FIREFLY_10_e7_919_e2_3192.smv,Valid,0.09,0.07
FIREFLY_10.smv,Valid,0.1,0.08
FIREFLY_11_e1_3457.smv,Valid,0.47,0.45
FIREFLY_11_e3_2076_e1_1270.smv,Valid,0.51,0.49
FIREFLY_11.smv,Valid,0.42,0.39
FIREFLY_2_e3_151_e3_1540.smv,Invalid,0.19,0.16
FIREFLY_2.smv,Valid,0.15,0.13
FIREFLY_3_e2_2236_e1_2305.smv,Valid,0.13,0.1
FIREFLY_3_e2_2236_e2_1058.smv,Valid,0.13,0.11
FIREFLY_3_e2_2236_e3_2657.smv,Invalid,0.21,0.19
FIREFLY_3_e2_2236_e7_3681.smv,Valid,0.09,0.07
FIREFLY_3_e2_2236.smv,Valid,0.13,0.1
FIREFLY_3.smv,Valid,0.14,0.12
FIREFLY_4_e3_3511_e1_2375.smv,Invalid,0.53,0.51
FIREFLY_4_e3_3511_e2_1923.smv,Valid,0.5,0.47
FIREFLY_4_e3_3511_e3_422.smv,Valid,3.4,3.38
FIREFLY_4_e3_3511_e4_1464.smv,Invalid,0.52,0.5
FIREFLY_4_e3_3511_e5_3248.smv,Valid,0.5,0.48
FIREFLY_4_e3_3511_e7_3568.smv,Invalid,0.08,0.06
FIREFLY_4_e3_3511.smv,Valid,0.77,0.75
FIREFLY_4.smv,Valid,0.12,0.09
FIREFLY_5_e1_2552_e7_1169.smv,Valid,0.07,0.05
FIREFLY_5_e2_2229.smv,Valid,0.07,0.05
FIREFLY_5_e2_2884_e1_2678.smv,Valid,0.07,0.04
FIREFLY_5_e2_2884_e2_1492.smv,Valid,0.07,0.05
FIREFLY_5_e2_2884_e3_1882.smv,Valid,0.07,0.05
FIREFLY_5_e2_2884_e7_3594.smv,Valid,0.07,0.05
FIREFLY_5.smv,Valid,0.07,0.05
FIREFLY_6_e2_3302.smv,Valid,0.56,0.53
FIREFLY_6.smv,Valid,0.54,0.52
FIREFLY_7.smv,Valid,0.99,0.97
FIREFLY_8_e2_1711_e1_1489.smv,Valid,0.07,0.05
FIREFLY_8_e2_1711_e2_2673.smv,Valid,0.07,0.05
FIREFLY_8_e2_1711_e3_1753.smv,Valid,0.07,0.05
FIREFLY_8_e2_1711_e7_1962.smv,Invalid,0.07,0.05
FIREFLY_8_e2_1711.smv,Valid,0.08,0.06
FIREFLY_8.smv,Valid,0.07,0.05
FIREFLY_9_e7_170_e3_3647.smv,Valid,0.08,0.06
FIREFLY_9.smv,Valid,0.08,0.05
FIREFLY_a3_e1_3233_e1_3123.smv,Invalid,0.27,0.25
FIREFLY_a3_e1_3233_e2_2392.smv,Valid,0.18,0.16
FIREFLY_a3_e1_3233_e3_2970.smv,Valid,0.18,0.16
FIREFLY_a3_e1_3233_e7_906.smv,Invalid,0.08,0.07
FIREFLY_a3_e1_3233.smv,Invalid,0.26,0.24
FIREFLY_a3_e2_2086_e1_3235.smv,Valid,0.19,0.17
FIREFLY_a3_e2_2086_e2_2689.smv,Valid,0.17,0.15
FIREFLY_a3_e2_2086_e3_2542.smv,Valid,0.18,0.16
FIREFLY_a3_e2_2086_e7_2614.smv,Invalid,0.08,0.05
FIREFLY_a3_e2_2952.smv,Valid,0.19,0.17
FIREFLY_a3_e3_314_e1_1979.smv,Invalid,0.56,0.54
FIREFLY_a3_e3_314_e2_2812.smv,Valid,0.19,0.16
FIREFLY_a3_e3_314_e4_897.smv,Invalid,0.56,0.54
FIREFLY_a3.smv,Valid,0.18,0.16
FIREFLY_all_e1_1207_e1_1201.smv,Invalid,0.28,0.26
FIREFLY_all_e1_1207_e2_3220.smv,Valid,0.16,0.14
FIREFLY_all_e1_1207_e3_1928.smv,Invalid,0.28,0.26
FIREFLY_all_e1_1207_e7_156.smv,Invalid,0.08,0.07
FIREFLY_all_e1_3406.smv,Invalid,0.27,0.24
FIREFLY_all_e2_2924_e1_768.smv,Valid,0.15,0.13
FIREFLY_all_e2_2924_e2_1767.smv,Invalid,0.2,0.18
FIREFLY_all_e2_2924_e3_3946.smv,Invalid,0.26,0.24
FIREFLY_all_e2_2924_e7_3371.smv,Invalid,0.08,0.06
FIREFLY_all_e2_3678.smv,Invalid,0.28,0.26
FIREFLY_all_e3_1600_e1_667.smv,Invalid,0.23,0.21
FIREFLY_all_e3_1600_e2_676.smv,Invalid,0.27,0.25
FIREFLY_all_e3_1600_e3_2055.smv,Invalid,0.28,0.26
FIREFLY_all_e3_1600_e4_2415.smv,Invalid,0.23,0.21
FIREFLY_all_e3_1600_e5_84.smv,Invalid,0.27,0.24
FIREFLY_all_e3_1600_e7_1607.smv,Invalid,0.09,0.06
FIREFLY_all_e3_3496.smv,Invalid,0.19,0.16
FIREFLY_all_e7_1909.smv,Invalid,0.08,0.06
FIREFLY_all.smv,Valid,0.16,0.13
FIREFLY_luke_1a_e2_284_e1_2924.smv,Valid,0.41,0.39
FIREFLY_luke_1a_e2_284_e2_2755.smv,Valid,0.42,0.4
FIREFLY_luke_1a_e2_284_e3_3091.smv,Valid,0.44,0.42
FIREFLY_luke_1a_e2_284_e7_998.smv,Invalid,0.4,0.37
FIREFLY_luke_1a_e7_3042_e3_1213.smv,Valid,0.44,0.41
FIREFLY_luke_1a.smv,Valid,0.4,0.37
FIREFLY_luke_1b_e1_1139_e1_1565.smv,Invalid,0.19,0.17
FIREFLY_luke_1b_e1_1139_e2_2893.smv,Valid,0.09,0.07
FIREFLY_luke_1b_e1_1139_e3_1839.smv,Invalid,0.2,0.18
FIREFLY_luke_1b_e1_1691.smv,Invalid,0.16,0.13
FIREFLY_luke_1b_e2_3049_e1_946.smv,Valid,0.11,0.08
FIREFLY_luke_1b_e2_3049_e2_698.smv,Invalid,0.19,0.16
FIREFLY_luke_1b_e2_3049_e3_2697.smv,Invalid,0.18,0.15
FIREFLY_luke_1b_e2_3049.smv,Invalid,0.21,0.18
FIREFLY_luke_1b_e3_671_e1_725.smv,Invalid,0.19,0.17
FIREFLY_luke_1b_e3_671_e2_2131.smv,Invalid,0.22,0.19
FIREFLY_luke_1b_e3_671_e3_941.smv,Invalid,0.21,0.19
FIREFLY_luke_1b_e3_671_e4_147.smv,Invalid,0.18,0.17
FIREFLY_luke_1b_e3_671_e5_1637.smv,Invalid,0.21,0.19
FIREFLY_luke_1b_e3_671_e6_1974.smv,Valid,0.09,0.07
FIREFLY_luke_1b_e3_671_e7_1882.smv,Invalid,0.08,0.06
FIREFLY_luke_1b_e3_671.smv,Invalid,0.17,0.15
FIREFLY_luke_1b_e7_2574.smv,Invalid,0.08,0.07
FIREFLY_luke_1b_e7_3191_e1_1303.smv,Invalid,0.08,0.06
FIREFLY_luke_1b_e7_3191_e2_1864.smv,Invalid,0.08,0.06
FIREFLY_luke_1b_e7_3191_e7_2146.smv,Invalid,0.08,0.06
FIREFLY_luke_1b.smv,Valid,0.09,0.07
FIREFLY_luke_2_e2_1375_e1_418.smv,Valid,0.46,0.44
FIREFLY_luke_2_e7_1826_e8_126.smv,Valid,0.47,0.45
FIREFLY_luke_2.smv,Valid,0.47,0.44
FIREFLY_luke_3_e1_2217_e3_1200.smv,Valid,0.79,0.77
FIREFLY_luke_3.smv,Valid,0.93,0.9
FIREFLY_luke_4_e2_325.smv,Valid,0.44,0.41
FIREFLY_luke_4.smv,Valid,0.41,0.39
FIREFLY_luke_5.smv,Valid,1.22,1.2
FIREFLY_luke_rt_e1_913_e1_1993.smv,Invalid,0.19,0.17
FIREFLY_luke_rt_e1_913_e2_3353.smv,Valid,0.15,0.12
FIREFLY_luke_rt_e1_913_e3_2128.smv,Invalid,0.21,0.19
FIREFLY_luke_rt_e1_913_e7_1403.smv,Invalid,0.08,0.06
FIREFLY_luke_rt_e1_913.smv,Invalid,0.19,0.17
FIREFLY_luke_rt_e2_3460_e1_1455.smv,Valid,0.17,0.16
FIREFLY_luke_rt_e2_3460_e2_2670.smv,Invalid,0.19,0.16
FIREFLY_luke_rt_e2_3460_e3_1333.smv,Invalid,0.19,0.17
FIREFLY_luke_rt_e2_3460_e7_471.smv,Invalid,0.08,0.05
FIREFLY_luke_rt_e2_3460.smv,Invalid,0.2,0.18
FIREFLY_luke_rt_e3_1549.smv,Invalid,0.19,0.16
FIREFLY_luke_rt.smv,Valid,0.15,0.13
FIREFLY_rt_e3_1770_e2_637.smv,Valid,0.93,0.9
FIREFLY_rt.smv,Valid,0.72,0.69
FIREFLY_u1_e2_3403_e2_957.smv,Valid,0.74,0.71
FIREFLY_u1_e7_3318.smv,Invalid,0.21,0.19
FIREFLY_u1.smv,Valid,0.76,0.73
functionalChain_bounds_large.smv,Timeout,300.13,290.09
functionalChain_bounds_medium.smv,Timeout,300.15,290.1
functionalChain_bounds_small.smv,Timeout,300.13,290.13
functionalChain_str_large.smv,Timeout,300.13,290.11
functionalChain_str_medium.smv,Timeout,300.14,290.09
functionalChain_str_small.smv,Timeout,300.13,290.1
Gas.smv,Timeout,300.15,290.13
HacmsTiming__1.smv,Valid,0.2,0.18
HacmsTiming__2.smv,Invalid,0.77,0.76
HacmsTiming.smv,Invalid,0.88,0.86
hysteresis_1.smv,Valid,0.05,0.03
hysteresis_2.smv,Valid,0.41,0.39
hysteresis_3.smv,Valid,0.42,0.39
hysteresis_all.smv,Valid,0.42,0.4
ILLINOIS_1.smv,Valid,0.07,0.05
ILLINOIS_2_e1_834_e1_1895.smv,Invalid,0.08,0.06
ILLINOIS_2_e1_834_e2_3395.smv,Valid,0.1,0.08
ILLINOIS_2_e1_834_e3_2931.smv,Invalid,0.07,0.05
ILLINOIS_2_e1_834_e7_3738.smv,Invalid,0.08,0.05
ILLINOIS_2_e1_834.smv,Invalid,0.07,0.05
ILLINOIS_2_e2_2367_e1_3182.smv,Valid,0.09,0.07
ILLINOIS_2_e2_2367_e2_1561.smv,Invalid,0.07,0.04
ILLINOIS_2_e2_2367_e3_1601.smv,Invalid,0.08,0.05
ILLINOIS_2_e2_2367_e7_2728.smv,Invalid,0.08,0.06
ILLINOIS_2_e2_876.smv,Invalid,0.08,0.05
ILLINOIS_2.smv,Valid,0.09,0.07
ILLINOIS_3_e3_2581_e1_1130.smv,Invalid,0.06,0.04
ILLINOIS_3_e3_2581_e2_2545.smv,Invalid,0.07,0.05
ILLINOIS_3_e3_2581_e3_979.smv,Invalid,0.08,0.05
ILLINOIS_3_e3_2581_e4_958.smv,Invalid,0.07,0.05
ILLINOIS_3_e3_2581_e5_4006.smv,Invalid,0.07,0.04
ILLINOIS_3_e3_2581_e7_3447.smv,Invalid,0.08,0.05
ILLINOIS_3_e3_2581.smv,Invalid,0.08,0.06
ILLINOIS_3.smv,Valid,0.1,0.08
ILLINOIS_4_e7_2651_e7_2847.smv,Valid,0.09,0.07
ILLINOIS_4.smv,Valid,0.07,0.05
ILLINOIS_5_e7_692_e7_2865.smv,Valid,0.07,0.05
ILLINOIS_5.smv,Valid,0.07,0.06
ILLINOIS_a1.smv,Valid,0.43,0.41
ILLINOIS_all.smv,Valid,0.22,0.2
ILLINOIS_r4a.smv,Valid,1.04,1.02
int32__6countern.smv,Invalid,0.05,0.03
int32__6counters_e3_140_e8_149.smv,Timeout,300.15,290.11
int32__6counters_e8_371_e1_448.smv,Timeout,300.13,290.1
int32__6counters_e8_371_e2_80.smv,Valid,0.04,0.02
int32__6counters_e8_371_e3_224.smv,Timeout,300.15,290.08
int32__6counters_e8_371_e7_304.smv,Invalid,0.1,0.08
int32__6counters.smv,Invalid,0.19,0.17
int32_car_1_e7_184_e3_299.smv,Valid,1.55,1.53
int32_car_1.smv,Valid,0.15,0.12
int32_car_2_e7_1027_e1_1047.smv,Valid,0.14,0.11
int32_car_2_e7_1027_e7_359.smv,Valid,0.13,0.11
int32_car_2_e8_491_e7_826.smv,Valid,0.14,0.12
int32_car_2.smv,Valid,0.13,0.11
int32_car_3_e1_586.smv,Invalid,0.18,0.16
int32_car_3_e2_695.smv,Valid,0.06,0.04
int32_car_3_e7_626_e1_305.smv,Invalid,0.2,0.18
int32_car_3_e7_626.smv,Valid,0.13,0.11
int32_car_3_e8_33_e1_856.smv,Invalid,0.2,0.18
int32_car_3_e8_33_e2_1010.smv,Valid,0.06,0.04
int32_car_3_e8_33_e7_220.smv,Valid,0.13,0.1
int32_car_3_e8_33.smv,Valid,0.12,0.09
int32_car_3.smv,Valid,0.12,0.1
int32_car_4_e3_57_e4_1047.smv,Valid,0.07,0.05
int32_car_4_e3_57_e5_999.smv,Invalid,0.08,0.05
int32_car_4_e3_57_e6_784.smv,Valid,0.11,0.09
int32_car_4_e3_57.smv,Invalid,0.08,0.06
int32_car_4_e7_592_e3_442.smv,Invalid,0.07,0.06
int32_car_4_e7_592_e7_265.smv,Valid,0.12,0.1
int32_car_4_e7_592.smv,Valid,0.13,0.11
int32_car_4_e8_118_e3_514.smv,Invalid,0.07,0.05
int32_car_4_e8_118_e7_178.smv,Valid,0.13,0.11
int32_car_4_e8_118.smv,Valid,0.11,0.1
int32_car_4.smv,Valid,0.11,0.09
int32_car_5_e2_405_e2_1083.smv,Invalid,0.43,0.4
int32_car_5_e2_405_e3_473.smv,Invalid,0.49,0.47
int32_car_5_e2_405_e8_1055.smv,Invalid,0.54,0.52
int32_car_5_e3_11_e1_429.smv,Invalid,1.72,1.69
int32_car_5_e3_11_e5_24.smv,Invalid,1.23,1.21
int32_car_5_e3_661.smv,Invalid,2.08,2.07
int32_car_5_e7_244_e1_823.smv,Valid,0.8,0.78
int32_car_5_e7_244_e2_693.smv,Invalid,0.49,0.47
int32_car_5_e7_244_e3_1071.smv,Invalid,1.95,1.92
int32_car_5_e7_244.smv,Valid,1.72,1.71
int32_car_5.smv,Valid,1.61,1.59
int32_car_6_e1_152_e1_391.smv,Valid,0.76,0.74
int32_car_6_e1_152.smv,Valid,0.99,0.96
int32_car_6_e2_589_e2_506.smv,Invalid,0.51,0.48
int32_car_6_e2_589_e3_349.smv,Invalid,0.56,0.54
int32_car_6_e2_893.smv,Invalid,0.6,0.57
int32_car_6_e3_294_e1_956.smv,Invalid,1.68,1.65
int32_car_6_e3_294_e3_47.smv,Invalid,2.71,2.69
int32_car_6_e3_294_e5_979.smv,Invalid,1.08,1.06
int32_car_6.smv,Valid,1.76,1.74
int32_car_all_e1_618_e3_303.smv,Invalid,0.25,0.22
int32_car_all_e1_618.smv,Invalid,0.24,0.22
int32_car_all_e2_142_e7_209.smv,Valid,0.13,0.11
int32_car_all_e2_142.smv,Valid,0.17,0.14
int32_car_all_e3_1068_e1_178.smv,Invalid,0.08,0.05
int32_car_all_e3_1068_e2_13.smv,Invalid,0.08,0.05
int32_car_all_e3_1068_e3_163.smv,Invalid,0.08,0.05
int32_car_all_e3_1068_e4_275.smv,Valid,0.15,0.13
int32_car_all_e3_1068_e5_882.smv,Invalid,0.08,0.06
int32_car_all_e3_1068.smv,Invalid,0.08,0.06
int32_car_all_e7_188_e7_743.smv,Valid,0.23,0.2
int32_car_all_e8_856_e1_217.smv,Invalid,0.18,0.16
int32_car_all_e8_856_e2_585.smv,Valid,0.14,0.12
int32_car_all_e8_856_e3_180.smv,Invalid,0.08,0.06
int32_car_all_e8_856_e7_578.smv,Valid,0.19,0.17
int32_car_all_e8_856.smv,Valid,0.19,0.17
int32_car_all.smv,Valid,0.19,0.17
int32_ccp01.smv,Valid,247.61,247.57
int32_ccp02.smv,Valid,265.36,265.34
int32_ccp03.smv,Valid,289.02,288.97
int32_ccp04.smv,Valid,259.03,259
int32_ccp05.smv,Valid,5.43,5.4
int32_ccp06.smv,Valid,5.49,5.47
int32_ccp07.smv,Valid,5.46,5.44
int32_ccp08.smv,Valid,181.15,181.13
int32_ccp09.smv,Valid,5.41,5.39
int32_ccp10.smv,Invalid,176.75,176.71
int32_ccp11.smv,Timeout,300.13,290.18
int32_ccp12.smv,Invalid,273.1,273.04
int32_ccp13.smv,Valid,140.57,140.54
int32_ccp14.smv,Valid,159.43,159.41
int32_ccp15.smv,Valid,5.48,5.45
int32_ccp16.smv,Valid,5.4,5.37
int32_ccp17.smv,Valid,243.83,243.78
int32_ccp18.smv,Valid,156.53,156.49
int32_ccp19.smv,Valid,5.49,5.46
int32_ccp20.smv,Timeout,300.13,290.14
int32_ccp21.smv,Invalid,210.91,210.89
int32_ccp22.smv,Timeout,300.15,290.19
int32_ccp23.smv,Timeout,300.15,290.19
int32_ccp24.smv,Valid,184.31,184.29
int32_cd_e7_621_e7_669.smv,Invalid,0.82,0.8
int32_cd_e7_8.smv,Invalid,0.34,0.32
int32_cd.smv,Valid,3.6,3.58
int32_cruise_controller_01.smv,Valid,97.87,97.83
int32_cruise_controller_02.smv,Valid,80.54,80.5
int32_cruise_controller_03.smv,Valid,68.71,68.68
int32_cruise_controller_04.smv,Valid,73.79,73.77
int32_cruise_controller_05.smv,Valid,0.4,0.37
int32_cruise_controller_06.smv,Valid,0.42,0.39
int32_cruise_controller_07.smv,Valid,0.4,0.37
int32_cruise_controller_08.smv,Valid,74.2,74.17
int32_cruise_controller_09.smv,Invalid,56,55.97
int32_cruise_controller_10.smv,Valid,55.77,55.74
int32_cruise_controller_11.smv,Valid,0.56,0.53
int32_cruise_controller_12.smv,Valid,31.34,31.3
int32_cruise_controller_13.smv,Valid,0.44,0.43
int32_cruise_controller_14.smv,Valid,26.75,26.73
int32_cruise_controller_15.smv,Invalid,68,67.96
int32_cruise_controller_16.smv,Valid,110.58,110.52
int32_cruise_controller_17.smv,Invalid,86.9,86.87
int32_cruise_controller_18.smv,Valid,17.9,17.87
int32_cruise_controller_19.smv,Valid,26.9,26.88
int32_cruise_controller_20.smv,Invalid,57.46,57.43
int32_cruise_controller_21.smv,Invalid,0.47,0.45
int32_cruise_controller_22.smv,Invalid,56.54,56.51
int32_cruise_controller_23.smv,Valid,83.73,83.71
int32_cruise_controller_24.smv,Valid,30.76,30.73
int32_DRAGON_1_e1_14612_e1_268_e7_501.smv,Valid,0.4,0.38
int32_DRAGON_1_e1_14612_e2_2653_e7_4370.smv,Valid,0.32,0.3
int32_DRAGON_1_e1_3184_e7_1888.smv,Valid,0.34,0.32
int32_DRAGON_1_e1_5070.smv,Valid,0.43,0.41
int32_DRAGON_1_e2_1997_e7_3613_e2_3409.smv,Valid,0.39,0.37
int32_DRAGON_1_e2_1997.smv,Valid,0.39,0.37
int32_DRAGON_1_e3_11891_e7_4569_e4_4881.smv,Valid,0.42,0.4
int32_DRAGON_1.smv,Valid,0.61,0.58
int32_DRAGON_10_e1_3587_e3_2749.smv,Timeout,300.15,290.13
int32_DRAGON_10_e1_3587_e7_872.smv,Invalid,0.24,0.22
int32_DRAGON_10_e1_998.smv,Timeout,300.15,290.13
int32_DRAGON_10_e2_2785_e3_1744.smv,Timeout,300.13,290.09
int32_DRAGON_10_e2_402.smv,Timeout,300.13,290.09
int32_DRAGON_10_e3_144_e5_2046.smv,Timeout,300.14,290.13
int32_DRAGON_10_e3_144_e7_523.smv,Invalid,0.25,0.23
int32_DRAGON_10_e3_3429.smv,Timeout,300.14,290.11
int32_DRAGON_10_e7_3861_e2_1020.smv,Invalid,0.24,0.22
int32_DRAGON_10_e7_3861_e7_2180.smv,Invalid,0.24,0.23
int32_DRAGON_10.smv,Timeout,300.14,290.19
int32_DRAGON_11_e1_2450_e1_5887.smv,Timeout,300.13,290.1
int32_DRAGON_11_e1_2450_e2_1483.smv,Timeout,300.15,290.14
int32_DRAGON_11_e1_2450_e3_2330.smv,Timeout,300.13,290.12
int32_DRAGON_11_e1_2450_e7_5791.smv,Invalid,0.27,0.25
int32_DRAGON_11_e1_2450.smv,Timeout,300.15,290.13
int32_DRAGON_11_e2_1678_e1_3565.smv,Timeout,300.15,290.13
int32_DRAGON_11_e2_5396_e3_282.smv,Timeout,300.15,290.11
int32_DRAGON_11_e3_382_e1_505.smv,Timeout,300.15,290.12
int32_DRAGON_11_e3_382_e4_4421.smv,Timeout,300.13,290.12
int32_DRAGON_11.smv,Timeout,300.13,290.09
int32_DRAGON_12_e1_4640_e7_128.smv,Invalid,0.27,0.24
int32_DRAGON_12_e2_1618_e1_6030.smv,Valid,34.08,34.05
int32_DRAGON_12_e2_1618_e2_138.smv,Valid,34.78,34.76
int32_DRAGON_12_e2_1618_e3_2012.smv,Valid,39.51,39.49
int32_DRAGON_12_e2_1618_e7_4732.smv,Invalid,0.26,0.24
int32_DRAGON_12_e2_1618.smv,Valid,50.68,50.65
int32_DRAGON_12.smv,Valid,34.06,34.04
int32_DRAGON_13_e3_1418_e3_2761.smv,Valid,17.72,17.69
int32_DRAGON_13_e7_2336_e1_541.smv,Invalid,0.26,0.24
int32_DRAGON_13_e7_2336_e2_1255.smv,Invalid,0.27,0.24
int32_DRAGON_13_e7_2336_e3_3117.smv,Invalid,0.26,0.24
int32_DRAGON_13_e7_2336_e7_685.smv,Invalid,0.28,0.26
int32_DRAGON_13_e7_2336.smv,Invalid,0.26,0.24
int32_DRAGON_13.smv,Valid,22.22,22.2
int32_DRAGON_14_e1_5710.smv,Timeout,300.13,290.08
int32_DRAGON_14_e2_3606.smv,Timeout,300.15,290.12
int32_DRAGON_14_e3_1259_e1_5798.smv,Timeout,300.15,290.14
int32_DRAGON_14_e3_5120.smv,Timeout,300.13,290.1
int32_DRAGON_14_e7_3162_e1_3998.smv,Invalid,81.06,81.04
int32_DRAGON_14_e7_3162_e2_753.smv,Invalid,19.07,19.03
int32_DRAGON_14_e7_3162_e3_4298.smv,Invalid,22.51,22.49
int32_DRAGON_14_e7_3162_e7_3528.smv,Invalid,16.93,16.91
int32_DRAGON_14_e7_3162.smv,Invalid,16.47,16.44
int32_DRAGON_14.smv,Timeout,300.13,290.13
int32_DRAGON_2_e1_2316.smv,Timeout,300.14,290.12
int32_DRAGON_2_e2_3183_e1_2644.smv,Timeout,300.14,290.11
int32_DRAGON_2_e2_3183_e2_3580.smv,Timeout,300.15,290.06
int32_DRAGON_2_e2_3183_e3_5972.smv,Timeout,300.16,290.11
int32_DRAGON_2_e2_4481.smv,Timeout,300.16,290.1
int32_DRAGON_2_e7_25_e1_154.smv,Invalid,0.37,0.36
int32_DRAGON_2_e7_25_e2_5340.smv,Invalid,0.33,0.31
int32_DRAGON_2_e7_25_e3_829.smv,Invalid,0.33,0.31
int32_DRAGON_2_e7_25_e7_4469.smv,Invalid,0.34,0.31
int32_DRAGON_2_e7_25_e8_3171.smv,Timeout,300.14,290.1
int32_DRAGON_2_e7_25.smv,Invalid,0.33,0.3
int32_DRAGON_2.smv,Timeout,300.14,290.11
int32_DRAGON_3_e1_4783_e1_3755.smv,Timeout,300.14,290.05
int32_DRAGON_3_e1_4783_e2_158.smv,Timeout,300.14,290.12
int32_DRAGON_3_e1_4783_e3_511.smv,Timeout,300.14,290.09
int32_DRAGON_3_e1_4783_e7_4070.smv,Invalid,0.28,0.25
int32_DRAGON_3_e1_4783.smv,Timeout,300.16,290.09
int32_DRAGON_3_e2_5343_e1_988.smv,Timeout,300.16,290.08
int32_DRAGON_3_e3_3846.smv,Timeout,300.15,290.08
int32_DRAGON_3_e3_5422_e1_2288.smv,Timeout,300.15,290.04
int32_DRAGON_3_e3_5422_e2_3135.smv,Timeout,300.15,290.09
int32_DRAGON_3_e7_4884.smv,Invalid,0.35,0.32
int32_DRAGON_3.smv,Timeout,300.14,290.12
int32_DRAGON_4_e1_4312.smv,Valid,12.1,12.07
int32_DRAGON_4_e2_2799_e1_1303.smv,Valid,15.63,15.6
int32_DRAGON_4_e2_2799_e2_2251.smv,Valid,12.63,12.6
int32_DRAGON_4_e2_2799_e3_1915.smv,Valid,15.25,15.23
int32_DRAGON_4_e2_2799_e7_2499.smv,Invalid,1.68,1.66
int32_DRAGON_4_e2_2799.smv,Valid,11.75,11.73
int32_DRAGON_4_e3_1540_e1_5048.smv,Valid,13.85,13.82
int32_DRAGON_4_e3_4133.smv,Valid,16.16,16.13
int32_DRAGON_4_e7_2329_e3_4574.smv,Invalid,1.75,1.72
int32_DRAGON_4_e7_2329_e7_3856.smv,Invalid,1.37,1.34
int32_DRAGON_4_e7_2329.smv,Invalid,4.05,4.03
int32_DRAGON_4.smv,Valid,15.89,15.87
int32_DRAGON_5_e1_1835.smv,Valid,24.84,24.81
int32_DRAGON_5_e2_3018_e2_936.smv,Valid,11.4,11.38
int32_DRAGON_5_e7_2017_e1_5832.smv,Invalid,2.83,2.8
int32_DRAGON_5_e7_2017_e2_664.smv,Invalid,1,0.98
int32_DRAGON_5_e7_2017_e3_1763.smv,Invalid,0.91,0.89
int32_DRAGON_5_e7_2017_e7_2326.smv,Invalid,0.81,0.78
int32_DRAGON_5_e7_2017.smv,Invalid,0.98,0.96
int32_DRAGON_5.smv,Valid,11.54,11.51
int32_DRAGON_6_e7_5046_e7_3623.smv,Valid,0.5,0.49
int32_DRAGON_6.smv,Valid,0.33,0.32
int32_DRAGON_7_e2_2872_e2_5844.smv,Timeout,300.16,290.13
int32_DRAGON_7_e2_2872_e3_2640.smv,Timeout,300.14,290.07
int32_DRAGON_7_e7_3157_e2_2082.smv,Timeout,300.14,290.12
int32_DRAGON_7.smv,Timeout,300.16,290.12
int32_DRAGON_8_e2_3896_e3_3125.smv,Valid,32.58,32.55
int32_DRAGON_8_e3_786_e7_4541.smv,Timeout,300.16,290.13
int32_DRAGON_8_e3_786.smv,Valid,18.32,18.3
int32_DRAGON_8_e7_3752.smv,Timeout,300.14,290.1
int32_DRAGON_8.smv,Valid,14.66,14.64
int32_DRAGON_9_e7_1843_e1_5434.smv,Timeout,300.14,290.12
int32_DRAGON_9_e7_1843_e2_1145.smv,Timeout,300.13,290.1
int32_DRAGON_9_e7_1843_e3_5316.smv,Timeout,300.15,290.09
int32_DRAGON_9_e7_1843_e7_2225.smv,Timeout,300.16,290.14
int32_DRAGON_9_e7_1843.smv,Timeout,300.17,290.09
int32_DRAGON_9.smv,Valid,27.01,26.98
int32_DRAGON_all_e1_4022_e1_1759.smv,Timeout,300.15,290.08
int32_DRAGON_all_e1_4022_e2_267.smv,Timeout,300.14,290.06
int32_DRAGON_all_e1_4022_e3_3628.smv,Timeout,300.16,290.08
int32_DRAGON_all_e1_4022_e7_2886.smv,Invalid,0.3,0.27
int32_DRAGON_all_e1_4037.smv,Timeout,300.15,290.07
int32_DRAGON_all_e2_6104_e1_6205.smv,Timeout,300.15,290.07
int32_DRAGON_all_e2_6104_e2_3308.smv,Timeout,300.16,290.08
int32_DRAGON_all_e2_6104_e3_2607.smv,Timeout,300.16,290.1
int32_DRAGON_all_e2_6104.smv,Timeout,300.17,290.1
int32_DRAGON_all_e3_4821_e1_1318.smv,Timeout,300.15,290.1
int32_DRAGON_all_e3_4821_e2_1089.smv,Timeout,300.15,290.09
int32_DRAGON_all_e3_4821_e4_1791.smv,Timeout,300.15,290.1
int32_DRAGON_all_e3_4821_e5_1536.smv,Timeout,300.15,290.13
int32_DRAGON_all_e3_5957.smv,Timeout,300.15,290.05
int32_DRAGON_all_e7_1941_e2_6086.smv,Invalid,0.48,0.46
int32_DRAGON_all_e7_4065.smv,Invalid,0.46,0.45
int32_DRAGON_all.smv,Timeout,300.16,290.1
int32_DRAGON_all2_e2_2073_e8_3691.smv,Invalid,0.65,0.63
int32_DRAGON_all2_e3_4612_e1_6463.smv,Timeout,300.14,290.07
int32_DRAGON_all2_e3_4612_e2_5774.smv,Timeout,300.14,290.09
int32_DRAGON_all2_e3_4612_e3_1543.smv,Timeout,300.16,290.16
int32_DRAGON_all2_e3_4612_e4_3719.smv,Timeout,300.14,290.12
int32_DRAGON_all2_e3_4612_e5_3642.smv,Timeout,300.13,290.07
int32_DRAGON_all2_e3_4612_e8_5861.smv,Invalid,0.66,0.63
int32_DRAGON_all2_e7_5406_e1_6690.smv,Invalid,0.3,0.28
int32_DRAGON_all2_e7_5406_e2_3084.smv,Invalid,0.42,0.39
int32_DRAGON_all2_e7_5406_e3_506.smv,Invalid,0.42,0.4
int32_DRAGON_all2_e7_5406_e7_6697.smv,Invalid,0.35,0.32
int32_DRAGON_all2_e7_5406.smv,Invalid,0.51,0.49
int32_DRAGON_all2_e8_4626.smv,Invalid,0.64,0.62
int32_DRAGON_all2_e8_5504_e1_4719.smv,Invalid,0.66,0.65
int32_DRAGON_all2_e8_5504_e7_579.smv,Invalid,0.38,0.35
int32_DRAGON_all2.smv,Timeout,300.14,290.11
int32_durationThm_1_e1_350.smv,Invalid,0.07,0.05
int32_durationThm_1_e2_3.smv,Invalid,0.07,0.05
int32_durationThm_1_e3_389_e4_294.smv,Invalid,0.07,0.05
int32_durationThm_1_e3_389_e5_5.smv,Invalid,0.07,0.05
int32_durationThm_1_e3_389.smv,Invalid,0.07,0.05
int32_durationThm_1_e7_217_e1_89.smv,Invalid,0.07,0.05
int32_durationThm_1_e7_217_e2_352.smv,Invalid,0.08,0.06
int32_durationThm_1_e7_217_e3_132.smv,Invalid,0.08,0.06
int32_durationThm_1_e7_217_e7_31.smv,Invalid,0.07,0.05
int32_durationThm_1_e7_217.smv,Invalid,0.08,0.06
int32_durationThm_1.smv,Invalid,0.07,0.05
int32_durationThm_2_e1_301.smv,Timeout,300.14,290.09
int32_durationThm_2_e2_63.smv,Valid,0.08,0.05
int32_durationThm_2_e3_329_e4_1.smv,Valid,0.08,0.06
int32_durationThm_2_e3_329_e5_124.smv,Timeout,300.16,290.06
int32_durationThm_2_e3_99.smv,Timeout,300.13,290.09
int32_durationThm_2_e7_145_e1_343.smv,Invalid,0.08,0.06
int32_durationThm_2_e7_145_e2_169.smv,Valid,0.14,0.12
int32_durationThm_2_e7_145_e3_222.smv,Timeout,300.15,290.12
int32_durationThm_2_e7_145_e7_154.smv,Invalid,0.08,0.06
int32_durationThm_2_e7_145_e8_73.smv,Timeout,300.15,290.15
int32_durationThm_2_e7_149.smv,Invalid,0.08,0.06
int32_durationThm_2.smv,Timeout,300.13,290.1
int32_durationThm_3_e1_36.smv,Invalid,0.06,0.04
int32_durationThm_3_e2_63.smv,Invalid,0.07,0.05
int32_durationThm_3_e3_207.smv,Invalid,0.07,0.04
int32_durationThm_3_e3_442_e4_165.smv,Invalid,0.07,0.04
int32_durationThm_3_e3_442_e5_260.smv,Invalid,0.07,0.05
int32_durationThm_3_e7_334_e1_431.smv,Invalid,0.07,0.05
int32_durationThm_3_e7_334_e2_62.smv,Invalid,0.07,0.05
int32_durationThm_3_e7_334_e3_42.smv,Invalid,0.07,0.05
int32_durationThm_3_e7_334_e7_118.smv,Invalid,0.07,0.06
int32_durationThm_3_e7_334.smv,Invalid,0.07,0.04
int32_durationThm_3.smv,Invalid,0.07,0.04
int32_ex3.smv,Timeout,300.14,290.07
int32_ex8_e7_74_e7_740.smv,Invalid,0.08,0.06
int32_ex8_e7_74_e8_302.smv,Invalid,0.08,0.05
int32_ex8_e7_74.smv,Invalid,0.08,0.06
int32_ex8_e8_220_e7_249.smv,Invalid,0.08,0.05
int32_ex8_e8_220.smv,Invalid,0.08,0.05
int32_ex8.smv,Invalid,0.08,0.06
int32_fast_1_e7_2044_e7_1287.smv,Invalid,0.06,0.04
int32_fast_1_e7_2044.smv,Invalid,0.07,0.05
int32_fast_1_e8_747_e7_692.smv,Invalid,0.06,0.04
int32_fast_1_e8_747_e8_1041.smv,Valid,0.07,0.05
int32_fast_1_e8_751.smv,Valid,0.08,0.05
int32_fast_1.smv,Valid,0.07,0.05
int32_fast_2_e7_2526_e7_2736.smv,Invalid,0.06,0.04
int32_fast_2_e7_2526.smv,Invalid,0.07,0.04
int32_fast_2_e8_460_e7_43.smv,Invalid,0.06,0.04
int32_fast_2_e8_460_e8_1920.smv,Valid,0.08,0.06
int32_fast_2_e8_976.smv,Valid,0.08,0.06
int32_fast_2.smv,Valid,0.08,0.06
int32_FIREFLY_1_e1_1092_e1_1486.smv,Invalid,40.41,40.38
int32_FIREFLY_1_e1_1092_e2_1853.smv,Timeout,300.15,290.08
int32_FIREFLY_1_e1_1092_e3_389.smv,Invalid,13.67,13.65
int32_FIREFLY_1_e1_1092_e7_1119.smv,Invalid,0.27,0.24
int32_FIREFLY_1_e1_1092.smv,Invalid,18.3,18.27
int32_FIREFLY_1.smv,Timeout,300.16,290.07
int32_FIREFLY_10_e7_919_e2_3192.smv,Timeout,300.16,290.1
int32_FIREFLY_10.smv,Valid,12.54,12.51
int32_FIREFLY_11_e1_3457.smv,Valid,5.37,5.36
int32_FIREFLY_11_e3_2076_e1_1270.smv,Valid,4.7,4.67
int32_FIREFLY_11.smv,Valid,5.57,5.55
int32_FIREFLY_2_e3_151_e3_1540.smv,Invalid,6.48,6.46
int32_FIREFLY_2.smv,Timeout,300.15,290.08
int32_FIREFLY_3_e2_2236_e1_2305.smv,Valid,54.8,54.78
int32_FIREFLY_3_e2_2236_e2_1058.smv,Timeout,300.13,290.11
int32_FIREFLY_3_e2_2236_e3_2657.smv,Invalid,1.35,1.33
int32_FIREFLY_3_e2_2236_e7_3681.smv,Timeout,300.13,290.12
int32_FIREFLY_3_e2_2236.smv,Timeout,300.15,290.1
int32_FIREFLY_3.smv,Valid,54.77,54.75
int32_FIREFLY_4_e3_3511_e1_2375.smv,Invalid,175.97,175.91
int32_FIREFLY_4_e3_3511_e2_1923.smv,Valid,262.62,262.53
int32_FIREFLY_4_e3_3511_e3_422.smv,Timeout,300.16,290.08
int32_FIREFLY_4_e3_3511_e4_1464.smv,Invalid,181.44,181.42
int32_FIREFLY_4_e3_3511_e5_3248.smv,Valid,264.55,264.48
int32_FIREFLY_4_e3_3511_e7_3568.smv,Invalid,0.18,0.16
int32_FIREFLY_4_e3_3511.smv,Timeout,300.15,290.09
int32_FIREFLY_4.smv,Timeout,300.15,290.08
int32_FIREFLY_5_e1_2552_e7_1169.smv,Timeout,300.14,290.13
int32_FIREFLY_5_e2_2229.smv,Valid,14.62,14.6
int32_FIREFLY_5_e2_2884_e1_2678.smv,Valid,8.25,8.22
int32_FIREFLY_5_e2_2884_e2_1492.smv,Valid,8.53,8.51
int32_FIREFLY_5_e2_2884_e3_1882.smv,Valid,13.51,13.49
int32_FIREFLY_5_e2_2884_e7_3594.smv,Timeout,300.13,290.11
int32_FIREFLY_5.smv,Valid,8.26,8.24
int32_FIREFLY_6_e2_3302.smv,Valid,8.05,8.03
int32_FIREFLY_6.smv,Valid,6.92,6.9
int32_FIREFLY_7.smv,Valid,31.5,31.48
int32_FIREFLY_8_e2_1711_e1_1489.smv,Valid,0.63,0.61
int32_FIREFLY_8_e2_1711_e2_2673.smv,Valid,0.34,0.33
int32_FIREFLY_8_e2_1711_e3_1753.smv,Valid,0.35,0.33
int32_FIREFLY_8_e2_1711_e7_1962.smv,Invalid,0.17,0.15
int32_FIREFLY_8_e2_1711.smv,Valid,0.66,0.64
int32_FIREFLY_8.smv,Valid,0.63,0.62
int32_FIREFLY_9_e7_170_e3_3647.smv,Valid,0.83,0.81
int32_FIREFLY_9.smv,Valid,0.68,0.66
int32_FIREFLY_a3_e1_3233_e1_3123.smv,Invalid,4.85,4.82
int32_FIREFLY_a3_e1_3233_e2_2392.smv,Timeout,300.13,290.05
int32_FIREFLY_a3_e1_3233_e3_2970.smv,Timeout,300.14,290.15
int32_FIREFLY_a3_e1_3233_e7_906.smv,Invalid,0.24,0.22
int32_FIREFLY_a3_e1_3233.smv,Invalid,55.59,55.56
int32_FIREFLY_a3_e2_2086_e1_3235.smv,Timeout,300.15,290.09
int32_FIREFLY_a3_e2_2086_e2_2689.smv,Timeout,300.17,290.13
int32_FIREFLY_a3_e2_2086_e3_2542.smv,Timeout,300.18,290.1
int32_FIREFLY_a3_e2_2086_e7_2614.smv,Invalid,0.24,0.22
int32_FIREFLY_a3_e2_2952.smv,Timeout,300.18,290.1
int32_FIREFLY_a3_e3_314_e1_1979.smv,Invalid,29.65,29.61
int32_FIREFLY_a3_e3_314_e2_2812.smv,Timeout,300.16,290.07
int32_FIREFLY_a3_e3_314_e4_897.smv,Invalid,30.23,30.21
int32_FIREFLY_a3.smv,Timeout,300.15,290.11
int32_FIREFLY_all_e1_1207_e1_1201.smv,Invalid,5.85,5.82
int32_FIREFLY_all_e1_1207_e2_3220.smv,Timeout,300.15,290.11
int32_FIREFLY_all_e1_1207_e3_1928.smv,Invalid,41.27,41.24
int32_FIREFLY_all_e1_1207_e7_156.smv,Invalid,0.28,0.25
int32_FIREFLY_all_e1_3406.smv,Invalid,3.87,3.85
int32_FIREFLY_all_e2_2924_e1_768.smv,Timeout,300.15,290.1
int32_FIREFLY_all_e2_2924_e2_1767.smv,Invalid,4.58,4.56
int32_FIREFLY_all_e2_2924_e3_3946.smv,Invalid,4.96,4.94
int32_FIREFLY_all_e2_2924_e7_3371.smv,Invalid,0.26,0.23
int32_FIREFLY_all_e2_3678.smv,Invalid,41.2,41.17
int32_FIREFLY_all_e3_1600_e1_667.smv,Invalid,12.13,12.1
int32_FIREFLY_all_e3_1600_e2_676.smv,Invalid,6.08,6.06
int32_FIREFLY_all_e3_1600_e3_2055.smv,Invalid,48.55,48.52
int32_FIREFLY_all_e3_1600_e4_2415.smv,Invalid,12.03,12.01
int32_FIREFLY_all_e3_1600_e5_84.smv,Invalid,6.09,6.07
int32_FIREFLY_all_e3_1600_e7_1607.smv,Invalid,0.29,0.26
int32_FIREFLY_all_e3_3496.smv,Invalid,4.88,4.85
int32_FIREFLY_all_e7_1909.smv,Invalid,0.25,0.23
int32_FIREFLY_all.smv,Timeout,300.14,290.09
int32_FIREFLY_luke_1a_e2_284_e1_2924.smv,Valid,4.94,4.92
int32_FIREFLY_luke_1a_e2_284_e2_2755.smv,Valid,5.76,5.73
int32_FIREFLY_luke_1a_e2_284_e3_3091.smv,Valid,5,4.98
int32_FIREFLY_luke_1a_e2_284_e7_998.smv,Invalid,3.66,3.63
int32_FIREFLY_luke_1a_e7_3042_e3_1213.smv,Timeout,300.16,290.13
int32_FIREFLY_luke_1a.smv,Valid,4.92,4.9
int32_FIREFLY_luke_1b_e1_1139_e1_1565.smv,Invalid,31.23,31.2
int32_FIREFLY_luke_1b_e1_1139_e2_2893.smv,Timeout,300.15,290.08
int32_FIREFLY_luke_1b_e1_1139_e3_1839.smv,Invalid,28.41,28.38
int32_FIREFLY_luke_1b_e1_1691.smv,Invalid,46.27,46.24
int32_FIREFLY_luke_1b_e2_3049_e1_946.smv,Timeout,300.14,290.04
int32_FIREFLY_luke_1b_e2_3049_e2_698.smv,Invalid,3.5,3.47
int32_FIREFLY_luke_1b_e2_3049_e3_2697.smv,Invalid,19.74,19.72
int32_FIREFLY_luke_1b_e2_3049.smv,Invalid,28.4,28.38
int32_FIREFLY_luke_1b_e3_671_e1_725.smv,Invalid,32.53,32.5
int32_FIREFLY_luke_1b_e3_671_e2_2131.smv,Invalid,19.5,19.48
int32_FIREFLY_luke_1b_e3_671_e3_941.smv,Invalid,7.27,7.25
int32_FIREFLY_luke_1b_e3_671_e4_147.smv,Invalid,32.43,32.4
int32_FIREFLY_luke_1b_e3_671_e5_1637.smv,Invalid,19.55,19.52
int32_FIREFLY_luke_1b_e3_671_e6_1974.smv,Timeout,300.15,290.1
int32_FIREFLY_luke_1b_e3_671_e7_1882.smv,Invalid,0.25,0.23
int32_FIREFLY_luke_1b_e3_671.smv,Invalid,16.46,16.44
int32_FIREFLY_luke_1b_e7_2574.smv,Invalid,0.25,0.23
int32_FIREFLY_luke_1b_e7_3191_e1_1303.smv,Invalid,0.25,0.23
int32_FIREFLY_luke_1b_e7_3191_e2_1864.smv,Invalid,0.25,0.23
int32_FIREFLY_luke_1b_e7_3191_e7_2146.smv,Invalid,0.25,0.22
int32_FIREFLY_luke_1b.smv,Timeout,300.15,290.09
int32_FIREFLY_luke_2_e2_1375_e1_418.smv,Valid,6.58,6.56
int32_FIREFLY_luke_2_e7_1826_e8_126.smv,Valid,6.47,6.45
int32_FIREFLY_luke_2.smv,Valid,6.61,6.59
int32_FIREFLY_luke_3_e1_2217_e3_1200.smv,Valid,10.35,10.32
int32_FIREFLY_luke_3.smv,Valid,9.51,9.48
int32_FIREFLY_luke_4_e2_325.smv,Valid,6.04,6.02
int32_FIREFLY_luke_4.smv,Valid,4.91,4.89
int32_FIREFLY_luke_5.smv,Timeout,300.14,290.11
int32_FIREFLY_luke_rt_e1_913_e1_1993.smv,Invalid,50.72,50.7
int32_FIREFLY_luke_rt_e1_913_e2_3353.smv,Timeout,300.13,290.09
int32_FIREFLY_luke_rt_e1_913_e3_2128.smv,Invalid,44.2,44.18
int32_FIREFLY_luke_rt_e1_913_e7_1403.smv,Invalid,0.27,0.24
int32_FIREFLY_luke_rt_e1_913.smv,Invalid,15.51,15.48
int32_FIREFLY_luke_rt_e2_3460_e1_1455.smv,Timeout,300.13,290.08
int32_FIREFLY_luke_rt_e2_3460_e2_2670.smv,Invalid,132.46,132.41
int32_FIREFLY_luke_rt_e2_3460_e3_1333.smv,Invalid,7.63,7.6
int32_FIREFLY_luke_rt_e2_3460_e7_471.smv,Invalid,0.27,0.24
int32_FIREFLY_luke_rt_e2_3460.smv,Invalid,44.3,44.28
int32_FIREFLY_luke_rt_e3_1549.smv,Invalid,5.52,5.5
int32_FIREFLY_luke_rt.smv,Timeout,300.14,290.08
int32_FIREFLY_rt_e3_1770_e2_637.smv,Timeout,300.16,290.11
int32_FIREFLY_rt.smv,Timeout,300.15,290.11
int32_FIREFLY_u1_e2_3403_e2_957.smv,Valid,6.25,6.23
int32_FIREFLY_u1_e7_3318.smv,Invalid,1.34,1.32
int32_FIREFLY_u1.smv,Valid,10.76,10.74
int32_Gas.smv,Timeout,300.14,290.08
int32_hysteresis_1.smv,Valid,0.06,0.04
int32_hysteresis_2.smv,Valid,1.65,1.63
int32_hysteresis_3.smv,Valid,1.8,1.77
int32_hysteresis_all.smv,Valid,1.78,1.75
int32_ILLINOIS_1.smv,Valid,0.28,0.26
int32_ILLINOIS_2_e1_834_e1_1895.smv,Invalid,0.2,0.18
int32_ILLINOIS_2_e1_834_e2_3395.smv,Timeout,300.15,290.11
int32_ILLINOIS_2_e1_834_e3_2931.smv,Invalid,0.2,0.18
int32_ILLINOIS_2_e1_834_e7_3738.smv,Invalid,0.23,0.21
int32_ILLINOIS_2_e1_834.smv,Invalid,0.19,0.18
int32_ILLINOIS_2_e2_2367_e1_3182.smv,Timeout,300.17,290.12
int32_ILLINOIS_2_e2_2367_e2_1561.smv,Invalid,0.2,0.18
int32_ILLINOIS_2_e2_2367_e3_1601.smv,Invalid,0.21,0.18
int32_ILLINOIS_2_e2_2367_e7_2728.smv,Invalid,0.24,0.22
int32_ILLINOIS_2_e2_876.smv,Invalid,0.2,0.18
int32_ILLINOIS_2.smv,Timeout,300.16,290.09
int32_ILLINOIS_3_e3_2581_e1_1130.smv,Invalid,0.15,0.12
int32_ILLINOIS_3_e3_2581_e2_2545.smv,Invalid,0.14,0.12
int32_ILLINOIS_3_e3_2581_e3_979.smv,Invalid,0.29,0.26
int32_ILLINOIS_3_e3_2581_e4_958.smv,Invalid,0.14,0.12
int32_ILLINOIS_3_e3_2581_e5_4006.smv,Invalid,0.14,0.13
int32_ILLINOIS_3_e3_2581_e7_3447.smv,Invalid,0.2,0.18
int32_ILLINOIS_3_e3_2581.smv,Invalid,0.38,0.37
int32_ILLINOIS_3.smv,Timeout,300.15,290.12
int32_ILLINOIS_4_e7_2651_e7_2847.smv,Timeout,300.16,290.13
int32_ILLINOIS_4.smv,Valid,13.09,13.08
int32_ILLINOIS_5_e7_692_e7_2865.smv,Valid,0.45,0.43
int32_ILLINOIS_5.smv,Valid,0.27,0.25
int32_ILLINOIS_a1.smv,Valid,7.9,7.88
int32_ILLINOIS_all.smv,Timeout,300.14,290.05
int32_ILLINOIS_r4a.smv,Valid,9.69,9.67
int32_MESI_1_e2_162_e7_1545.smv,Valid,1.13,1.11
int32_MESI_1.smv,Valid,0.27,0.25
int32_MESI_2.smv,Valid,0.16,0.14
int32_MESI_3_e1_2517_e8_2163.smv,Valid,40.69,40.66
int32_MESI_3_e2_819_e1_1145.smv,Valid,55.36,55.33
int32_MESI_3_e2_819_e2_562.smv,Invalid,0.18,0.15
int32_MESI_3_e2_819_e3_2698.smv,Invalid,0.18,0.15
int32_MESI_3_e2_819_e4_1595.smv,Valid,55.07,55.05
int32_MESI_3_e2_819_e5_2554.smv,Invalid,0.18,0.16
int32_MESI_3_e2_819_e6_1459.smv,Valid,32.88,32.85
int32_MESI_3_e2_819_e7_1665.smv,Invalid,0.18,0.16
int32_MESI_3_e2_819_e8_1896.smv,Invalid,0.19,0.16
int32_MESI_3_e2_819.smv,Invalid,0.18,0.15
int32_MESI_3_e3_2669.smv,Valid,49.35,49.32
int32_MESI_3.smv,Valid,55.67,55.64
int32_MESI_4_e7_1140_e7_433.smv,Valid,0.64,0.62
int32_MESI_4.smv,Valid,0.36,0.34
int32_MESI_all_e4_1147_e7_497.smv,Valid,1.24,1.21
int32_MESI_all.smv,Valid,0.73,0.71
int32_MESI_i1_e2_1758_e8_12.smv,Invalid,0.14,0.12
int32_MESI_i1_e2_2656.smv,Invalid,0.14,0.11
int32_MESI_i1_e3_2145_e1_2667.smv,Invalid,0.13,0.11
int32_MESI_i1_e3_2145_e2_2228.smv,Invalid,0.14,0.12
int32_MESI_i1_e3_2145_e3_977.smv,Invalid,0.14,0.12
int32_MESI_i1_e3_2145_e4_1717.smv,Invalid,0.14,0.12
int32_MESI_i1_e3_2145_e5_2391.smv,Invalid,0.14,0.12
int32_MESI_i1_e3_2145_e7_1847.smv,Invalid,0.14,0.12
int32_MESI_i1_e3_2145_e8_2325.smv,Invalid,0.14,0.12
int32_MESI_i1_e3_2145.smv,Invalid,0.13,0.12
int32_MESI_i1_e4_1986_e1_1519.smv,Invalid,9.3,9.27
int32_MESI_i1_e4_1986.smv,Invalid,0.14,0.12
int32_MESI_i1.smv,Invalid,0.14,0.11
int32_MESI_i2.smv,Invalid,0.48,0.46
int32_MESI_i3_e1_447_e1_1292.smv,Valid,9.42,9.38
int32_MESI_i3_e1_447_e2_1098.smv,Invalid,0.13,0.1
int32_MESI_i3_e1_447_e3_1180.smv,Valid,3.81,3.79
int32_MESI_i3_e1_447_e5_2444.smv,Invalid,0.12,0.1
int32_MESI_i3_e1_447_e6_2281.smv,Timeout,300.15,290.11
int32_MESI_i3_e1_447_e7_2194.smv,Invalid,0.82,0.8
int32_MESI_i3_e1_447.smv,Invalid,2.28,2.26
int32_MESI_i3.smv,Invalid,0.13,0.1
int32_MESI_i4_e4_1689.smv,Invalid,2.16,2.14
int32_MESI_i4_e6_2175.smv,Valid,10.4,10.38
int32_MESI_i4_e7_1017_e6_1132.smv,Valid,10.69,10.66
int32_MESI_i4_e8_1381_e1_1837.smv,Invalid,1.65,1.64
int32_MESI_i4_e8_1381_e4_313.smv,Invalid,1.65,1.63
int32_MESI_i4.smv,Invalid,0.86,0.84
int32_metros_1_e1_846_e1_1317.smv,Valid,0.34,0.32
int32_metros_1_e1_846_e2_1394.smv,Valid,0.35,0.33
int32_metros_1_e1_846_e3_1060.smv,Valid,0.37,0.35
int32_metros_1_e1_846_e7_397.smv,Timeout,300.15,290.12
int32_metros_1_e2_1102_e1_317.smv,Valid,0.31,0.29
int32_metros_1_e2_1102_e2_943.smv,Valid,0.35,0.32
int32_metros_1_e2_1102_e3_961.smv,Valid,0.38,0.36
int32_metros_1_e2_1102_e7_1163.smv,Timeout,300.13,290.11
int32_metros_1_e2_627.smv,Valid,0.35,0.33
int32_metros_1_e7_1255_e7_12.smv,Timeout,300.15,290.1
int32_metros_1_e7_606.smv,Timeout,300.13,290.12
int32_metros_1_e8_725_e1_919.smv,Valid,0.1,0.08
int32_metros_1_e8_725_e2_1144.smv,Valid,0.09,0.07
int32_metros_1_e8_725_e3_556.smv,Valid,0.1,0.08
int32_metros_1_e8_725.smv,Valid,0.1,0.08
int32_metros_1.smv,Valid,0.37,0.35
int32_metros_2_e1_1116_e1_556.smv,Invalid,14.07,14.04
int32_metros_2_e1_1116_e2_617.smv,Valid,3.24,3.22
int32_metros_2_e1_1116_e3_287.smv,Invalid,1.17,1.15
int32_metros_2_e1_1116_e7_1440.smv,Invalid,13.51,13.49
int32_metros_2_e1_190.smv,Timeout,300.14,290.1
int32_metros_2_e2_704_e1_389.smv,Invalid,7.6,7.58
int32_metros_2_e2_704_e2_13.smv,Valid,3.31,3.29
int32_metros_2_e2_704_e3_76.smv,Invalid,1.02,1
int32_metros_2_e2_704_e7_810.smv,Invalid,6.17,6.15
int32_metros_2_e2_968.smv,Invalid,60.97,60.95
int32_metros_2_e3_112.smv,Invalid,70.24,70.21
int32_metros_2.smv,Timeout,300.14,290.12
int32_metros_3_e3_1275_e1_1350.smv,Invalid,151.4,151.35
int32_metros_3_e3_1275_e2_454.smv,Timeout,300.15,290.09
int32_metros_3_e3_1275_e3_640.smv,Timeout,300.13,290.12
int32_metros_3_e3_1275_e4_164.smv,Timeout,300.13,290.12
int32_metros_3_e3_1275_e5_846.smv,Timeout,300.14,290.13
int32_metros_3_e3_1275_e6_1315.smv,Timeout,300.13,290.12
int32_metros_3_e3_1275_e7_529.smv,Timeout,300.16,290.08
int32_metros_3_e3_1275.smv,Timeout,300.13,290.13
int32_metros_3_e4_987_e1_1115.smv,Timeout,300.14,290.1
int32_metros_3_e4_987_e2_80.smv,Timeout,300.15,290.13
int32_metros_3_e4_987_e3_291.smv,Timeout,300.14,290.13
int32_metros_3_e4_987.smv,Timeout,300.13,290.1
int32_metros_3.smv,Timeout,300.14,290.14
int32_metros_4_e1_821_e5_911.smv,Timeout,300.15,290.1
int32_metros_4_e1_917.smv,Timeout,300.13,290.08
int32_metros_4_e2_968_e1_956.smv,Invalid,40.69,40.67
int32_metros_4_e2_968_e2_1166.smv,Timeout,300.13,290.11
int32_metros_4_e2_968_e3_931.smv,Timeout,300.14,290.1
int32_metros_4_e2_968_e4_801.smv,Invalid,129,128.96
int32_metros_4_e2_968_e5_991.smv,Invalid,182.33,182.31
int32_metros_4_e2_968_e6_236.smv,Invalid,21.35,21.33
int32_metros_4_e2_968_e7_860.smv,Invalid,184.3,184.24
int32_metros_4_e2_968.smv,Invalid,141.51,141.48
int32_metros_4_e3_1025.smv,Invalid,222.19,222.1
int32_metros_4_e3_1091_e1_1044.smv,Invalid,39.66,39.62
int32_metros_4_e3_1091_e2_1317.smv,Timeout,300.13,290.08
int32_metros_4_e3_1091_e3_522.smv,Timeout,300.15,290.09
int32_metros_4_e3_1091_e4_232.smv,Invalid,141.53,141.49
int32_metros_4_e5_1150.smv,Timeout,300.14,290.08
int32_metros_4.smv,Timeout,300.14,290.08
int32_metros_5_e4_1208_e1_337.smv,Timeout,300.13,290.14
int32_metros_5.smv,Timeout,300.14,290.1
int32_microwave01.smv,Timeout,300.14,290.08
int32_microwave02.smv,Valid,0.53,0.51
int32_microwave03.smv,Timeout,300.14,290.05
int32_microwave04.smv,Timeout,300.16,290.19
int32_microwave05.smv,Timeout,300.15,290.1
int32_microwave06.smv,Timeout,300.13,290.03
int32_microwave07.smv,Timeout,300.14,290.15
int32_microwave08.smv,Timeout,300.15,290.1
int32_microwave09.smv,Timeout,300.16,290.1
int32_microwave10.smv,Timeout,300.13,290.11
int32_microwave11.smv,Timeout,300.15,290.11
int32_microwave12.smv,Timeout,300.15,290.14
int32_microwave13.smv,Timeout,300.16,290.1
int32_microwave14.smv,Timeout,300.15,290.13
int32_microwave15.smv,Valid,0.53,0.51
int32_microwave16.smv,Valid,0.58,0.55
int32_microwave17.smv,Timeout,300.14,290.14
int32_microwave18.smv,Invalid,33.24,33.22
int32_microwave19.smv,Valid,213.67,213.6
int32_microwave20.smv,Invalid,0.9,0.88
int32_microwave21.smv,Timeout,300.16,290.11
int32_microwave22.smv,Timeout,300.15,290.1
int32_microwave23.smv,Invalid,21.84,21.81
int32_microwave24.smv,Timeout,300.13,290.05
int32_microwave25.smv,Invalid,0.99,0.97
int32_microwave26.smv,Timeout,300.17,290.13
int32_microwave27.smv,Timeout,300.16,290.08
int32_microwave28.smv,Invalid,40.54,40.52
int32_microwave29.smv,Timeout,300.14,290.13
int32_microwave30.smv,Timeout,300.13,290.09
int32_microwave31.smv,Invalid,223.09,223.02
int32_microwave32.smv,Timeout,300.14,290.13
int32_microwave33.smv,Timeout,300.15,290.09
int32_microwave34.smv,Timeout,300.15,290.15
int32_microwave35.smv,Timeout,300.14,290.11
int32_microwave36.smv,Invalid,144.68,144.66
int32_microwave37.smv,Timeout,300.14,290.14
int32_microwave38.smv,Timeout,300.14,290.11
int32_microwave39.smv,Timeout,300.14,290.09
int32_microwave40.smv,Invalid,0.74,0.72
int32_MOESI_1_e2_982_e7_492.smv,Valid,0.67,0.64
int32_MOESI_1_e3_1884_e7_1875.smv,Valid,0.53,0.51
int32_MOESI_1.smv,Valid,0.46,0.43
int32_MOESI_2_e1_1753_e1_1510.smv,Invalid,0.23,0.21
int32_MOESI_2_e1_1753_e2_615.smv,Invalid,0.25,0.22
int32_MOESI_2_e1_1753_e3_2021.smv,Invalid,32.53,32.51
int32_MOESI_2_e1_1753.smv,Timeout,300.15,290.1
int32_MOESI_2_e2_155.smv,Timeout,300.13,290.03
int32_MOESI_2_e2_1599_e1_2383.smv,Invalid,0.22,0.2
int32_MOESI_2_e2_1599_e2_1815.smv,Invalid,0.21,0.19
int32_MOESI_2_e2_1599_e3_1658.smv,Timeout,300.15,290.07
int32_MOESI_2_e2_1599_e8_1334.smv,Timeout,300.15,290.04
int32_MOESI_2_e3_929_e1_2319.smv,Invalid,0.24,0.22
int32_MOESI_2_e3_929_e2_2421.smv,Invalid,0.23,0.21
int32_MOESI_2_e3_929_e3_2294.smv,Invalid,4.92,4.9
int32_MOESI_2_e3_929_e4_578.smv,Timeout,300.15,290.12
int32_MOESI_2_e3_929_e5_1826.smv,Timeout,300.13,290.05
int32_MOESI_2_e3_929_e6_2707.smv,Timeout,300.15,290.07
int32_MOESI_2_e3_929_e7_619.smv,Invalid,0.23,0.2
int32_MOESI_2_e3_929_e8_1167.smv,Timeout,300.15,290.09
int32_MOESI_2_e3_929.smv,Timeout,300.15,290.13
int32_MOESI_2_e7_2607.smv,Invalid,0.22,0.2
int32_MOESI_2_e7_2910_e1_1021.smv,Invalid,0.21,0.18
int32_MOESI_2_e7_2910_e2_611.smv,Invalid,0.22,0.2
int32_MOESI_2_e7_2910_e7_1804.smv,Invalid,0.25,0.22
int32_MOESI_2_e8_101.smv,Timeout,300.14,290.11
int32_MOESI_2_e8_926_e1_1065.smv,Timeout,300.14,290.05
int32_MOESI_2_e8_926_e7_961.smv,Invalid,0.22,0.19
int32_MOESI_2_e8_926_e8_2138.smv,Timeout,300.15,290.05
int32_MOESI_2.smv,Timeout,300.16,290.1
int32_MOESI_all_e3_2032_e3_2788.smv,Invalid,1.31,1.29
int32_MOESI_all.smv,Timeout,300.15,290.12
int32_peterson_1_e7_4234.smv,Timeout,300.15,290.12
int32_peterson_1.smv,Valid,7.83,7.8
int32_peterson_2.smv,Valid,7.62,7.59
int32_peterson_3.smv,Valid,11.42,11.4
int32_peterson_4.smv,Valid,10.52,10.5
int32_peterson_all.smv,Valid,34.78,34.75
int32_peterson_vt.smv,Timeout,300.19,290.11
int32_PRODUCER_CONSUMER_1.smv,Valid,0.32,0.3
int32_PRODUCER_CONSUMER_2.smv,Valid,0.12,0.1
int32_PRODUCER_CONSUMER_3.smv,Valid,0.12,0.1
int32_PRODUCER_CONSUMER_all.smv,Valid,0.17,0.14
int32_PRODUCER_CONSUMER_vt_e2_1352.smv,Timeout,300.14,290.12
int32_PRODUCER_CONSUMER_vt_e3_507.smv,Timeout,300.14,290.13
int32_PRODUCER_CONSUMER_vt_e7_1059_e8_1111.smv,Timeout,300.14,290.12
int32_PRODUCER_CONSUMER_vt.smv,Timeout,300.13,290.11
int32_PRODUCER_CONSUMMER_luke_1.smv,Invalid,0.1,0.07
int32_PRODUCER_CONSUMMER_luke_2_e7_1068_e8_1019.smv,Timeout,300.13,290.11
int32_PRODUCER_CONSUMMER_luke_2.smv,Timeout,300.14,290.09
int32_readwrit.smv,Timeout,300.16,290.13
int32_rtp_1.smv,Valid,0.27,0.24
int32_rtp_10_e7_106_e7_2564.smv,Timeout,300.16,290.1
int32_rtp_10.smv,Valid,1.48,1.45
int32_rtp_2.smv,Valid,0.3,0.28
int32_rtp_3.smv,Valid,1.9,1.89
int32_rtp_4.smv,Valid,0.82,0.8
int32_rtp_5_e7_3972.smv,Timeout,300.27,290.15
int32_rtp_5.smv,Valid,0.58,0.55
int32_rtp_6.smv,Valid,0.77,0.75
int32_rtp_7.smv,Valid,1,0.98
int32_rtp_8.smv,Valid,0.88,0.86
int32_rtp_9.smv,Valid,1.43,1.4
int32_rtp_all_e7_2500.smv,Timeout,300.21,290.1
int32_rtp_all.smv,Valid,9.52,9.49
int32_rtp_vt.smv,Valid,41.01,40.99
int32_speed_e7_207_e7_538.smv,Valid,0.06,0.04
int32_speed_e7_207_e8_507.smv,Valid,0.06,0.04
int32_speed_e7_207.smv,Valid,0.06,0.04
int32_speed_e8_649_e7_709.smv,Valid,0.06,0.04
int32_speed_e8_649.smv,Valid,0.06,0.04
int32_speed2_e7_223_e7_213.smv,Timeout,300.15,290.07
int32_speed2_e7_223_e8_329.smv,Timeout,300.14,290.08
int32_speed2_e7_496.smv,Timeout,300.15,290.12
int32_speed2_e8_449_e7_353.smv,Timeout,300.14,290.1
int32_speed2_e8_449_e8_517.smv,Valid,0.1,0.07
int32_speed2_e8_449.smv,Valid,0.11,0.09
int32_speed2.smv,Timeout,300.14,290.1
int32_steam_boiler_no_arr1_e4_23904_e4_2384.smv,Timeout,300.13,290.14
int32_steam_boiler_no_arr1.smv,Timeout,300.12,290.13
int32_steam_boiler_no_arr2_e1_17214_e5_18600.smv,Valid,0.09,0.06
int32_steam_boiler_no_arr2_e3_514_e4_11150.smv,Valid,0.09,0.07
int32_steam_boiler_no_arr2_e6_3003_e4_15091.smv,Valid,0.09,0.07
int32_steam_boiler_no_arr2_e7_12307.smv,Valid,0.09,0.07
int32_steam_boiler_no_arr2_e8_21449_e5_18210.smv,Valid,0.08,0.06
int32_steam_boiler_no_arr2.smv,Valid,0.09,0.07
int32_swimmingpool_1_e7_1621.smv,Timeout,300.19,290.18
int32_swimmingpool_1.smv,Invalid,240.15,240.07
int32_swimmingpool_2.smv,Invalid,0.17,0.15
int32_swimmingpool_3.smv,Invalid,0.86,0.84
int32_swimmingpool_4_e7_2197.smv,Invalid,2.01,1.98
int32_swimmingpool_4.smv,Invalid,2.3,2.27
int32_swimmingpool_5.smv,Invalid,2.12,2.1
int32_swimmingpool_6_e7_10_e7_341.smv,Invalid,14.39,14.36
int32_swimmingpool_6_e7_399.smv,Invalid,13.63,13.6
int32_swimmingpool_6.smv,Invalid,7.28,7.25
int32_swimmingpool_7.smv,Invalid,18.74,18.72
int32_swimmingpool_8.smv,Invalid,19.03,19.01
int32_swimmingpool_9.smv,Invalid,75.35,75.34
int32_SYNAPSE_1.smv,Valid,0.12,0.09
int32_SYNAPSE_123_e2_1653.smv,Invalid,0.21,0.19
int32_SYNAPSE_123_e3_302_e1_1141.smv,Invalid,1.1,1.08
int32_SYNAPSE_123_e3_302.smv,Invalid,2.86,2.84
int32_SYNAPSE_123_e7_837_e2_1394.smv,Invalid,0.22,0.21
int32_SYNAPSE_123_e7_837_e3_135.smv,Invalid,4.1,4.08
int32_SYNAPSE_123_e7_837_e7_1262.smv,Timeout,300.13,290.11
int32_SYNAPSE_123_e7_856.smv,Valid,69.92,69.89
int32_SYNAPSE_123_e8_953_e1_1128.smv,Invalid,0.16,0.13
int32_SYNAPSE_123_e8_953_e2_458.smv,Invalid,0.16,0.15
int32_SYNAPSE_123_e8_953_e3_271.smv,Invalid,3.47,3.45
int32_SYNAPSE_123_e8_953_e7_1465.smv,Timeout,300.14,290.06
int32_SYNAPSE_123_e8_953_e8_941.smv,Valid,135.46,135.44
int32_SYNAPSE_123_e8_953.smv,Valid,124.8,124.77
int32_SYNAPSE_123.smv,Valid,151.18,151.13
int32_SYNAPSE_2_e1_1239_e1_1331.smv,Invalid,0.15,0.13
int32_SYNAPSE_2_e1_1239_e2_74.smv,Invalid,0.15,0.13
int32_SYNAPSE_2_e1_1239.smv,Invalid,0.15,0.13
int32_SYNAPSE_2_e3_216.smv,Invalid,1.73,1.71
int32_SYNAPSE_2_e8_1118_e1_667.smv,Invalid,0.13,0.1
int32_SYNAPSE_2_e8_1118_e2_237.smv,Invalid,0.12,0.11
int32_SYNAPSE_2_e8_1118_e3_1216.smv,Invalid,0.71,0.69
int32_SYNAPSE_2_e8_1118_e7_1043.smv,Valid,84.35,84.32
int32_SYNAPSE_2_e8_1118_e8_1177.smv,Valid,147.62,147.59
int32_SYNAPSE_2_e8_656.smv,Valid,103.25,103.24
int32_SYNAPSE_2.smv,Valid,69.28,69.26
int32_SYNAPSE_3_e1_1416_e1_1675.smv,Invalid,0.15,0.13
int32_SYNAPSE_3_e1_1416_e2_753.smv,Invalid,0.15,0.13
int32_SYNAPSE_3_e1_1416_e3_1191.smv,Invalid,0.16,0.14
int32_SYNAPSE_3_e1_1416_e7_193.smv,Invalid,0.18,0.16
int32_SYNAPSE_3_e1_1416.smv,Invalid,0.15,0.13
int32_SYNAPSE_3_e3_1041.smv,Invalid,2.07,2.04
int32_SYNAPSE_3_e7_1444_e7_638.smv,Valid,97.6,97.56
int32_SYNAPSE_3_e7_425.smv,Valid,200.54,200.48
int32_SYNAPSE_3_e8_1329_e1_1270.smv,Invalid,0.13,0.11
int32_SYNAPSE_3_e8_1329_e2_236.smv,Invalid,0.12,0.1
int32_SYNAPSE_3_e8_1329_e3_421.smv,Invalid,11.26,11.23
int32_SYNAPSE_3_e8_1329_e7_1062.smv,Valid,67.14,67.12
int32_SYNAPSE_3_e8_1329_e8_320.smv,Valid,230.92,230.85
int32_SYNAPSE_3_e8_1708.smv,Valid,143.1,143.03
int32_SYNAPSE_3.smv,Valid,80.15,80.12
int32_SYNAPSE_4_e8_420_e7_572.smv,Valid,0.21,0.19
int32_SYNAPSE_4_e8_420_e8_1525.smv,Valid,0.2,0.18
int32_SYNAPSE_4_e8_974.smv,Valid,0.22,0.2
int32_SYNAPSE_4.smv,Valid,0.22,0.2
int32_SYNAPSE_5_e1_811_e1_823.smv,Invalid,0.79,0.78
int32_SYNAPSE_5_e1_811_e2_1026.smv,Invalid,1.19,1.16
int32_SYNAPSE_5_e1_811.smv,Invalid,0.57,0.54
int32_SYNAPSE_5_e2_1525.smv,Timeout,300.14,290.07
int32_SYNAPSE_5.smv,Timeout,300.14,290.11
int32_SYNAPSE_6_e2_1439_e1_954.smv,Timeout,300.14,290.08
int32_SYNAPSE_6_e3_1666_e5_1558.smv,Timeout,300.15,290.08
int32_SYNAPSE_6_e7_938_e2_1012.smv,Timeout,300.13,290.12
int32_SYNAPSE_6_e8_1147_e2_1326.smv,Timeout,300.15,290.08
int32_SYNAPSE_6.smv,Timeout,300.13,290.11
int32_SYNAPSE_all_e3_1750.smv,Invalid,5.91,5.89
int32_SYNAPSE_all_e3_1864_e3_495.smv,Invalid,5.71,5.68
int32_SYNAPSE_all_e3_1864_e4_34.smv,Invalid,0.19,0.17
int32_SYNAPSE_all_e3_1864_e5_1637.smv,Invalid,0.23,0.22
int32_SYNAPSE_all_e3_1864_e7_251.smv,Invalid,5.37,5.35
int32_SYNAPSE_all_e7_907_e7_1363.smv,Valid,108.94,108.92
int32_SYNAPSE_all_e7_907.smv,Valid,77.34,77.31
int32_SYNAPSE_all_e8_251_e1_1852.smv,Invalid,0.14,0.12
int32_SYNAPSE_all_e8_251_e2_1053.smv,Invalid,0.13,0.12
int32_SYNAPSE_all_e8_251_e3_1472.smv,Invalid,5.07,5.04
int32_SYNAPSE_all_e8_251.smv,Valid,120.24,120.22
int32_SYNAPSE_all.smv,Timeout,300.14,290.08
int32_SYNAPSE_i1.smv,Invalid,0.11,0.08
int32_ticket3i_1_e7_1669.smv,Valid,0.39,0.37
int32_ticket3i_1.smv,Valid,0.41,0.39
int32_ticket3i_2.smv,Invalid,8.46,8.43
int32_ticket3i_3_e7_1312_e7_1495.smv,Invalid,0.19,0.16
int32_ticket3i_3_e7_1312_e8_1916.smv,Invalid,0.17,0.14
int32_ticket3i_3_e7_99.smv,Invalid,0.17,0.15
int32_ticket3i_3_e8_1703_e7_3491.smv,Invalid,0.17,0.15
int32_ticket3i_3_e8_1703_e8_2560.smv,Invalid,0.17,0.15
int32_ticket3i_3_e8_1703.smv,Invalid,0.17,0.14
int32_ticket3i_3.smv,Invalid,0.18,0.16
int32_ticket3i_4_e7_1775_e7_3320.smv,Valid,0.3,0.28
int32_ticket3i_4.smv,Valid,0.28,0.25
int32_ticket3i_5_e7_3307.smv,Valid,0.31,0.28
int32_ticket3i_5.smv,Valid,0.3,0.28
int32_ticket3i_6_e7_1096_e7_2688.smv,Valid,0.3,0.28
int32_ticket3i_6.smv,Valid,0.3,0.27
int32_ticket3i_7_e1_2192_e1_1852.smv,Valid,0.61,0.59
int32_ticket3i_7_e2_2724_e7_524.smv,Valid,0.63,0.6
int32_ticket3i_7_e3_59_e7_2122.smv,Valid,0.62,0.6
int32_ticket3i_7_e7_3176_e1_2924.smv,Valid,0.67,0.64
int32_ticket3i_7_e7_3176.smv,Valid,0.64,0.63
int32_ticket3i_7_e8_2126_e7_78.smv,Valid,0.71,0.68
int32_ticket3i_7.smv,Valid,0.55,0.54
int32_ticket3i_all_e1_2706_e7_1776.smv,Valid,0.65,0.62
int32_ticket3i_all_e2_1117_e7_553.smv,Valid,0.85,0.83
int32_ticket3i_all_e3_557_e7_3464.smv,Valid,0.81,0.79
int32_ticket3i_all_e7_591.smv,Valid,0.87,0.85
int32_ticket3i_all_e8_505_e7_2450.smv,Valid,0.81,0.78
int32_ticket3i_all.smv,Valid,1.08,1.05
int32_traffic_e7_46_e7_171.smv,Invalid,0.06,0.04
int32_traffic_e7_46.smv,Invalid,0.06,0.04
int32_traffic.smv,Valid,0.13,0.1
int32_twisted_counters.smv,Valid,0.23,0.21
int32_two_counters_e1_268.smv,Invalid,0.05,0.03
int32_two_counters_e2_3.smv,Invalid,0.05,0.03
int32_two_counters_e3_325.smv,Invalid,0.06,0.04
int32_two_counters_e7_222.smv,Invalid,0.05,0.03
int32_two_counters.smv,Valid,0.1,0.08
MESI_1_e2_162_e7_1545.smv,Valid,0.06,0.04
MESI_1.smv,Valid,0.06,0.04
MESI_2.smv,Valid,0.06,0.03
MESI_3_e1_2517_e8_2163.smv,Valid,0.14,0.12
MESI_3_e2_819_e1_1145.smv,Valid,0.15,0.13
MESI_3_e2_819_e2_562.smv,Invalid,0.07,0.05
MESI_3_e2_819_e3_2698.smv,Invalid,0.07,0.05
MESI_3_e2_819_e4_1595.smv,Valid,0.15,0.13
MESI_3_e2_819_e5_2554.smv,Invalid,0.07,0.05
MESI_3_e2_819_e6_1459.smv,Valid,0.14,0.12
MESI_3_e2_819_e7_1665.smv,Invalid,0.07,0.05
MESI_3_e2_819_e8_1896.smv,Invalid,0.07,0.05
MESI_3_e2_819.smv,Invalid,0.07,0.05
MESI_3_e3_2669.smv,Valid,0.15,0.12
MESI_3.smv,Valid,0.15,0.13
MESI_4_e7_1140_e7_433.smv,Valid,0.06,0.04
MESI_4.smv,Valid,0.06,0.04
MESI_all_e4_1147_e7_497.smv,Valid,0.08,0.06
MESI_all.smv,Valid,0.07,0.05
MESI_i1_e2_1758_e8_12.smv,Invalid,0.06,0.04
MESI_i1_e2_2656.smv,Invalid,0.06,0.04
MESI_i1_e3_2145_e1_2667.smv,Invalid,0.06,0.04
MESI_i1_e3_2145_e2_2228.smv,Invalid,0.06,0.04
MESI_i1_e3_2145_e3_977.smv,Invalid,0.06,0.04
MESI_i1_e3_2145_e4_1717.smv,Invalid,0.06,0.04
MESI_i1_e3_2145_e5_2391.smv,Invalid,0.07,0.05
MESI_i1_e3_2145_e7_1847.smv,Invalid,0.07,0.05
MESI_i1_e3_2145_e8_2325.smv,Invalid,0.06,0.04
MESI_i1_e3_2145.smv,Invalid,0.07,0.04
MESI_i1_e4_1986_e1_1519.smv,Invalid,0.12,0.1
MESI_i1_e4_1986.smv,Invalid,0.07,0.04
MESI_i1.smv,Invalid,0.06,0.04
MESI_i2.smv,Invalid,0.16,0.13
MESI_i3_e1_447_e1_1292.smv,Valid,0.21,0.19
MESI_i3_e1_447_e2_1098.smv,Invalid,0.06,0.03
MESI_i3_e1_447_e3_1180.smv,Valid,0.19,0.17
MESI_i3_e1_447_e5_2444.smv,Invalid,0.05,0.03
MESI_i3_e1_447_e6_2281.smv,Valid,0.24,0.22
MESI_i3_e1_447_e7_2194.smv,Invalid,0.2,0.18
MESI_i3_e1_447.smv,Invalid,0.2,0.18
MESI_i3.smv,Invalid,0.06,0.04
MESI_i4_e4_1689.smv,Invalid,0.24,0.21
MESI_i4_e6_2175.smv,Valid,1.25,1.23
MESI_i4_e7_1017_e6_1132.smv,Valid,1,0.98
MESI_i4_e8_1381_e1_1837.smv,Invalid,0.28,0.26
MESI_i4_e8_1381_e4_313.smv,Invalid,0.28,0.25
MESI_i4.smv,Invalid,0.26,0.23
metros_1_e1_846_e1_1317.smv,Valid,0.09,0.07
metros_1_e1_846_e2_1394.smv,Valid,0.09,0.07
metros_1_e1_846_e3_1060.smv,Valid,0.09,0.07
metros_1_e1_846_e7_397.smv,Valid,5.74,5.71
metros_1_e2_1102_e1_317.smv,Valid,0.09,0.07
metros_1_e2_1102_e2_943.smv,Valid,0.09,0.07
metros_1_e2_1102_e3_961.smv,Valid,0.09,0.07
metros_1_e2_1102_e7_1163.smv,Valid,0.93,0.91
metros_1_e2_627.smv,Valid,0.09,0.07
metros_1_e7_1255_e7_12.smv,Valid,1.08,1.06
metros_1_e7_606.smv,Valid,4.96,4.93
metros_1_e8_725_e1_919.smv,Valid,0.06,0.03
metros_1_e8_725_e2_1144.smv,Valid,0.06,0.03
metros_1_e8_725_e3_556.smv,Valid,0.06,0.04
metros_1_e8_725.smv,Valid,0.07,0.04
metros_1.smv,Valid,0.1,0.08
metros_2_e1_1116_e1_556.smv,Invalid,1.15,1.12
metros_2_e1_1116_e2_617.smv,Valid,0.13,0.11
metros_2_e1_1116_e3_287.smv,Invalid,0.55,0.53
metros_2_e1_1116_e7_1440.smv,Invalid,1.27,1.25
metros_2_e1_190.smv,Valid,2.67,2.64
metros_2_e2_704_e1_389.smv,Invalid,0.99,0.97
metros_2_e2_704_e2_13.smv,Valid,0.14,0.12
metros_2_e2_704_e3_76.smv,Invalid,0.38,0.36
metros_2_e2_704_e7_810.smv,Invalid,1.15,1.13
metros_2_e2_968.smv,Invalid,5.19,5.16
metros_2_e3_112.smv,Invalid,1.73,1.7
metros_2.smv,Valid,53.75,53.72
metros_3_e3_1275_e1_1350.smv,Invalid,3.94,3.93
metros_3_e3_1275_e2_454.smv,Valid,0.07,0.05
metros_3_e3_1275_e3_640.smv,Valid,0.07,0.05
metros_3_e3_1275_e4_164.smv,Invalid,15.81,15.78
metros_3_e3_1275_e5_846.smv,Invalid,11.1,11.08
metros_3_e3_1275_e6_1315.smv,Timeout,300.17,290.08
metros_3_e3_1275_e7_529.smv,Invalid,12.07,12.05
metros_3_e3_1275.smv,Invalid,13.37,13.34
metros_3_e4_987_e1_1115.smv,Timeout,300.15,290.07
metros_3_e4_987_e2_80.smv,Invalid,26.57,26.53
metros_3_e4_987_e3_291.smv,Invalid,11.62,11.59
metros_3_e4_987.smv,Timeout,300.27,290.14
metros_3.smv,Timeout,300.16,290.04
metros_4_e1_821_e5_911.smv,Timeout,300.18,290.06
metros_4_e1_917.smv,Timeout,300.18,290.11
metros_4_e2_968_e1_956.smv,Invalid,2.14,2.12
metros_4_e2_968_e2_1166.smv,Valid,0.08,0.06
metros_4_e2_968_e3_931.smv,Valid,0.08,0.06
metros_4_e2_968_e4_801.smv,Invalid,6.09,6.07
metros_4_e2_968_e5_991.smv,Invalid,7.68,7.66
metros_4_e2_968_e6_236.smv,Invalid,1.55,1.52
metros_4_e2_968_e7_860.smv,Invalid,4.97,4.95
metros_4_e2_968.smv,Invalid,6.29,6.28
metros_4_e3_1025.smv,Invalid,6.37,6.34
metros_4_e3_1091_e1_1044.smv,Invalid,2.22,2.2
metros_4_e3_1091_e2_1317.smv,Valid,0.08,0.05
metros_4_e3_1091_e3_522.smv,Valid,0.08,0.05
metros_4_e3_1091_e4_232.smv,Invalid,6.24,6.22
metros_4_e5_1150.smv,Timeout,300.16,290.02
metros_4.smv,Timeout,300.17,290.03
metros_5_e4_1208_e1_337.smv,Timeout,300.16,290.1
metros_5.smv,Timeout,300.16,290.05
microwave01.smv,Timeout,300.14,290.19
microwave02.smv,Valid,0.14,0.12
microwave03.smv,Timeout,300.14,290.12
microwave04.smv,Timeout,300.14,290.14
microwave05.smv,Timeout,300.14,290.14
microwave06.smv,Timeout,300.14,290.14
microwave07.smv,Timeout,300.14,290.15
microwave08.smv,Timeout,300.13,290.1
microwave09.smv,Timeout,300.12,290.13
microwave10.smv,Timeout,300.14,290.13
microwave11.smv,Timeout,300.14,290.15
microwave12.smv,Timeout,300.13,290.14
microwave13.smv,Timeout,300.13,290.14
microwave14.smv,Invalid,18.89,18.86
microwave15.smv,Valid,0.14,0.12
microwave16.smv,Valid,0.14,0.11
microwave17.smv,Timeout,300.14,290.12
microwave18.smv,Invalid,82.3,82.27
microwave19.smv,Timeout,300.14,290.13
microwave20.smv,Invalid,0.24,0.22
microwave21.smv,Valid,0.13,0.11
microwave22.smv,Timeout,300.12,290.14
microwave23.smv,Timeout,300.14,290.14
microwave24.smv,Timeout,300.15,290.14
microwave25.smv,Invalid,0.33,0.32
microwave26.smv,Error,0.66,0.1
microwave27.smv,Timeout,300.14,290.13
microwave28.smv,Timeout,300.14,290.15
microwave29.smv,Timeout,300.13,290.15
microwave30.smv,Timeout,300.13,290.16
microwave31.smv,Timeout,300.14,290.15
microwave32.smv,Timeout,300.14,290.15
microwave33.smv,Timeout,300.14,290.1
microwave34.smv,Timeout,300.14,290.13
microwave35.smv,Timeout,300.12,290.12
microwave36.smv,Timeout,300.13,290.13
microwave37.smv,Invalid,38.96,38.94
microwave38.smv,Timeout,300.14,290.13
microwave39.smv,Timeout,300.13,290.1
microwave40.smv,Invalid,0.18,0.16
Mode_Logic__1.smv,Timeout,300.13,290.13
Mode_Logic__10.smv,Valid,1.81,1.79
Mode_Logic__100.smv,Valid,170.46,170.39
Mode_Logic__101.smv,Timeout,300.14,290.16
Mode_Logic__102.smv,Timeout,300.12,290.15
Mode_Logic__103.smv,Timeout,300.12,290.15
Mode_Logic__104.smv,Timeout,300.14,290.24
Mode_Logic__105.smv,Timeout,300.14,290.15
Mode_Logic__106.smv,Timeout,300.14,290.14
Mode_Logic__107.smv,Timeout,300.13,290.12
Mode_Logic__108.smv,Timeout,300.14,290.14
Mode_Logic__109.smv,Timeout,300.12,290.15
Mode_Logic__11.smv,Timeout,300.14,290.14
Mode_Logic__110.smv,Timeout,300.12,290.13
Mode_Logic__111.smv,Timeout,300.14,290.15
Mode_Logic__112.smv,Timeout,300.14,290.16
Mode_Logic__113.smv,Timeout,300.14,290.17
Mode_Logic__114.smv,Timeout,300.14,290.12
Mode_Logic__115.smv,Timeout,300.14,290.13
Mode_Logic__116.smv,Timeout,300.13,290.16
Mode_Logic__117.smv,Timeout,300.13,290.15
Mode_Logic__118.smv,Timeout,300.12,290.17
Mode_Logic__12.smv,Timeout,300.13,290.18
Mode_Logic__13.smv,Timeout,300.14,290.14
Mode_Logic__14.smv,Timeout,300.12,290.16
Mode_Logic__15.smv,Valid,1.8,1.78
Mode_Logic__16.smv,Timeout,300.14,290.16
Mode_Logic__17.smv,Timeout,300.12,290.17
Mode_Logic__18.smv,Timeout,300.13,290.18
Mode_Logic__19.smv,Timeout,300.13,290.18
Mode_Logic__2.smv,Timeout,300.15,290.12
Mode_Logic__20.smv,Timeout,300.12,290.17
Mode_Logic__21.smv,Timeout,300.14,290.17
Mode_Logic__22.smv,Timeout,300.12,290.15
Mode_Logic__23.smv,Timeout,300.13,290.16
Mode_Logic__24.smv,Timeout,300.13,290.16
Mode_Logic__25.smv,Timeout,300.13,290.16
Mode_Logic__26.smv,Timeout,300.12,290.13
Mode_Logic__27.smv,Timeout,300.12,290.17
Mode_Logic__28.smv,Timeout,300.13,290.13
Mode_Logic__29.smv,Timeout,300.13,290.16
Mode_Logic__3.smv,Timeout,300.14,290.13
Mode_Logic__30.smv,Timeout,300.14,290.17
Mode_Logic__31.smv,Timeout,300.14,290.16
Mode_Logic__32.smv,Timeout,300.12,290.11
Mode_Logic__33.smv,Timeout,300.13,290.17
Mode_Logic__34.smv,Timeout,300.14,290.14
Mode_Logic__35.smv,Timeout,300.14,290.17
Mode_Logic__36.smv,Timeout,300.14,290.16
Mode_Logic__37.smv,Timeout,300.12,290.17
Mode_Logic__38.smv,Timeout,300.14,290.12
Mode_Logic__39.smv,Timeout,300.12,290.14
Mode_Logic__4.smv,Timeout,300.13,290.15
Mode_Logic__40.smv,Timeout,300.14,290.14
Mode_Logic__41.smv,Timeout,300.13,290.17
Mode_Logic__42.smv,Timeout,300.14,290.15
Mode_Logic__43.smv,Timeout,300.13,290.17
Mode_Logic__44.smv,Timeout,300.14,290.15
Mode_Logic__45.smv,Timeout,300.14,290.13
Mode_Logic__46.smv,Timeout,300.14,290.15
Mode_Logic__47.smv,Timeout,300.14,290.13
Mode_Logic__48.smv,Timeout,300.12,290.14
Mode_Logic__49.smv,Timeout,300.14,290.16
Mode_Logic__5.smv,Timeout,300.12,290.18
Mode_Logic__50.smv,Timeout,300.12,290.14
Mode_Logic__51.smv,Timeout,300.14,290.15
Mode_Logic__52.smv,Timeout,300.14,290.13
Mode_Logic__53.smv,Timeout,300.13,290.16
Mode_Logic__54.smv,Timeout,300.12,290.13
Mode_Logic__55.smv,Timeout,300.14,290.14
Mode_Logic__56.smv,Timeout,300.14,290.17
Mode_Logic__57.smv,Timeout,300.12,290.16
Mode_Logic__58.smv,Timeout,300.12,290.13
Mode_Logic__59.smv,Timeout,300.12,290.13
Mode_Logic__6.smv,Timeout,300.12,290.12
Mode_Logic__60.smv,Timeout,300.13,290.13
Mode_Logic__61.smv,Timeout,300.12,290.15
Mode_Logic__62.smv,Timeout,300.14,290.14
Mode_Logic__63.smv,Timeout,300.14,290.16
Mode_Logic__64.smv,Timeout,300.13,290.14
Mode_Logic__65.smv,Timeout,300.14,290.15
Mode_Logic__66.smv,Timeout,300.13,290.17
Mode_Logic__67.smv,Timeout,300.14,290.16
Mode_Logic__68.smv,Timeout,300.13,290.16
Mode_Logic__69.smv,Timeout,300.13,290.14
Mode_Logic__7.smv,Timeout,300.15,290.16
Mode_Logic__70.smv,Timeout,300.13,290.12
Mode_Logic__71.smv,Timeout,300.13,290.15
Mode_Logic__72.smv,Timeout,300.13,290.11
Mode_Logic__73.smv,Timeout,300.14,290.14
Mode_Logic__74.smv,Timeout,300.12,290.17
Mode_Logic__75.smv,Timeout,300.13,290.12
Mode_Logic__76.smv,Timeout,300.14,290.12
Mode_Logic__77.smv,Timeout,300.13,290.16
Mode_Logic__78.smv,Timeout,300.14,290.15
Mode_Logic__79.smv,Timeout,300.14,290.17
Mode_Logic__8.smv,Timeout,300.12,290.17
Mode_Logic__80.smv,Timeout,300.14,290.17
Mode_Logic__81.smv,Timeout,300.14,290.14
Mode_Logic__82.smv,Timeout,300.14,290.13
Mode_Logic__83.smv,Timeout,300.13,290.16
Mode_Logic__84.smv,Timeout,300.13,290.12
Mode_Logic__85.smv,Timeout,300.14,290.17
Mode_Logic__86.smv,Timeout,300.14,290.12
Mode_Logic__87.smv,Timeout,300.14,290.15
Mode_Logic__88.smv,Timeout,300.14,290.14
Mode_Logic__89.smv,Timeout,300.14,290.17
Mode_Logic__9.smv,Timeout,300.14,290.12
Mode_Logic__90.smv,Timeout,300.13,290.15
Mode_Logic__91.smv,Timeout,300.13,290.17
Mode_Logic__92.smv,Timeout,300.14,290.16
Mode_Logic__93.smv,Timeout,300.14,290.17
Mode_Logic__94.smv,Timeout,300.14,290.16
Mode_Logic__95.smv,Timeout,300.14,290.15
Mode_Logic__96.smv,Timeout,300.14,290.12
Mode_Logic__97.smv,Timeout,300.14,290.16
Mode_Logic__98.smv,Timeout,300.13,290.16
Mode_Logic__99.smv,Timeout,300.13,290.16
Mode_Logic.smv,Timeout,300.14,290.16
MOESI_1_e2_982_e7_492.smv,Valid,0.11,0.08
MOESI_1_e3_1884_e7_1875.smv,Valid,0.11,0.08
MOESI_1.smv,Valid,0.1,0.08
MOESI_2_e1_1753_e1_1510.smv,Invalid,0.07,0.04
MOESI_2_e1_1753_e2_615.smv,Invalid,0.07,0.05
MOESI_2_e1_1753_e3_2021.smv,Invalid,0.24,0.21
MOESI_2_e1_1753.smv,Valid,0.07,0.05
MOESI_2_e2_155.smv,Valid,0.07,0.05
MOESI_2_e2_1599_e1_2383.smv,Invalid,0.07,0.04
MOESI_2_e2_1599_e2_1815.smv,Invalid,0.08,0.06
MOESI_2_e2_1599_e3_1658.smv,Invalid,0.13,0.11
MOESI_2_e2_1599_e8_1334.smv,Valid,0.08,0.06
MOESI_2_e3_929_e1_2319.smv,Invalid,0.07,0.05
MOESI_2_e3_929_e2_2421.smv,Invalid,0.07,0.05
MOESI_2_e3_929_e3_2294.smv,Invalid,0.13,0.1
MOESI_2_e3_929_e4_578.smv,Valid,0.08,0.06
MOESI_2_e3_929_e5_1826.smv,Valid,0.08,0.06
MOESI_2_e3_929_e6_2707.smv,Valid,0.07,0.05
MOESI_2_e3_929_e7_619.smv,Invalid,0.07,0.05
MOESI_2_e3_929_e8_1167.smv,Valid,0.07,0.05
MOESI_2_e3_929.smv,Valid,0.07,0.05
MOESI_2_e7_2607.smv,Invalid,0.06,0.04
MOESI_2_e7_2910_e1_1021.smv,Invalid,0.07,0.05
MOESI_2_e7_2910_e2_611.smv,Invalid,0.07,0.04
MOESI_2_e7_2910_e7_1804.smv,Invalid,0.07,0.05
MOESI_2_e8_101.smv,Valid,0.07,0.05
MOESI_2_e8_926_e1_1065.smv,Valid,0.08,0.05
MOESI_2_e8_926_e7_961.smv,Invalid,0.07,0.05
MOESI_2_e8_926_e8_2138.smv,Valid,0.07,0.06
MOESI_2.smv,Valid,0.08,0.05
MOESI_all_e3_2032_e3_2788.smv,Invalid,0.11,0.09
MOESI_all.smv,Valid,0.15,0.12
MultipleFanInToEventPort__1.smv,Valid,0.06,0.04
MultipleFanInToEventPort__2.smv,Valid,0.05,0.03
MultipleFanInToEventPort__3.smv,Valid,0.13,0.11
MultipleFanInToEventPort.smv,Valid,0.15,0.13
MultipleFanInToPort__1.smv,Valid,0.05,0.03
MultipleFanInToPort__2.smv,Valid,0.06,0.04
MultipleFanInToPort.smv,Valid,0.08,0.06
peterson_1_e7_4234.smv,Valid,0.14,0.12
peterson_1.smv,Valid,0.14,0.12
peterson_2.smv,Valid,0.15,0.13
peterson_3.smv,Valid,0.16,0.13
peterson_4.smv,Valid,0.14,0.12
peterson_all.smv,Valid,0.3,0.27
peterson_vt.smv,Invalid,8.88,8.85
PRODUCER_CONSUMER_1.smv,Valid,0.06,0.04
PRODUCER_CONSUMER_2.smv,Valid,0.06,0.03
PRODUCER_CONSUMER_3.smv,Valid,0.06,0.04
PRODUCER_CONSUMER_all.smv,Valid,0.06,0.04
PRODUCER_CONSUMER_vt_e2_1352.smv,Timeout,300.13,290.11
PRODUCER_CONSUMER_vt_e3_507.smv,Timeout,300.15,290.07
PRODUCER_CONSUMER_vt_e7_1059_e8_1111.smv,Timeout,300.12,290.11
PRODUCER_CONSUMER_vt.smv,Timeout,300.14,290.12
PRODUCER_CONSUMMER_luke_1.smv,Invalid,0.06,0.03
PRODUCER_CONSUMMER_luke_2_e7_1068_e8_1019.smv,Timeout,300.13,290.09
PRODUCER_CONSUMMER_luke_2.smv,Timeout,300.14,290.09
production_cell_e7_207_e7_41.smv,Invalid,0.05,0.03
production_cell_e7_207_e8_241.smv,Valid,0.08,0.06
production_cell_e7_21.smv,Invalid,0.06,0.03
production_cell_e8_6_e7_651.smv,Invalid,0.06,0.03
production_cell_e8_6_e8_427.smv,Invalid,0.08,0.06
production_cell_e8_6.smv,Valid,0.07,0.05
production_cell.smv,Valid,0.08,0.06
QuasiTest__1.smv,Valid,0.05,0.03
QuasiTest__10.smv,Valid,0.05,0.03
QuasiTest__2.smv,Valid,0.06,0.04
QuasiTest__3.smv,Valid,0.05,0.03
QuasiTest__4.smv,Valid,0.05,0.03
QuasiTest__5.smv,Valid,0.05,0.03
QuasiTest__6.smv,Valid,0.05,0.03
QuasiTest__7.smv,Valid,0.06,0.04
QuasiTest__8.smv,Valid,0.04,0.02
QuasiTest__9.smv,Valid,0.05,0.03
QuasiTest.smv,Valid,0.12,0.1
readwrit.smv,Valid,0.13,0.11
reconfiguration_large_bound.smv,Valid,218.44,218.37
reconfiguration_large.smv,Valid,211.53,211.43
reconfiguration_medium_bounds.smv,Valid,25.4,25.38
reconfiguration_medium.smv,Valid,17.23,17.21
reconfiguration_small_bounds.smv,Valid,9.61,9.59
reconfiguration_small.smv,Valid,8.54,8.51
relatedCounters_large_bounds.smv,Timeout,300.17,290.06
relatedCounters_large.smv,Timeout,300.17,290.12
relatedCounters_medium_bounds.smv,Valid,15.48,15.45
relatedCounters_medium.smv,Valid,12.21,12.19
relatedCounters_small_bounds.smv,Valid,0.43,0.42
relatedCounters_small.smv,Valid,0.39,0.37
rtp_1.smv,Valid,0.09,0.06
rtp_10_e7_106_e7_2564.smv,Valid,0.09,0.07
rtp_10.smv,Valid,0.09,0.07
rtp_2.smv,Valid,0.09,0.07
rtp_3.smv,Valid,0.08,0.06
rtp_4.smv,Valid,0.08,0.06
rtp_5_e7_3972.smv,Valid,0.08,0.07
rtp_5.smv,Valid,0.08,0.06
rtp_6.smv,Valid,0.07,0.06
rtp_7.smv,Valid,0.09,0.07
rtp_8.smv,Valid,0.09,0.07
rtp_9.smv,Valid,0.09,0.07
rtp_all_e7_2500.smv,Valid,0.28,0.25
rtp_all.smv,Valid,0.28,0.26
rtp_vt.smv,Valid,4.58,4.55
Sentinel__1.smv,Error,0.57,0.06
Sentinel__2.smv,Error,0.58,0.05
Sentinel__3.smv,Error,0.54,0.06
Sentinel.smv,Error,0.58,0.05
speed_e7_207_e7_538.smv,Valid,0.05,0.02
speed_e7_207_e8_507.smv,Valid,0.05,0.03
speed_e7_207.smv,Valid,0.04,0.03
speed_e8_649_e7_709.smv,Valid,0.04,0.02
speed_e8_649.smv,Valid,0.04,0.02
speed2_e7_223_e7_213.smv,Valid,0.07,0.05
speed2_e7_223_e8_329.smv,Valid,0.07,0.04
speed2_e7_496.smv,Valid,0.07,0.05
speed2_e8_449_e7_353.smv,Valid,0.07,0.04
speed2_e8_449_e8_517.smv,Valid,0.06,0.04
speed2_e8_449.smv,Valid,0.06,0.03
speed2.smv,Valid,0.06,0.04
stalmark_e7_27_e7_31.smv,Valid,0.04,0.02
stalmark_e7_27.smv,Valid,0.04,0.02
stalmark_e7_76.smv,Valid,0.05,0.03
stalmark_e8_48.smv,Invalid,0.04,0.02
stalmark_e8_64_e7_80.smv,Invalid,0.05,0.02
stalmark_e8_64_e8_207.smv,Invalid,0.04,0.02
stalmark.smv,Valid,0.04,0.02
steam_boiler_no_arr1_e4_23904_e4_2384.smv,Timeout,300.13,290.11
steam_boiler_no_arr1.smv,Timeout,300.16,290.13
steam_boiler_no_arr2_e1_17214_e5_18600.smv,Valid,0.06,0.04
steam_boiler_no_arr2_e3_514_e4_11150.smv,Valid,0.06,0.04
steam_boiler_no_arr2_e6_3003_e4_15091.smv,Valid,0.07,0.04
steam_boiler_no_arr2_e7_12307.smv,Valid,0.07,0.05
steam_boiler_no_arr2_e8_21449_e5_18210.smv,Valid,0.06,0.05
steam_boiler_no_arr2.smv,Valid,0.07,0.05
SW__1.smv,Valid,0.23,0.21
SW__2.smv,Valid,0.32,0.3
SW__3.smv,Valid,0.33,0.32
SW__4.smv,Valid,0.39,0.38
SW__5.smv,Valid,0.4,0.37
SW__6.smv,Valid,0.46,0.43
SW__7.smv,Valid,0.43,0.41
SW_1__1.smv,Valid,0.12,0.1
SW_1__2.smv,Invalid,0.14,0.12
SW_1__3.smv,Valid,0.14,0.12
SW_1__4.smv,Invalid,0.13,0.11
SW_1__5.smv,Valid,0.14,0.12
SW_1.smv,Invalid,0.29,0.27
SW_props_no_lits__1.smv,Timeout,0.69,0.06
SW_props_no_lits__2.smv,Timeout,0.74,0.05
SW_props_no_lits__3.smv,Timeout,0.05,0.01
SW_props_no_lits__4.smv,Timeout,0.68,0.05
SW_props_no_lits__5.smv,Timeout,0.07,0.01
SW_props_no_lits__6.smv,Timeout,0.73,0.06
SW_props_no_lits.smv,Timeout,0.74,0.05
SW.smv,Valid,1.69,1.67
SW2__1.smv,Valid,0.21,0.19
SW2__2.smv,Valid,0.32,0.28
SW2__3.smv,Valid,0.34,0.31
SW2__4.smv,Valid,0.33,0.31
SW2__5.smv,Valid,0.41,0.4
SW2__6.smv,Valid,0.42,0.4
SW2__7.smv,Valid,0.44,0.42
SW2__8.smv,Valid,0.46,0.44
SW2.smv,Valid,1.92,1.89
swimmingpool_1_e7_1621.smv,Invalid,0.2,0.17
swimmingpool_1.smv,Invalid,1.44,1.42
swimmingpool_2.smv,Invalid,0.07,0.05
swimmingpool_3.smv,Invalid,0.12,0.09
swimmingpool_4_e7_2197.smv,Invalid,0.19,0.17
swimmingpool_4.smv,Invalid,0.17,0.15
swimmingpool_5.smv,Invalid,0.21,0.19
swimmingpool_6_e7_10_e7_341.smv,Invalid,0.84,0.82
swimmingpool_6_e7_399.smv,Invalid,0.46,0.43
swimmingpool_6.smv,Invalid,0.44,0.42
swimmingpool_7.smv,Invalid,1.13,1.1
swimmingpool_8.smv,Invalid,4.78,4.76
swimmingpool_9.smv,Invalid,8.98,8.96
switch.smv,Invalid,0.05,0.03
switch2.smv,Invalid,0.05,0.03
SYNAPSE_1.smv,Valid,0.05,0.04
SYNAPSE_123_e2_1653.smv,Invalid,0.06,0.04
SYNAPSE_123_e3_302_e1_1141.smv,Invalid,0.13,0.1
SYNAPSE_123_e3_302.smv,Invalid,0.16,0.14
SYNAPSE_123_e7_837_e2_1394.smv,Invalid,0.06,0.04
SYNAPSE_123_e7_837_e3_135.smv,Invalid,0.17,0.15
SYNAPSE_123_e7_837_e7_1262.smv,Valid,0.1,0.07
SYNAPSE_123_e7_856.smv,Valid,0.1,0.08
SYNAPSE_123_e8_953_e1_1128.smv,Invalid,0.06,0.04
SYNAPSE_123_e8_953_e2_458.smv,Invalid,0.07,0.04
SYNAPSE_123_e8_953_e3_271.smv,Invalid,0.13,0.1
SYNAPSE_123_e8_953_e7_1465.smv,Valid,0.1,0.08
SYNAPSE_123_e8_953_e8_941.smv,Valid,0.1,0.08
SYNAPSE_123_e8_953.smv,Valid,0.1,0.07
SYNAPSE_123.smv,Valid,0.1,0.07
SYNAPSE_2_e1_1239_e1_1331.smv,Invalid,0.07,0.04
SYNAPSE_2_e1_1239_e2_74.smv,Invalid,0.06,0.04
SYNAPSE_2_e1_1239.smv,Invalid,0.06,0.04
SYNAPSE_2_e3_216.smv,Invalid,0.11,0.09
SYNAPSE_2_e8_1118_e1_667.smv,Invalid,0.06,0.04
SYNAPSE_2_e8_1118_e2_237.smv,Invalid,0.06,0.04
SYNAPSE_2_e8_1118_e3_1216.smv,Invalid,0.14,0.1
SYNAPSE_2_e8_1118_e7_1043.smv,Valid,0.06,0.04
SYNAPSE_2_e8_1118_e8_1177.smv,Valid,0.06,0.04
SYNAPSE_2_e8_656.smv,Valid,0.06,0.03
SYNAPSE_2.smv,Valid,0.05,0.03
SYNAPSE_3_e1_1416_e1_1675.smv,Invalid,0.06,0.04
SYNAPSE_3_e1_1416_e2_753.smv,Invalid,0.06,0.04
SYNAPSE_3_e1_1416_e3_1191.smv,Invalid,0.06,0.04
SYNAPSE_3_e1_1416_e7_193.smv,Invalid,0.06,0.04
SYNAPSE_3_e1_1416.smv,Invalid,0.06,0.04
SYNAPSE_3_e3_1041.smv,Invalid,0.13,0.11
SYNAPSE_3_e7_1444_e7_638.smv,Valid,0.09,0.07
SYNAPSE_3_e7_425.smv,Valid,0.08,0.05
SYNAPSE_3_e8_1329_e1_1270.smv,Invalid,0.06,0.04
SYNAPSE_3_e8_1329_e2_236.smv,Invalid,0.06,0.04
SYNAPSE_3_e8_1329_e3_421.smv,Invalid,0.12,0.1
SYNAPSE_3_e8_1329_e7_1062.smv,Valid,0.07,0.05
SYNAPSE_3_e8_1329_e8_320.smv,Valid,0.08,0.06
SYNAPSE_3_e8_1708.smv,Valid,0.08,0.06
SYNAPSE_3.smv,Valid,0.08,0.05
SYNAPSE_4_e8_420_e7_572.smv,Valid,0.07,0.05
SYNAPSE_4_e8_420_e8_1525.smv,Valid,0.08,0.06
SYNAPSE_4_e8_974.smv,Valid,0.08,0.06
SYNAPSE_4.smv,Valid,0.08,0.07
SYNAPSE_5_e1_811_e1_823.smv,Invalid,0.13,0.1
SYNAPSE_5_e1_811_e2_1026.smv,Invalid,0.13,0.1
SYNAPSE_5_e1_811.smv,Invalid,0.13,0.11
SYNAPSE_5_e2_1525.smv,Valid,0.23,0.22
SYNAPSE_5.smv,Valid,0.32,0.3
SYNAPSE_6_e2_1439_e1_954.smv,Valid,0.17,0.15
SYNAPSE_6_e3_1666_e5_1558.smv,Valid,0.73,0.7
SYNAPSE_6_e7_938_e2_1012.smv,Valid,0.23,0.21
SYNAPSE_6_e8_1147_e2_1326.smv,Valid,0.17,0.15
SYNAPSE_6.smv,Valid,0.16,0.14
SYNAPSE_all_e3_1750.smv,Invalid,0.18,0.15
SYNAPSE_all_e3_1864_e3_495.smv,Invalid,0.18,0.15
SYNAPSE_all_e3_1864_e4_34.smv,Invalid,0.06,0.04
SYNAPSE_all_e3_1864_e5_1637.smv,Invalid,0.07,0.05
SYNAPSE_all_e3_1864_e7_251.smv,Invalid,0.13,0.11
SYNAPSE_all_e7_907_e7_1363.smv,Valid,0.09,0.08
SYNAPSE_all_e7_907.smv,Valid,0.1,0.07
SYNAPSE_all_e8_251_e1_1852.smv,Invalid,0.06,0.04
SYNAPSE_all_e8_251_e2_1053.smv,Invalid,0.06,0.05
SYNAPSE_all_e8_251_e3_1472.smv,Invalid,0.14,0.12
SYNAPSE_all_e8_251.smv,Valid,0.1,0.08
SYNAPSE_all.smv,Valid,0.1,0.08
SYNAPSE_i1.smv,Invalid,0.06,0.04
TaxiNet__1.smv,Valid,0.05,0.03
TaxiNet__2.smv,Valid,0.05,0.03
TaxiNet.smv,Valid,0.06,0.04
Thermostat__1.smv,Valid,0.07,0.05
Thermostat__10.smv,Valid,0.11,0.09
Thermostat__11.smv,Valid,0.08,0.06
Thermostat__12.smv,Valid,0.07,0.05
Thermostat__13.smv,Valid,0.08,0.07
Thermostat__14.smv,Valid,0.07,0.06
Thermostat__15.smv,Valid,0.07,0.05
Thermostat__16.smv,Valid,0.11,0.09
Thermostat__17.smv,Valid,0.09,0.07
Thermostat__18.smv,Valid,0.1,0.07
Thermostat__19.smv,Valid,0.1,0.07
Thermostat__2.smv,Valid,0.08,0.07
Thermostat__3.smv,Valid,0.08,0.06
Thermostat__4.smv,Valid,0.07,0.04
Thermostat__5.smv,Valid,0.06,0.04
Thermostat__6.smv,Valid,0.07,0.05
Thermostat__7.smv,Valid,0.07,0.05
Thermostat__8.smv,Valid,0.08,0.06
Thermostat__9.smv,Valid,0.1,0.09
Thermostat.smv,Valid,0.42,0.4
ticket3i_1_e7_1669.smv,Valid,0.11,0.09
ticket3i_1.smv,Valid,0.1,0.08
ticket3i_2.smv,Valid,0.09,0.07
ticket3i_3_e7_1312_e7_1495.smv,Invalid,0.08,0.06
ticket3i_3_e7_1312_e8_1916.smv,Valid,0.11,0.09
ticket3i_3_e7_99.smv,Invalid,0.08,0.06
ticket3i_3_e8_1703_e7_3491.smv,Invalid,0.08,0.05
ticket3i_3_e8_1703_e8_2560.smv,Valid,0.09,0.07
ticket3i_3_e8_1703.smv,Valid,0.09,0.07
ticket3i_3.smv,Valid,0.12,0.1
ticket3i_4_e7_1775_e7_3320.smv,Valid,0.09,0.07
ticket3i_4.smv,Valid,0.09,0.07
ticket3i_5_e7_3307.smv,Valid,0.09,0.07
ticket3i_5.smv,Valid,0.1,0.07
ticket3i_6_e7_1096_e7_2688.smv,Valid,0.1,0.08
ticket3i_6.smv,Valid,0.09,0.06
ticket3i_7_e1_2192_e1_1852.smv,Valid,0.15,0.13
ticket3i_7_e2_2724_e7_524.smv,Valid,0.15,0.13
ticket3i_7_e3_59_e7_2122.smv,Valid,0.15,0.13
ticket3i_7_e7_3176_e1_2924.smv,Valid,0.17,0.15
ticket3i_7_e7_3176.smv,Valid,0.17,0.16
ticket3i_7_e8_2126_e7_78.smv,Valid,0.16,0.14
ticket3i_7.smv,Valid,0.14,0.12
ticket3i_all_e1_2706_e7_1776.smv,Valid,0.15,0.13
ticket3i_all_e2_1117_e7_553.smv,Valid,0.16,0.14
ticket3i_all_e3_557_e7_3464.smv,Valid,0.16,0.14
ticket3i_all_e7_591.smv,Valid,0.16,0.14
ticket3i_all_e8_505_e7_2450.smv,Valid,0.17,0.15
ticket3i_all.smv,Valid,0.16,0.14
TopLevel_v6__1.smv,Valid,0.34,0.32
TopLevel_v6__2.smv,Valid,3.71,3.69
TopLevel_v6__3.smv,Valid,33,32.98
TopLevel_v6__4.smv,Valid,32.98,32.95
TopLevel_v6__5.smv,Valid,3.14,3.13
TopLevel_v6__6.smv,Valid,4.45,4.42
TopLevel_v6__7.smv,Valid,25.11,25.08
TopLevel_v6__8.smv,Valid,9.69,9.66
TopLevel_v6__9.smv,Valid,3.41,3.4
TopLevel_v6.smv,Valid,114.58,114.55
TopSystem__1.smv,Valid,0.06,0.04
TopSystem__2.smv,Valid,0.05,0.03
TopSystem.smv,Valid,0.05,0.03
traffic_e7_46_e7_171.smv,Invalid,0.05,0.03
traffic_e7_46.smv,Invalid,0.05,0.03
traffic.smv,Valid,0.06,0.04
tramway_e7_1834_e7_2363.smv,Valid,0.06,0.03
tramway_e7_1834_e8_3192.smv,Valid,0.11,0.09
tramway_e7_1834.smv,Valid,0.06,0.03
tramway.smv,Valid,0.11,0.08
triplexVoter_bounds.smv,Valid,0.15,0.13
triplexVoter_str.smv,Valid,0.2,0.18
triplexVoter.smv,Valid,0.11,0.09
twisted_counters.smv,Valid,0.13,0.11
two_counters_e1_268.smv,Invalid,0.05,0.03
two_counters_e2_3.smv,Invalid,0.05,0.03
two_counters_e3_325.smv,Invalid,0.05,0.03
two_counters_e7_222.smv,Invalid,0.05,0.03
two_counters.smv,Valid,0.09,0.06
ums_e7_1700.smv,Invalid,0.28,0.26
ums_e8_1032.smv,Valid,0.08,0.06
ums.smv,Valid,0.08,0.05
Uptane__1.smv,Valid,0.05,0.03
Uptane__10.smv,Valid,0.05,0.04
Uptane__2.smv,Valid,0.06,0.03
Uptane__3.smv,Valid,0.05,0.03
Uptane__4.smv,Valid,0.05,0.03
Uptane__5.smv,Valid,0.05,0.03
Uptane__6.smv,Valid,0.05,0.03
Uptane__7.smv,Valid,0.06,0.04
Uptane__8.smv,Valid,0.05,0.03
Uptane__9.smv,Valid,0.05,0.03
Uptane.smv,Valid,0.05,0.03
WBS__1.smv,Valid,0.16,0.14
WBS__10.smv,Valid,0.64,0.62
WBS__11.smv,Valid,0.64,0.61
WBS__12.smv,Valid,0.62,0.6
WBS__13.smv,Valid,0.66,0.64
WBS__14.smv,Valid,0.64,0.62
WBS__15.smv,Valid,0.71,0.68
WBS__16.smv,Valid,0.63,0.61
WBS__17.smv,Valid,0.34,0.32
WBS__18.smv,Valid,0.34,0.32
WBS__19.smv,Valid,0.34,0.32
WBS__2.smv,Valid,0.15,0.13
WBS__20.smv,Valid,0.35,0.32
WBS__21.smv,Valid,0.36,0.34
WBS__22.smv,Valid,0.34,0.32
WBS__23.smv,Valid,0.35,0.32
WBS__24.smv,Valid,0.28,0.26
WBS__25.smv,Valid,0.34,0.32
WBS__26.smv,Valid,0.34,0.32
WBS__27.smv,Valid,0.34,0.31
WBS__28.smv,Valid,0.35,0.32
WBS__29.smv,Valid,0.34,0.33
WBS__3.smv,Valid,0.8,0.77
WBS__30.smv,Valid,0.35,0.33
WBS__31.smv,Valid,0.35,0.33
WBS__32.smv,Valid,0.35,0.33
WBS__4.smv,Valid,0.34,0.32
WBS__5.smv,Valid,0.3,0.28
WBS__6.smv,Valid,0.38,0.36
WBS__7.smv,Valid,0.63,0.61
WBS__8.smv,Valid,0.67,0.64
WBS__9.smv,Valid,0.63,0.6
WBS.smv,Valid,10.24,10.23
XyzToyDos__1.smv,Valid,0.06,0.03
XyzToyDos__2.smv,Valid,0.08,0.05
XyzToyDos__3.smv,Valid,0.08,0.07
XyzToyDos__4.smv,Valid,0.09,0.07
XyzToyDos__5.smv,Valid,0.06,0.05
XyzToyDos.smv,Valid,0.17,0.15